level,id,citation,name,parent_title,parent_title_name,parent_chapter,url
Code,,TMC,Topeka Municipal Code (root),,,,https://topeka.municipal.codes/TMC
Index,contents,Contents,Full table of contents,,,,https://topeka.municipal.codes/TMC/contents
Title,1,1,Title 1 General Provisions,1,Title 1 General Provisions,,https://topeka.municipal.codes/TMC/1
Chapter,1.05,1.05,Code Adoption,1,Title 1 General Provisions,,https://topeka.municipal.codes/TMC/1.05
Section,1.05.010,1.05.010,Code adoption.,1,Title 1 General Provisions,1.05,https://topeka.municipal.codes/TMC/1.05.010
Chapter,1.10,1.10,General Provisions,1,Title 1 General Provisions,,https://topeka.municipal.codes/TMC/1.10
Section,1.10.010,1.10.010,Designation and citation of code.,1,Title 1 General Provisions,1.10,https://topeka.municipal.codes/TMC/1.10.010
Section,1.10.020,1.10.020,Definitions and rules of construction.,1,Title 1 General Provisions,1.10,https://topeka.municipal.codes/TMC/1.10.020
Section,1.10.030,1.10.030,Catchlines or headings of sections.,1,Title 1 General Provisions,1.10,https://topeka.municipal.codes/TMC/1.10.030
Section,1.10.040,1.10.040,Parenthetical and reference matter.,1,Title 1 General Provisions,1.10,https://topeka.municipal.codes/TMC/1.10.040
Section,1.10.050,1.10.050,Amendments to code.,1,Title 1 General Provisions,1.10,https://topeka.municipal.codes/TMC/1.10.050
Section,1.10.060,1.10.060,Supplementation of code.,1,Title 1 General Provisions,1.10,https://topeka.municipal.codes/TMC/1.10.060
Section,1.10.070,1.10.070,General penalty – Continuing violations.,1,Title 1 General Provisions,1.10,https://topeka.municipal.codes/TMC/1.10.070
Section,1.10.080,1.10.080,Severability of parts of code.,1,Title 1 General Provisions,1.10,https://topeka.municipal.codes/TMC/1.10.080
Section,1.10.090,1.10.090,Miscellaneous ordinances not affected by code.,1,Title 1 General Provisions,1.10,https://topeka.municipal.codes/TMC/1.10.090
Section,1.10.100,1.10.100,Provisions considered as continuation of existing ordinances.,1,Title 1 General Provisions,1.10,https://topeka.municipal.codes/TMC/1.10.100
Section,1.10.110,1.10.110,"Code does not affect prior offenses, rights, etc.",1,Title 1 General Provisions,1.10,https://topeka.municipal.codes/TMC/1.10.110
Title,2,2,Title 2 Administration and Personnel,2,Title 2 Administration and Personnel,,https://topeka.municipal.codes/TMC/2
Division,2_Div1,2 Div. 1,Division 1. Administration and Officers,2,Title 2 Administration and Personnel,,https://topeka.municipal.codes/TMC/2_Div1
Chapter,2.05,2.05,Seal and Crest,2,Title 2 Administration and Personnel,,https://topeka.municipal.codes/TMC/2.05
Section,2.05.010,2.05.010,Corporate seal.,2,Title 2 Administration and Personnel,2.05,https://topeka.municipal.codes/TMC/2.05.010
Section,2.05.020,2.05.020,Official crest.,2,Title 2 Administration and Personnel,2.05,https://topeka.municipal.codes/TMC/2.05.020
Section,2.05.030,2.05.030,Unauthorized use of corporate seal and City crest.,2,Title 2 Administration and Personnel,2.05,https://topeka.municipal.codes/TMC/2.05.030
Chapter,2.10,2.10,City Records,2,Title 2 Administration and Personnel,,https://topeka.municipal.codes/TMC/2.10
Article,2.10_ArtI,2.10 Art. I,Article I. Photographs of Records,2,Title 2 Administration and Personnel,2.10,https://topeka.municipal.codes/TMC/2.10_ArtI
Section,2.10.010,2.10.010,Records to be photographed.,2,Title 2 Administration and Personnel,2.10,https://topeka.municipal.codes/TMC/2.10.010
Section,2.10.020,2.10.020,File of photographs – Destruction of original records.,2,Title 2 Administration and Personnel,2.10,https://topeka.municipal.codes/TMC/2.10.020
Article,2.10_ArtII,2.10 Art. II,Article II. Public Records,2,Title 2 Administration and Personnel,2.10,https://topeka.municipal.codes/TMC/2.10_ArtII
Section,2.10.030,2.10.030,Policy.,2,Title 2 Administration and Personnel,2.10,https://topeka.municipal.codes/TMC/2.10.030
Section,2.10.040,2.10.040,Appointment of official custodian.,2,Title 2 Administration and Personnel,2.10,https://topeka.municipal.codes/TMC/2.10.040
Section,2.10.050,2.10.050,Public request for access.,2,Title 2 Administration and Personnel,2.10,https://topeka.municipal.codes/TMC/2.10.050
Section,2.10.060,2.10.060,Facilities for public inspection.,2,Title 2 Administration and Personnel,2.10,https://topeka.municipal.codes/TMC/2.10.060
Section,2.10.070,2.10.070,Procedures for inspection.,2,Title 2 Administration and Personnel,2.10,https://topeka.municipal.codes/TMC/2.10.070
Section,2.10.080,2.10.080,Duties of custodian.,2,Title 2 Administration and Personnel,2.10,https://topeka.municipal.codes/TMC/2.10.080
Section,2.10.090,2.10.090,Requests to be directed to custodian.,2,Title 2 Administration and Personnel,2.10,https://topeka.municipal.codes/TMC/2.10.090
Section,2.10.100,2.10.100,Fee administration.,2,Title 2 Administration and Personnel,2.10,https://topeka.municipal.codes/TMC/2.10.100
Section,2.10.110,2.10.110,Inspection and search fee.,2,Title 2 Administration and Personnel,2.10,https://topeka.municipal.codes/TMC/2.10.110
Section,2.10.120,2.10.120,Copying and other fees.,2,Title 2 Administration and Personnel,2.10,https://topeka.municipal.codes/TMC/2.10.120
Section,2.10.130,2.10.130,Payment of fees.,2,Title 2 Administration and Personnel,2.10,https://topeka.municipal.codes/TMC/2.10.130
Chapter,2.15,2.15,City Council – Mayor,2,Title 2 Administration and Personnel,,https://topeka.municipal.codes/TMC/2.15
Section,2.15.010,2.15.010,Compensation.,2,Title 2 Administration and Personnel,2.15,https://topeka.municipal.codes/TMC/2.15.010
Section,2.15.020,2.15.020,Time of Governing Body meetings – To be open to the public.,2,Title 2 Administration and Personnel,2.15,https://topeka.municipal.codes/TMC/2.15.020
Section,2.15.030,2.15.030,Preparation of agenda.,2,Title 2 Administration and Personnel,2.15,https://topeka.municipal.codes/TMC/2.15.030
Section,2.15.040,2.15.040,Adding items.,2,Title 2 Administration and Personnel,2.15,https://topeka.municipal.codes/TMC/2.15.040
Section,2.15.050,2.15.050,Ordinances and resolutions.,2,Title 2 Administration and Personnel,2.15,https://topeka.municipal.codes/TMC/2.15.050
Section,2.15.060,2.15.060,Financial impact statement – When required.,2,Title 2 Administration and Personnel,2.15,https://topeka.municipal.codes/TMC/2.15.060
Section,2.15.070,2.15.070,Veto procedures.,2,Title 2 Administration and Personnel,2.15,https://topeka.municipal.codes/TMC/2.15.070
Section,2.15.080,2.15.080,Filling of vacancies in the office of Mayor or Councilmember.,2,Title 2 Administration and Personnel,2.15,https://topeka.municipal.codes/TMC/2.15.080
Section,2.15.090,2.15.090,Council districts.,2,Title 2 Administration and Personnel,2.15,https://topeka.municipal.codes/TMC/2.15.090
Section,2.15.100,2.15.100,"City Manager – Goals, objectives and evaluation.",2,Title 2 Administration and Personnel,2.15,https://topeka.municipal.codes/TMC/2.15.100
Section,2.15.110,2.15.110,Reimbursements for official travel and related expenses – Governing Body members.,2,Title 2 Administration and Personnel,2.15,https://topeka.municipal.codes/TMC/2.15.110
Section,2.15.120,2.15.120,Terms of office – Commencement.,2,Title 2 Administration and Personnel,2.15,https://topeka.municipal.codes/TMC/2.15.120
Chapter,2.20,2.20,Departments Created – Established Positions,2,Title 2 Administration and Personnel,,https://topeka.municipal.codes/TMC/2.20
Section,2.20.010,2.20.010,Executive Department.,2,Title 2 Administration and Personnel,2.20,https://topeka.municipal.codes/TMC/2.20.010
Section,2.20.020,2.20.020,Administrative and Financial Services Department.,2,Title 2 Administration and Personnel,2.20,https://topeka.municipal.codes/TMC/2.20.020
Section,2.20.030,2.20.030,Fire Department.,2,Title 2 Administration and Personnel,2.20,https://topeka.municipal.codes/TMC/2.20.030
Section,2.20.040,2.20.040,Human Resources Department.,2,Title 2 Administration and Personnel,2.20,https://topeka.municipal.codes/TMC/2.20.040
Section,2.20.050,2.20.050,Information Technology Department.,2,Title 2 Administration and Personnel,2.20,https://topeka.municipal.codes/TMC/2.20.050
Section,2.20.060,2.20.060,Judicial Department.,2,Title 2 Administration and Personnel,2.20,https://topeka.municipal.codes/TMC/2.20.060
Section,2.20.070,2.20.070,Legal Department.,2,Title 2 Administration and Personnel,2.20,https://topeka.municipal.codes/TMC/2.20.070
Section,2.20.080,2.20.080,Planning and Development Department.,2,Title 2 Administration and Personnel,2.20,https://topeka.municipal.codes/TMC/2.20.080
Section,2.20.090,2.20.090,Police Department.,2,Title 2 Administration and Personnel,2.20,https://topeka.municipal.codes/TMC/2.20.090
Section,2.20.091,2.20.091,Repealed.,2,Title 2 Administration and Personnel,2.20,https://topeka.municipal.codes/TMC/2.20.091
Section,2.20.092,2.20.092,Repealed.,2,Title 2 Administration and Personnel,2.20,https://topeka.municipal.codes/TMC/2.20.092
Section,2.20.100,2.20.100,Public Works Department.,2,Title 2 Administration and Personnel,2.20,https://topeka.municipal.codes/TMC/2.20.100
Section,2.20.110,2.20.110,Utilities Department.,2,Title 2 Administration and Personnel,2.20,https://topeka.municipal.codes/TMC/2.20.110
Section,2.20.120,2.20.120,Repealed.,2,Title 2 Administration and Personnel,2.20,https://topeka.municipal.codes/TMC/2.20.120
Section,2.20.130,2.20.130,Repealed.,2,Title 2 Administration and Personnel,2.20,https://topeka.municipal.codes/TMC/2.20.130
Chapter,2.25,2.25,Community Development,2,Title 2 Administration and Personnel,,https://topeka.municipal.codes/TMC/2.25
Section,2.25.010,2.25.010,Definitions.,2,Title 2 Administration and Personnel,2.25,https://topeka.municipal.codes/TMC/2.25.010
Section,2.25.020,2.25.020,Division of Housing Services.,2,Title 2 Administration and Personnel,2.25,https://topeka.municipal.codes/TMC/2.25.020
Section,2.25.040,2.25.040,Citizen Advisory Council.,2,Title 2 Administration and Personnel,2.25,https://topeka.municipal.codes/TMC/2.25.040
Section,2.25.050,2.25.050,Neighborhood improvement associations.,2,Title 2 Administration and Personnel,2.25,https://topeka.municipal.codes/TMC/2.25.050
Section,2.25.060,2.25.060,Neighborhood improvement association districts.,2,Title 2 Administration and Personnel,2.25,https://topeka.municipal.codes/TMC/2.25.060
Section,2.25.070,2.25.070,Topeka housing trust fund.,2,Title 2 Administration and Personnel,2.25,https://topeka.municipal.codes/TMC/2.25.070
Section,2.25.080,2.25.080,Repealed.,2,Title 2 Administration and Personnel,2.25,https://topeka.municipal.codes/TMC/2.25.080
Section,2.25.090,2.25.090,Programs and targeting of resources.,2,Title 2 Administration and Personnel,2.25,https://topeka.municipal.codes/TMC/2.25.090
Section,2.25.100,2.25.100,Program costs and administrative fees.,2,Title 2 Administration and Personnel,2.25,https://topeka.municipal.codes/TMC/2.25.100
Section,2.25.110,2.25.110,"Application of Federal, State and local laws or ordinances.",2,Title 2 Administration and Personnel,2.25,https://topeka.municipal.codes/TMC/2.25.110
Section,2.25.120,2.25.120,Repealed.,2,Title 2 Administration and Personnel,2.25,https://topeka.municipal.codes/TMC/2.25.120
Chapter,2.30,2.30,Fire Department,2,Title 2 Administration and Personnel,,https://topeka.municipal.codes/TMC/2.30
Section,2.30.010,2.30.010,Fire Chief – Authority at fires.,2,Title 2 Administration and Personnel,2.30,https://topeka.municipal.codes/TMC/2.30.010
Section,2.30.020,2.30.020,Fire Chief – Authority over subordinate officers and employees.,2,Title 2 Administration and Personnel,2.30,https://topeka.municipal.codes/TMC/2.30.020
Section,2.30.030,2.30.030,Records and reports.,2,Title 2 Administration and Personnel,2.30,https://topeka.municipal.codes/TMC/2.30.030
Section,2.30.035,2.30.035,Compulsory retirement.,2,Title 2 Administration and Personnel,2.30,https://topeka.municipal.codes/TMC/2.30.035
Chapter,2.35,2.35,Law Enforcement,2,Title 2 Administration and Personnel,,https://topeka.municipal.codes/TMC/2.35
Article,2.35_ArtI,2.35 Art. I,Article I. Police Department,2,Title 2 Administration and Personnel,2.35,https://topeka.municipal.codes/TMC/2.35_ArtI
Section,2.35.010,2.35.010,"Commission, badge, oath.",2,Title 2 Administration and Personnel,2.35,https://topeka.municipal.codes/TMC/2.35.010
Section,2.35.020,2.35.020,Docket – Jail calendar.,2,Title 2 Administration and Personnel,2.35,https://topeka.municipal.codes/TMC/2.35.020
Section,2.35.030,2.35.030,Police badge to officer on retirement.,2,Title 2 Administration and Personnel,2.35,https://topeka.municipal.codes/TMC/2.35.030
Section,2.35.035,2.35.035,Compulsory retirement.,2,Title 2 Administration and Personnel,2.35,https://topeka.municipal.codes/TMC/2.35.035
Article,2.35_ArtII,2.35 Art. II,Article II. Capital Area Major Case Squad,2,Title 2 Administration and Personnel,2.35,https://topeka.municipal.codes/TMC/2.35_ArtII
Section,2.35.040,2.35.040,Authorization.,2,Title 2 Administration and Personnel,2.35,https://topeka.municipal.codes/TMC/2.35.040
Section,2.35.050,2.35.050,Purpose.,2,Title 2 Administration and Personnel,2.35,https://topeka.municipal.codes/TMC/2.35.050
Section,2.35.060,2.35.060,Composition.,2,Title 2 Administration and Personnel,2.35,https://topeka.municipal.codes/TMC/2.35.060
Section,2.35.070,2.35.070,Personnel.,2,Title 2 Administration and Personnel,2.35,https://topeka.municipal.codes/TMC/2.35.070
Section,2.35.080,2.35.080,Equipment.,2,Title 2 Administration and Personnel,2.35,https://topeka.municipal.codes/TMC/2.35.080
Section,2.35.090,2.35.090,Payment for expenses.,2,Title 2 Administration and Personnel,2.35,https://topeka.municipal.codes/TMC/2.35.090
Article,2.35_ArtIII,2.35 Art. III,Article III. Confidential Police Investigation Fund,2,Title 2 Administration and Personnel,2.35,https://topeka.municipal.codes/TMC/2.35_ArtIII
Section,2.35.100,2.35.100,Establishment.,2,Title 2 Administration and Personnel,2.35,https://topeka.municipal.codes/TMC/2.35.100
Section,2.35.110,2.35.110,Funding.,2,Title 2 Administration and Personnel,2.35,https://topeka.municipal.codes/TMC/2.35.110
Section,2.35.120,2.35.120,Maximum amount expended.,2,Title 2 Administration and Personnel,2.35,https://topeka.municipal.codes/TMC/2.35.120
Section,2.35.130,2.35.130,Responsibility of Chief of Police.,2,Title 2 Administration and Personnel,2.35,https://topeka.municipal.codes/TMC/2.35.130
Section,2.35.140,2.35.140,Bonding of employees.,2,Title 2 Administration and Personnel,2.35,https://topeka.municipal.codes/TMC/2.35.140
Section,2.35.150,2.35.150,Records.,2,Title 2 Administration and Personnel,2.35,https://topeka.municipal.codes/TMC/2.35.150
Article,2.35_ArtIV,2.35 Art. IV,Article IV. Execution of Search Warrants,2,Title 2 Administration and Personnel,2.35,https://topeka.municipal.codes/TMC/2.35_ArtIV
Section,2.35.160,2.35.160,Definitions.,2,Title 2 Administration and Personnel,2.35,https://topeka.municipal.codes/TMC/2.35.160
Section,2.35.170,2.35.170,Execution of search warrants.,2,Title 2 Administration and Personnel,2.35,https://topeka.municipal.codes/TMC/2.35.170
Section,2.35.180,2.35.180,Use of no-knock warrant banned.,2,Title 2 Administration and Personnel,2.35,https://topeka.municipal.codes/TMC/2.35.180
Section,2.35.190,2.35.190,Complaints.,2,Title 2 Administration and Personnel,2.35,https://topeka.municipal.codes/TMC/2.35.190
Chapter,2.40,2.40,Municipal Court,2,Title 2 Administration and Personnel,,https://topeka.municipal.codes/TMC/2.40
Article,2.40_ArtI,2.40 Art. I,Article I. Generally,2,Title 2 Administration and Personnel,2.40,https://topeka.municipal.codes/TMC/2.40_ArtI
Section,2.40.010,2.40.010,Court costs and fees.,2,Title 2 Administration and Personnel,2.40,https://topeka.municipal.codes/TMC/2.40.010
Article,2.40_ArtII,2.40 Art. II,Article II. Code of Procedure for Municipal Court,2,Title 2 Administration and Personnel,2.40,https://topeka.municipal.codes/TMC/2.40_ArtII
Section,2.40.020,2.40.020,Title.,2,Title 2 Administration and Personnel,2.40,https://topeka.municipal.codes/TMC/2.40.020
Section,2.40.030,2.40.030,Scope.,2,Title 2 Administration and Personnel,2.40,https://topeka.municipal.codes/TMC/2.40.030
Section,2.40.040,2.40.040,Intent – Construction – Procedure not provided – Liability for legal entities.,2,Title 2 Administration and Personnel,2.40,https://topeka.municipal.codes/TMC/2.40.040
Section,2.40.050,2.40.050,Municipal Court – Jurisdiction.,2,Title 2 Administration and Personnel,2.40,https://topeka.municipal.codes/TMC/2.40.050
Section,2.40.060,2.40.060,Municipal Judge – Appointment – Qualifications – Compensation.,2,Title 2 Administration and Personnel,2.40,https://topeka.municipal.codes/TMC/2.40.060
Section,2.40.070,2.40.070,Municipal Judge – Powers and duties.,2,Title 2 Administration and Personnel,2.40,https://topeka.municipal.codes/TMC/2.40.070
Section,2.40.080,2.40.080,Municipal Judge – Absence – Vacancy – Pro tem.,2,Title 2 Administration and Personnel,2.40,https://topeka.municipal.codes/TMC/2.40.080
Section,2.40.090,2.40.090,Clerk of the Municipal Court – Appointment – Powers and duties – Execution of bond.,2,Title 2 Administration and Personnel,2.40,https://topeka.municipal.codes/TMC/2.40.090
Section,2.40.100,2.40.100,"Municipal Court – Courtroom, supplies, records – Sessions, time, place.",2,Title 2 Administration and Personnel,2.40,https://topeka.municipal.codes/TMC/2.40.100
Section,2.40.110,2.40.110,City Attorney to prosecute.,2,Title 2 Administration and Personnel,2.40,https://topeka.municipal.codes/TMC/2.40.110
Section,2.40.120,2.40.120,Law enforcement officers – Employment – Powers.,2,Title 2 Administration and Personnel,2.40,https://topeka.municipal.codes/TMC/2.40.120
Section,2.40.130,2.40.130,Definitions.,2,Title 2 Administration and Personnel,2.40,https://topeka.municipal.codes/TMC/2.40.130
Section,2.40.140,2.40.140,Performance of marriage ceremonies by Municipal Judge – Disposition of honorariums.,2,Title 2 Administration and Personnel,2.40,https://topeka.municipal.codes/TMC/2.40.140
Section,2.40.150,2.40.150,Commencement of prosecution.,2,Title 2 Administration and Personnel,2.40,https://topeka.municipal.codes/TMC/2.40.150
Section,2.40.160,2.40.160,Complaint – Requirements – Form.,2,Title 2 Administration and Personnel,2.40,https://topeka.municipal.codes/TMC/2.40.160
Section,2.40.170,2.40.170,Complaint – How used – Issuance of warrant – Refusal to issue – Effect.,2,Title 2 Administration and Personnel,2.40,https://topeka.municipal.codes/TMC/2.40.170
Section,2.40.180,2.40.180,Notice to appear – Contents – Form.,2,Title 2 Administration and Personnel,2.40,https://topeka.municipal.codes/TMC/2.40.180
Section,2.40.190,2.40.190,Complaint and notice to appear in Municipal Court.,2,Title 2 Administration and Personnel,2.40,https://topeka.municipal.codes/TMC/2.40.190
Section,2.40.200,2.40.200,Notice to appear – When used.,2,Title 2 Administration and Personnel,2.40,https://topeka.municipal.codes/TMC/2.40.200
Section,2.40.210,2.40.210,Notice to appear – Service – Return.,2,Title 2 Administration and Personnel,2.40,https://topeka.municipal.codes/TMC/2.40.210
Section,2.40.220,2.40.220,Warrant – Contents – Form.,2,Title 2 Administration and Personnel,2.40,https://topeka.municipal.codes/TMC/2.40.220
Section,2.40.230,2.40.230,Warrants – When issued – Limitations.,2,Title 2 Administration and Personnel,2.40,https://topeka.municipal.codes/TMC/2.40.230
Section,2.40.240,2.40.240,Warrants – Service.,2,Title 2 Administration and Personnel,2.40,https://topeka.municipal.codes/TMC/2.40.240
Section,2.40.250,2.40.250,Detention – Service of complaint and summons.,2,Title 2 Administration and Personnel,2.40,https://topeka.municipal.codes/TMC/2.40.250
Section,2.40.260,2.40.260,Arrest by law enforcement officer – When authorized.,2,Title 2 Administration and Personnel,2.40,https://topeka.municipal.codes/TMC/2.40.260
Section,2.40.270,2.40.270,Persons under arrest – Procedures – Right to post bond – Release on personal recognizance.,2,Title 2 Administration and Personnel,2.40,https://topeka.municipal.codes/TMC/2.40.270
Section,2.40.280,2.40.280,Notice – Explanation of rights.,2,Title 2 Administration and Personnel,2.40,https://topeka.municipal.codes/TMC/2.40.280
Section,2.40.290,2.40.290,Appearance bonds – Methods of securing.,2,Title 2 Administration and Personnel,2.40,https://topeka.municipal.codes/TMC/2.40.290
Section,2.40.300,2.40.300,Personal recognizance.,2,Title 2 Administration and Personnel,2.40,https://topeka.municipal.codes/TMC/2.40.300
Section,2.40.310,2.40.310,Failure to appear.,2,Title 2 Administration and Personnel,2.40,https://topeka.municipal.codes/TMC/2.40.310
Section,2.40.320,2.40.320,Appearance bond – Posting – Form.,2,Title 2 Administration and Personnel,2.40,https://topeka.municipal.codes/TMC/2.40.320
Section,2.40.330,2.40.330,Schedule of fines for municipal ordinance traffic infractions and certain other ordinances – Violations excluded from schedule – Fines upon plea of guilty or no contest – Procedure.,2,Title 2 Administration and Personnel,2.40,https://topeka.municipal.codes/TMC/2.40.330
Section,2.40.340,2.40.340,"Traffic violations – Failure to appear, service of warrant and collection of bond.",2,Title 2 Administration and Personnel,2.40,https://topeka.municipal.codes/TMC/2.40.340
Section,2.40.350,2.40.350,Matters before trial.,2,Title 2 Administration and Personnel,2.40,https://topeka.municipal.codes/TMC/2.40.350
Section,2.40.360,2.40.360,Appearance of accused person – Action by counsel or by mail.,2,Title 2 Administration and Personnel,2.40,https://topeka.municipal.codes/TMC/2.40.360
Section,2.40.370,2.40.370,Time of arraignment.,2,Title 2 Administration and Personnel,2.40,https://topeka.municipal.codes/TMC/2.40.370
Section,2.40.380,2.40.380,Arraignment.,2,Title 2 Administration and Personnel,2.40,https://topeka.municipal.codes/TMC/2.40.380
Section,2.40.390,2.40.390,"Appointment of counsel, when.",2,Title 2 Administration and Personnel,2.40,https://topeka.municipal.codes/TMC/2.40.390
Section,2.40.400,2.40.400,Pleas – Failure to appear.,2,Title 2 Administration and Personnel,2.40,https://topeka.municipal.codes/TMC/2.40.400
Section,2.40.405,2.40.405,Failure to appear – Show cause.,2,Title 2 Administration and Personnel,2.40,https://topeka.municipal.codes/TMC/2.40.405
Section,2.40.410,2.40.410,Procedure upon plea of guilty.,2,Title 2 Administration and Personnel,2.40,https://topeka.municipal.codes/TMC/2.40.410
Section,2.40.420,2.40.420,Motions.,2,Title 2 Administration and Personnel,2.40,https://topeka.municipal.codes/TMC/2.40.420
Section,2.40.430,2.40.430,Continuances.,2,Title 2 Administration and Personnel,2.40,https://topeka.municipal.codes/TMC/2.40.430
Section,2.40.440,2.40.440,Discovery.,2,Title 2 Administration and Personnel,2.40,https://topeka.municipal.codes/TMC/2.40.440
Section,2.40.450,2.40.450,"Subpoenas – Witnesses’ expenses – Abuse of subpoenas, costs.",2,Title 2 Administration and Personnel,2.40,https://topeka.municipal.codes/TMC/2.40.450
Section,2.40.460,2.40.460,"Municipal diversion agreements – Contents – Copy to Kansas Bureau of Investigation, when – Availability to prosecuting attorney.",2,Title 2 Administration and Personnel,2.40,https://topeka.municipal.codes/TMC/2.40.460
Section,2.40.470,2.40.470,Municipal Court diversion – Definitions.,2,Title 2 Administration and Personnel,2.40,https://topeka.municipal.codes/TMC/2.40.470
Section,2.40.480,2.40.480,Municipal Court diversion – When agreements to be offered – Written policies – Information to be furnished – Right to counsel.,2,Title 2 Administration and Personnel,2.40,https://topeka.municipal.codes/TMC/2.40.480
Section,2.40.490,2.40.490,Municipal Court diversion – Factors to consider – When prohibited.,2,Title 2 Administration and Personnel,2.40,https://topeka.municipal.codes/TMC/2.40.490
Section,2.40.500,2.40.500,Municipal Court diversion – Provisions of diversion agreement – Waiver of certain rights – Effect of failure to fulfill or accept agreement – Duties of City Attorney and Division of Vehicles.,2,Title 2 Administration and Personnel,2.40,https://topeka.municipal.codes/TMC/2.40.500
Section,2.40.510,2.40.510,Municipal Court diversion – Condition diversion on plea prohibited – Nonadmissible evidence.,2,Title 2 Administration and Personnel,2.40,https://topeka.municipal.codes/TMC/2.40.510
Section,2.40.520,2.40.520,Failure to fulfill diversion agreement – Satisfactory fulfillment – Records.,2,Title 2 Administration and Personnel,2.40,https://topeka.municipal.codes/TMC/2.40.520
Section,2.40.530,2.40.530,Defendants under 21 years – Drug and alcohol evaluations.,2,Title 2 Administration and Personnel,2.40,https://topeka.municipal.codes/TMC/2.40.530
Section,2.40.540,2.40.540,Trial.,2,Title 2 Administration and Personnel,2.40,https://topeka.municipal.codes/TMC/2.40.540
Section,2.40.550,2.40.550,Trial – Order of presentation.,2,Title 2 Administration and Personnel,2.40,https://topeka.municipal.codes/TMC/2.40.550
Section,2.40.560,2.40.560,Evidence.,2,Title 2 Administration and Personnel,2.40,https://topeka.municipal.codes/TMC/2.40.560
Section,2.40.570,2.40.570,Amendments to complaint.,2,Title 2 Administration and Personnel,2.40,https://topeka.municipal.codes/TMC/2.40.570
Section,2.40.580,2.40.580,Joinder of two or more accused persons.,2,Title 2 Administration and Personnel,2.40,https://topeka.municipal.codes/TMC/2.40.580
Section,2.40.590,2.40.590,Judgment.,2,Title 2 Administration and Personnel,2.40,https://topeka.municipal.codes/TMC/2.40.590
Section,2.40.600,2.40.600,Judgment – Docket.,2,Title 2 Administration and Personnel,2.40,https://topeka.municipal.codes/TMC/2.40.600
Section,2.40.610,2.40.610,Sentence – Possible disposition.,2,Title 2 Administration and Personnel,2.40,https://topeka.municipal.codes/TMC/2.40.610
Section,2.40.620,2.40.620,Sentence – Imprisonment – Fine.,2,Title 2 Administration and Personnel,2.40,https://topeka.municipal.codes/TMC/2.40.620
Section,2.40.630,2.40.630,Parole.,2,Title 2 Administration and Personnel,2.40,https://topeka.municipal.codes/TMC/2.40.630
Section,2.40.640,2.40.640,"Judgment set aside, when.",2,Title 2 Administration and Personnel,2.40,https://topeka.municipal.codes/TMC/2.40.640
Section,2.40.650,2.40.650,Correction of errors.,2,Title 2 Administration and Personnel,2.40,https://topeka.municipal.codes/TMC/2.40.650
Section,2.40.660,2.40.660,Expungement of certain convictions.,2,Title 2 Administration and Personnel,2.40,https://topeka.municipal.codes/TMC/2.40.660
Section,2.40.670,2.40.670,Expungement of arrest records – No conviction.,2,Title 2 Administration and Personnel,2.40,https://topeka.municipal.codes/TMC/2.40.670
Section,2.40.680,2.40.680,Conviction of ordinances comparable to class A or B misdemeanor or assault – Fingerprinting – Costs.,2,Title 2 Administration and Personnel,2.40,https://topeka.municipal.codes/TMC/2.40.680
Chapter,2.45,2.45,Appeals and Administrative Hearings Procedure,2,Title 2 Administration and Personnel,,https://topeka.municipal.codes/TMC/2.45
Section,2.45.010,2.45.010,Scope.,2,Title 2 Administration and Personnel,2.45,https://topeka.municipal.codes/TMC/2.45.010
Section,2.45.020,2.45.020,Administrative appeals.,2,Title 2 Administration and Personnel,2.45,https://topeka.municipal.codes/TMC/2.45.020
Section,2.45.030,2.45.030,Administrative hearing procedure.,2,Title 2 Administration and Personnel,2.45,https://topeka.municipal.codes/TMC/2.45.030
Section,2.45.040,2.45.040,Hearing determination and petition.,2,Title 2 Administration and Personnel,2.45,https://topeka.municipal.codes/TMC/2.45.040
Section,2.45.050,2.45.050,Appeal to district court.,2,Title 2 Administration and Personnel,2.45,https://topeka.municipal.codes/TMC/2.45.050
Chapter,2.50,2.50,Domestic Partnership Registry,2,Title 2 Administration and Personnel,,https://topeka.municipal.codes/TMC/2.50
Section,2.50.010,2.50.010,Definitions.,2,Title 2 Administration and Personnel,2.50,https://topeka.municipal.codes/TMC/2.50.010
Section,2.50.020,2.50.020,Criteria for establishing a domestic partnership.,2,Title 2 Administration and Personnel,2.50,https://topeka.municipal.codes/TMC/2.50.020
Section,2.50.030,2.50.030,Registration.,2,Title 2 Administration and Personnel,2.50,https://topeka.municipal.codes/TMC/2.50.030
Section,2.50.040,2.50.040,Procedure and fees.,2,Title 2 Administration and Personnel,2.50,https://topeka.municipal.codes/TMC/2.50.040
Section,2.50.050,2.50.050,Removal from registry – Death or voluntary dissolution of partnership.,2,Title 2 Administration and Personnel,2.50,https://topeka.municipal.codes/TMC/2.50.050
Section,2.50.060,2.50.060,Removal from registry – Failure to meet definition.,2,Title 2 Administration and Personnel,2.50,https://topeka.municipal.codes/TMC/2.50.060
Section,2.50.070,2.50.070,Legal effect.,2,Title 2 Administration and Personnel,2.50,https://topeka.municipal.codes/TMC/2.50.070
Section,2.50.080,2.50.080,Other applicable laws – Kansas Open Records Act.,2,Title 2 Administration and Personnel,2.50,https://topeka.municipal.codes/TMC/2.50.080
Section,2.50.090,2.50.090,Registering a partnership without the individuals’ consent.,2,Title 2 Administration and Personnel,2.50,https://topeka.municipal.codes/TMC/2.50.090
Chapter,2.55,2.55,Civil Emergencies,2,Title 2 Administration and Personnel,,https://topeka.municipal.codes/TMC/2.55
Article,2.55_ArtI,2.55 Art. I,Article I. In General,2,Title 2 Administration and Personnel,2.55,https://topeka.municipal.codes/TMC/2.55_ArtI
Section,2.55.010,2.55.010,Repealed.,2,Title 2 Administration and Personnel,2.55,https://topeka.municipal.codes/TMC/2.55.010
Section,2.55.020,2.55.020,Release or threatened release of hazardous materials – Recovery of expenses.,2,Title 2 Administration and Personnel,2.55,https://topeka.municipal.codes/TMC/2.55.020
Article,2.55_ArtII,2.55 Art. II,Article II. Disaster Assistance,2,Title 2 Administration and Personnel,2.55,https://topeka.municipal.codes/TMC/2.55_ArtII
Section,2.55.030,2.55.030,Requests for assistance.,2,Title 2 Administration and Personnel,2.55,https://topeka.municipal.codes/TMC/2.55.030
Section,2.55.040,2.55.040,Conflicts with other agreements.,2,Title 2 Administration and Personnel,2.55,https://topeka.municipal.codes/TMC/2.55.040
Section,2.55.050,2.55.050,Types of assistance.,2,Title 2 Administration and Personnel,2.55,https://topeka.municipal.codes/TMC/2.55.050
Article,2.55_ArtIII,2.55 Art. III,Article III. Shawnee County Emergency Operations Plan,2,Title 2 Administration and Personnel,2.55,https://topeka.municipal.codes/TMC/2.55_ArtIII
Section,2.55.060,2.55.060,Purpose.,2,Title 2 Administration and Personnel,2.55,https://topeka.municipal.codes/TMC/2.55.060
Section,2.55.070,2.55.070,Adopted.,2,Title 2 Administration and Personnel,2.55,https://topeka.municipal.codes/TMC/2.55.070
Division,2_Div2,2 Div. 2,Division 2. Employees,2,Title 2 Administration and Personnel,,https://topeka.municipal.codes/TMC/2_Div2
Chapter,2.105,2.105,Employment Practices – Diversity and Inclusion,2,Title 2 Administration and Personnel,,https://topeka.municipal.codes/TMC/2.105
Section,2.105.010,2.105.010,Policy.,2,Title 2 Administration and Personnel,2.105,https://topeka.municipal.codes/TMC/2.105.010
Section,2.105.020,2.105.020,Employment practices.,2,Title 2 Administration and Personnel,2.105,https://topeka.municipal.codes/TMC/2.105.020
Section,2.105.030,2.105.030,Recruitment procedures.,2,Title 2 Administration and Personnel,2.105,https://topeka.municipal.codes/TMC/2.105.030
Section,2.105.040,2.105.040,Reports and records.,2,Title 2 Administration and Personnel,2.105,https://topeka.municipal.codes/TMC/2.105.040
Section,2.105.050,2.105.050,Equal Opportunity Officer.,2,Title 2 Administration and Personnel,2.105,https://topeka.municipal.codes/TMC/2.105.050
Chapter,2.110,2.110,General,2,Title 2 Administration and Personnel,,https://topeka.municipal.codes/TMC/2.110
Section,2.110.010,2.110.010,Oath.,2,Title 2 Administration and Personnel,2.110,https://topeka.municipal.codes/TMC/2.110.010
Section,2.110.020,2.110.020,Residency required.,2,Title 2 Administration and Personnel,2.110,https://topeka.municipal.codes/TMC/2.110.020
Section,2.110.030,2.110.030,"Administrative policies, rules, regulations and procedures – Personnel Manual.",2,Title 2 Administration and Personnel,2.110,https://topeka.municipal.codes/TMC/2.110.030
Section,2.110.040,2.110.040,Personnel records.,2,Title 2 Administration and Personnel,2.110,https://topeka.municipal.codes/TMC/2.110.040
Section,2.110.050,2.110.050,Protective insurance required.,2,Title 2 Administration and Personnel,2.110,https://topeka.municipal.codes/TMC/2.110.050
Section,2.110.060,2.110.060,Approval of employment agreements.,2,Title 2 Administration and Personnel,2.110,https://topeka.municipal.codes/TMC/2.110.060
Section,2.110.070,2.110.070,Approval of severance pay.,2,Title 2 Administration and Personnel,2.110,https://topeka.municipal.codes/TMC/2.110.070
Chapter,2.115,2.115,Bargaining Unit Employees,2,Title 2 Administration and Personnel,,https://topeka.municipal.codes/TMC/2.115
Section,2.115.010,2.115.010,Right of employees to organize.,2,Title 2 Administration and Personnel,2.115,https://topeka.municipal.codes/TMC/2.115.010
Section,2.115.020,2.115.020,Approval of memorandum agreements in conjunction with the meet and confer process.,2,Title 2 Administration and Personnel,2.115,https://topeka.municipal.codes/TMC/2.115.020
Chapter,2.120,2.120,Civil Service for Police Officers and Firefighters,2,Title 2 Administration and Personnel,,https://topeka.municipal.codes/TMC/2.120
Article,2.120_ArtI,2.120 Art. I,Article I. Generally,2,Title 2 Administration and Personnel,2.120,https://topeka.municipal.codes/TMC/2.120_ArtI
Section,2.120.010,2.120.010,Scope – Terms of labor contract collective bargaining agreement to take precedence.,2,Title 2 Administration and Personnel,2.120,https://topeka.municipal.codes/TMC/2.120.010
Section,2.120.020,2.120.020,Departmental regulations.,2,Title 2 Administration and Personnel,2.120,https://topeka.municipal.codes/TMC/2.120.020
Article,2.120_ArtII,2.120 Art. II,Article II. Civil Service Commission,2,Title 2 Administration and Personnel,2.120,https://topeka.municipal.codes/TMC/2.120_ArtII
Section,2.120.030,2.120.030,Created – Terms – Technical advisor – Quorum.,2,Title 2 Administration and Personnel,2.120,https://topeka.municipal.codes/TMC/2.120.030
Section,2.120.040,2.120.040,Oath.,2,Title 2 Administration and Personnel,2.120,https://topeka.municipal.codes/TMC/2.120.040
Section,2.120.050,2.120.050,Meetings – Support.,2,Title 2 Administration and Personnel,2.120,https://topeka.municipal.codes/TMC/2.120.050
Section,2.120.060,2.120.060,Control of exams – Nature of exams.,2,Title 2 Administration and Personnel,2.120,https://topeka.municipal.codes/TMC/2.120.060
Section,2.120.070,2.120.070,Annual and special reports – Rules and regulations.,2,Title 2 Administration and Personnel,2.120,https://topeka.municipal.codes/TMC/2.120.070
Section,2.120.080,2.120.080,Notification of vacancies.,2,Title 2 Administration and Personnel,2.120,https://topeka.municipal.codes/TMC/2.120.080
Section,2.120.090,2.120.090,Certification of applicants.,2,Title 2 Administration and Personnel,2.120,https://topeka.municipal.codes/TMC/2.120.090
Section,2.120.100,2.120.100,Equal opportunity.,2,Title 2 Administration and Personnel,2.120,https://topeka.municipal.codes/TMC/2.120.100
Section,2.120.110,2.120.110,Striking eligibles from list.,2,Title 2 Administration and Personnel,2.120,https://topeka.municipal.codes/TMC/2.120.110
Section,2.120.120,2.120.120,Removal of persons from employment.,2,Title 2 Administration and Personnel,2.120,https://topeka.municipal.codes/TMC/2.120.120
Section,2.120.130,2.120.130,Hearing powers.,2,Title 2 Administration and Personnel,2.120,https://topeka.municipal.codes/TMC/2.120.130
Section,2.120.140,2.120.140,New applicants for police and fire positions to submit to exam.,2,Title 2 Administration and Personnel,2.120,https://topeka.municipal.codes/TMC/2.120.140
Section,2.120.150,2.120.150,Probationary period for police.,2,Title 2 Administration and Personnel,2.120,https://topeka.municipal.codes/TMC/2.120.150
Section,2.120.160,2.120.160,When probationer does not receive permanent appointment.,2,Title 2 Administration and Personnel,2.120,https://topeka.municipal.codes/TMC/2.120.160
Article,2.120_ArtIII,2.120 Art. III,Article III. Classification and Pay Plan,2,Title 2 Administration and Personnel,2.120,https://topeka.municipal.codes/TMC/2.120_ArtIII
Section,2.120.170,2.120.170,Rate of pay – Determined by position.,2,Title 2 Administration and Personnel,2.120,https://topeka.municipal.codes/TMC/2.120.170
Section,2.120.180,2.120.180,Rate of pay – Salary increases and decreases.,2,Title 2 Administration and Personnel,2.120,https://topeka.municipal.codes/TMC/2.120.180
Section,2.120.190,2.120.190,Effective date of salary increase.,2,Title 2 Administration and Personnel,2.120,https://topeka.municipal.codes/TMC/2.120.190
Section,2.120.200,2.120.200,Promotions.,2,Title 2 Administration and Personnel,2.120,https://topeka.municipal.codes/TMC/2.120.200
Section,2.120.210,2.120.210,Hours of work.,2,Title 2 Administration and Personnel,2.120,https://topeka.municipal.codes/TMC/2.120.210
Section,2.120.220,2.120.220,Notice of termination.,2,Title 2 Administration and Personnel,2.120,https://topeka.municipal.codes/TMC/2.120.220
Section,2.120.230,2.120.230,Pay on termination.,2,Title 2 Administration and Personnel,2.120,https://topeka.municipal.codes/TMC/2.120.230
Section,2.120.240,2.120.240,Effect of reemployment within 120 days.,2,Title 2 Administration and Personnel,2.120,https://topeka.municipal.codes/TMC/2.120.240
Article,2.120_ArtIV,2.120 Art. IV,Article IV. Grievances,2,Title 2 Administration and Personnel,2.120,https://topeka.municipal.codes/TMC/2.120_ArtIV
Section,2.120.250,2.120.250,Defined.,2,Title 2 Administration and Personnel,2.120,https://topeka.municipal.codes/TMC/2.120.250
Section,2.120.260,2.120.260,Conference with supervisor.,2,Title 2 Administration and Personnel,2.120,https://topeka.municipal.codes/TMC/2.120.260
Section,2.120.270,2.120.270,Appeal from supervisor’s determination.,2,Title 2 Administration and Personnel,2.120,https://topeka.municipal.codes/TMC/2.120.270
Section,2.120.280,2.120.280,Contents of appeal.,2,Title 2 Administration and Personnel,2.120,https://topeka.municipal.codes/TMC/2.120.280
Section,2.120.290,2.120.290,Determination of appeals.,2,Title 2 Administration and Personnel,2.120,https://topeka.municipal.codes/TMC/2.120.290
Article,2.120_ArtV,2.120 Art. V,Article V. Compulsory Physical Examinations,2,Title 2 Administration and Personnel,2.120,https://topeka.municipal.codes/TMC/2.120_ArtV
Section,2.120.300,2.120.300,By physician upon request.,2,Title 2 Administration and Personnel,2.120,https://topeka.municipal.codes/TMC/2.120.300
Section,2.120.310,2.120.310,Report of physician – Retirement.,2,Title 2 Administration and Personnel,2.120,https://topeka.municipal.codes/TMC/2.120.310
Section,2.120.320,2.120.320,Request for reexamination.,2,Title 2 Administration and Personnel,2.120,https://topeka.municipal.codes/TMC/2.120.320
Section,2.120.330,2.120.330,Reexamination by three physicians.,2,Title 2 Administration and Personnel,2.120,https://topeka.municipal.codes/TMC/2.120.330
Section,2.120.340,2.120.340,Report of reexamining physicians – Action by City Medical Advisor.,2,Title 2 Administration and Personnel,2.120,https://topeka.municipal.codes/TMC/2.120.340
Section,2.120.350,2.120.350,Frequency of examination.,2,Title 2 Administration and Personnel,2.120,https://topeka.municipal.codes/TMC/2.120.350
Article,2.120_ArtVI,2.120 Art. VI,Article VI. Disciplinary Action,2,Title 2 Administration and Personnel,2.120,https://topeka.municipal.codes/TMC/2.120_ArtVI
Section,2.120.360,2.120.360,Authority of department heads.,2,Title 2 Administration and Personnel,2.120,https://topeka.municipal.codes/TMC/2.120.360
Article,2.120_ArtVII,2.120 Art. VII,Article VII. Personnel Records,2,Title 2 Administration and Personnel,2.120,https://topeka.municipal.codes/TMC/2.120_ArtVII
Section,2.120.370,2.120.370,Duty of chiefs to maintain payroll records.,2,Title 2 Administration and Personnel,2.120,https://topeka.municipal.codes/TMC/2.120.370
Section,2.120.380,2.120.380,Personnel records to be kept.,2,Title 2 Administration and Personnel,2.120,https://topeka.municipal.codes/TMC/2.120.380
Section,2.120.390,2.120.390,Performance rating to be made annually.,2,Title 2 Administration and Personnel,2.120,https://topeka.municipal.codes/TMC/2.120.390
Section,2.120.400,2.120.400,Ratings to be made part of personnel record.,2,Title 2 Administration and Personnel,2.120,https://topeka.municipal.codes/TMC/2.120.400
Section,2.120.410,2.120.410,Inspection.,2,Title 2 Administration and Personnel,2.120,https://topeka.municipal.codes/TMC/2.120.410
Section,2.120.420,2.120.420,Violation of article deemed misdemeanor.,2,Title 2 Administration and Personnel,2.120,https://topeka.municipal.codes/TMC/2.120.420
Chapter,2.125,2.125,Benefits,2,Title 2 Administration and Personnel,,https://topeka.municipal.codes/TMC/2.125
Article,2.125_ArtI,2.125 Art. I,Article I. Social Security,2,Title 2 Administration and Personnel,2.125,https://topeka.municipal.codes/TMC/2.125_ArtI
Section,2.125.010,2.125.010,Benefits extended.,2,Title 2 Administration and Personnel,2.125,https://topeka.municipal.codes/TMC/2.125.010
Section,2.125.020,2.125.020,State act incorporated.,2,Title 2 Administration and Personnel,2.125,https://topeka.municipal.codes/TMC/2.125.020
Section,2.125.030,2.125.030,Services covered.,2,Title 2 Administration and Personnel,2.125,https://topeka.municipal.codes/TMC/2.125.030
Section,2.125.040,2.125.040,Contribution by City.,2,Title 2 Administration and Personnel,2.125,https://topeka.municipal.codes/TMC/2.125.040
Section,2.125.050,2.125.050,Sources of City’s contributions.,2,Title 2 Administration and Personnel,2.125,https://topeka.municipal.codes/TMC/2.125.050
Section,2.125.060,2.125.060,Compliance with regulations.,2,Title 2 Administration and Personnel,2.125,https://topeka.municipal.codes/TMC/2.125.060
Section,2.125.070,2.125.070,Modification of plan.,2,Title 2 Administration and Personnel,2.125,https://topeka.municipal.codes/TMC/2.125.070
Section,2.125.080,2.125.080,Effective date.,2,Title 2 Administration and Personnel,2.125,https://topeka.municipal.codes/TMC/2.125.080
Article,2.125_ArtII,2.125 Art. II,Article II. Workers Compensation,2,Title 2 Administration and Personnel,2.125,https://topeka.municipal.codes/TMC/2.125_ArtII
Section,2.125.100,2.125.100,Workers compensation – General.,2,Title 2 Administration and Personnel,2.125,https://topeka.municipal.codes/TMC/2.125.100
Section,2.125.110,2.125.110,Claims – Service – Process – Defense.,2,Title 2 Administration and Personnel,2.125,https://topeka.municipal.codes/TMC/2.125.110
Article,2.125_ArtIII,2.125 Art. III,Article III. Police Benefit Account,2,Title 2 Administration and Personnel,2.125,https://topeka.municipal.codes/TMC/2.125_ArtIII
Section,2.125.200,2.125.200,Created.,2,Title 2 Administration and Personnel,2.125,https://topeka.municipal.codes/TMC/2.125.200
Section,2.125.210,2.125.210,Fees credited to fund.,2,Title 2 Administration and Personnel,2.125,https://topeka.municipal.codes/TMC/2.125.210
Section,2.125.220,2.125.220,Purpose.,2,Title 2 Administration and Personnel,2.125,https://topeka.municipal.codes/TMC/2.125.220
Section,2.125.230,2.125.230,Benefits provided.,2,Title 2 Administration and Personnel,2.125,https://topeka.municipal.codes/TMC/2.125.230
Section,2.125.240,2.125.240,Payment.,2,Title 2 Administration and Personnel,2.125,https://topeka.municipal.codes/TMC/2.125.240
Article,2.125_ArtIV,2.125 Art. IV,Article IV. Health Insurance,2,Title 2 Administration and Personnel,2.125,https://topeka.municipal.codes/TMC/2.125_ArtIV
Section,2.125.300,2.125.300,Group health insurance plan and fund.,2,Title 2 Administration and Personnel,2.125,https://topeka.municipal.codes/TMC/2.125.300
Section,2.125.310,2.125.310,Eligibility.,2,Title 2 Administration and Personnel,2.125,https://topeka.municipal.codes/TMC/2.125.310
Section,2.125.320,2.125.320,Plan coverage.,2,Title 2 Administration and Personnel,2.125,https://topeka.municipal.codes/TMC/2.125.320
Section,2.125.330,2.125.330,Retirees.,2,Title 2 Administration and Personnel,2.125,https://topeka.municipal.codes/TMC/2.125.330
Section,2.125.340,2.125.340,Contributions.,2,Title 2 Administration and Personnel,2.125,https://topeka.municipal.codes/TMC/2.125.340
Section,2.125.350,2.125.350,Health Care Advisory Committee.,2,Title 2 Administration and Personnel,2.125,https://topeka.municipal.codes/TMC/2.125.350
Chapter,2.130,2.130,Firefighters Relief Association,2,Title 2 Administration and Personnel,,https://topeka.municipal.codes/TMC/2.130
Section,2.130.010,2.130.010,Composition – Governance.,2,Title 2 Administration and Personnel,2.130,https://topeka.municipal.codes/TMC/2.130.010
Division,2_Div3,2 Div. 3,Division 3. Boards and Commissions,2,Title 2 Administration and Personnel,,https://topeka.municipal.codes/TMC/2_Div3
Chapter,2.205,2.205,Boards and Commissions,2,Title 2 Administration and Personnel,,https://topeka.municipal.codes/TMC/2.205
Article,2.205_ArtI,2.205 Art. I,Article I. Nonstatutory Boards and Commissions,2,Title 2 Administration and Personnel,2.205,https://topeka.municipal.codes/TMC/2.205_ArtI
Section,2.205.010,2.205.010,Establishment.,2,Title 2 Administration and Personnel,2.205,https://topeka.municipal.codes/TMC/2.205.010
Section,2.205.020,2.205.020,Redistricting Commission.,2,Title 2 Administration and Personnel,2.205,https://topeka.municipal.codes/TMC/2.205.020
Article,2.205_ArtII,2.205 Art. II,"Article II. Statutory Boards, Commissions, and Plural Authorities",2,Title 2 Administration and Personnel,2.205,https://topeka.municipal.codes/TMC/2.205_ArtII
Section,2.205.030,2.205.030,Establishment.,2,Title 2 Administration and Personnel,2.205,https://topeka.municipal.codes/TMC/2.205.030
Section,2.205.040,2.205.040,Topeka and Shawnee County Library District Board of Trustees.,2,Title 2 Administration and Personnel,2.205,https://topeka.municipal.codes/TMC/2.205.040
Section,2.205.050,2.205.050,Washburn University of Topeka and the Board of Regents.,2,Title 2 Administration and Personnel,2.205,https://topeka.municipal.codes/TMC/2.205.050
Section,2.205.060,2.205.060,Topeka Metropolitan Transit Authority.,2,Title 2 Administration and Personnel,2.205,https://topeka.municipal.codes/TMC/2.205.060
Section,2.205.070,2.205.070,Metropolitan Topeka Airport Authority.,2,Title 2 Administration and Personnel,2.205,https://topeka.municipal.codes/TMC/2.205.070
Section,2.205.080,2.205.080,Repealed.,2,Title 2 Administration and Personnel,2.205,https://topeka.municipal.codes/TMC/2.205.080
Section,2.205.090,2.205.090,Topeka Housing Authority Board.,2,Title 2 Administration and Personnel,2.205,https://topeka.municipal.codes/TMC/2.205.090
Chapter,2.210,2.210,Citizens Government Review Committee,2,Title 2 Administration and Personnel,,https://topeka.municipal.codes/TMC/2.210
Section,2.210.010,2.210.010,Purpose.,2,Title 2 Administration and Personnel,2.210,https://topeka.municipal.codes/TMC/2.210.010
Section,2.210.020,2.210.020,Composition – Appointment of members.,2,Title 2 Administration and Personnel,2.210,https://topeka.municipal.codes/TMC/2.210.020
Section,2.210.030,2.210.030,Qualifications of members.,2,Title 2 Administration and Personnel,2.210,https://topeka.municipal.codes/TMC/2.210.030
Section,2.210.040,2.210.040,Manner of convening.,2,Title 2 Administration and Personnel,2.210,https://topeka.municipal.codes/TMC/2.210.040
Section,2.210.050,2.210.050,Duties – Meetings.,2,Title 2 Administration and Personnel,2.210,https://topeka.municipal.codes/TMC/2.210.050
Section,2.210.060,2.210.060,Staff support – Additional assistance.,2,Title 2 Administration and Personnel,2.210,https://topeka.municipal.codes/TMC/2.210.060
Chapter,2.215,2.215,Public Building Commission,2,Title 2 Administration and Personnel,,https://topeka.municipal.codes/TMC/2.215
Section,2.215.010,2.215.010,Created.,2,Title 2 Administration and Personnel,2.215,https://topeka.municipal.codes/TMC/2.215.010
Section,2.215.020,2.215.020,Members.,2,Title 2 Administration and Personnel,2.215,https://topeka.municipal.codes/TMC/2.215.020
Section,2.215.030,2.215.030,Functions.,2,Title 2 Administration and Personnel,2.215,https://topeka.municipal.codes/TMC/2.215.030
Chapter,2.220,2.220,Board of Zoning Appeals,2,Title 2 Administration and Personnel,,https://topeka.municipal.codes/TMC/2.220
Section,2.220.010,2.220.010,Topeka Board of Zoning Appeals.,2,Title 2 Administration and Personnel,2.220,https://topeka.municipal.codes/TMC/2.220.010
Section,2.220.020,2.220.020,Composition – Appointment.,2,Title 2 Administration and Personnel,2.220,https://topeka.municipal.codes/TMC/2.220.020
Section,2.220.030,2.220.030,Terms of members.,2,Title 2 Administration and Personnel,2.220,https://topeka.municipal.codes/TMC/2.220.030
Section,2.220.040,2.220.040,Meetings.,2,Title 2 Administration and Personnel,2.220,https://topeka.municipal.codes/TMC/2.220.040
Section,2.220.050,2.220.050,Powers and duties – Generally.,2,Title 2 Administration and Personnel,2.220,https://topeka.municipal.codes/TMC/2.220.050
Section,2.220.060,2.220.060,Records.,2,Title 2 Administration and Personnel,2.220,https://topeka.municipal.codes/TMC/2.220.060
Section,2.220.070,2.220.070,Notice of appeal.,2,Title 2 Administration and Personnel,2.220,https://topeka.municipal.codes/TMC/2.220.070
Section,2.220.080,2.220.080,Appeal stays proceedings.,2,Title 2 Administration and Personnel,2.220,https://topeka.municipal.codes/TMC/2.220.080
Section,2.220.090,2.220.090,Notice and hearing.,2,Title 2 Administration and Personnel,2.220,https://topeka.municipal.codes/TMC/2.220.090
Section,2.220.100,2.220.100,Variances/authority.,2,Title 2 Administration and Personnel,2.220,https://topeka.municipal.codes/TMC/2.220.100
Section,2.220.110,2.220.110,Findings.,2,Title 2 Administration and Personnel,2.220,https://topeka.municipal.codes/TMC/2.220.110
Section,2.220.120,2.220.120,Conditions.,2,Title 2 Administration and Personnel,2.220,https://topeka.municipal.codes/TMC/2.220.120
Section,2.220.130,2.220.130,Exceptions.,2,Title 2 Administration and Personnel,2.220,https://topeka.municipal.codes/TMC/2.220.130
Section,2.220.140,2.220.140,Variances not allowed.,2,Title 2 Administration and Personnel,2.220,https://topeka.municipal.codes/TMC/2.220.140
Section,2.220.150,2.220.150,Recording with Register of Deeds.,2,Title 2 Administration and Personnel,2.220,https://topeka.municipal.codes/TMC/2.220.150
Chapter,2.225,2.225,Topeka Planning Commission,2,Title 2 Administration and Personnel,,https://topeka.municipal.codes/TMC/2.225
Section,2.225.010,2.225.010,Created.,2,Title 2 Administration and Personnel,2.225,https://topeka.municipal.codes/TMC/2.225.010
Section,2.225.020,2.225.020,Composition – Appointments – Terms.,2,Title 2 Administration and Personnel,2.225,https://topeka.municipal.codes/TMC/2.225.020
Section,2.225.030,2.225.030,Organization and transition.,2,Title 2 Administration and Personnel,2.225,https://topeka.municipal.codes/TMC/2.225.030
Section,2.225.040,2.225.040,Officers.,2,Title 2 Administration and Personnel,2.225,https://topeka.municipal.codes/TMC/2.225.040
Section,2.225.050,2.225.050,Meetings.,2,Title 2 Administration and Personnel,2.225,https://topeka.municipal.codes/TMC/2.225.050
Section,2.225.060,2.225.060,Quorum.,2,Title 2 Administration and Personnel,2.225,https://topeka.municipal.codes/TMC/2.225.060
Section,2.225.070,2.225.070,Conflict of interest.,2,Title 2 Administration and Personnel,2.225,https://topeka.municipal.codes/TMC/2.225.070
Section,2.225.080,2.225.080,Dismissal for absence from meetings.,2,Title 2 Administration and Personnel,2.225,https://topeka.municipal.codes/TMC/2.225.080
Section,2.225.090,2.225.090,Functions – Authority and jurisdiction.,2,Title 2 Administration and Personnel,2.225,https://topeka.municipal.codes/TMC/2.225.090
Section,2.225.100,2.225.100,Authority of governing bodies.,2,Title 2 Administration and Personnel,2.225,https://topeka.municipal.codes/TMC/2.225.100
Section,2.225.120,2.225.120,Comprehensive metropolitan plan and the continuing planning process.,2,Title 2 Administration and Personnel,2.225,https://topeka.municipal.codes/TMC/2.225.120
Section,2.225.130,2.225.130,Capital improvements and plan review.,2,Title 2 Administration and Personnel,2.225,https://topeka.municipal.codes/TMC/2.225.130
Section,2.225.140,2.225.140,Regulations as to filing of plats.,2,Title 2 Administration and Personnel,2.225,https://topeka.municipal.codes/TMC/2.225.140
Section,2.225.150,2.225.150,"Issuance of building permits restricted – Plats, dedications and deeds endorsed before filing.",2,Title 2 Administration and Personnel,2.225,https://topeka.municipal.codes/TMC/2.225.150
Section,2.225.160,2.225.160,Building or setback lines.,2,Title 2 Administration and Personnel,2.225,https://topeka.municipal.codes/TMC/2.225.160
Section,2.225.170,2.225.170,Effect on Inspection Department.,2,Title 2 Administration and Personnel,2.225,https://topeka.municipal.codes/TMC/2.225.170
Section,2.225.180,2.225.180,Severability.,2,Title 2 Administration and Personnel,2.225,https://topeka.municipal.codes/TMC/2.225.180
Section,2.225.190,2.225.190,Saving clause.,2,Title 2 Administration and Personnel,2.225,https://topeka.municipal.codes/TMC/2.225.190
Chapter,2.230,2.230,Landmarks Commission,2,Title 2 Administration and Personnel,,https://topeka.municipal.codes/TMC/2.230
Section,2.230.010,2.230.010,Topeka Landmarks Commission – Created.,2,Title 2 Administration and Personnel,2.230,https://topeka.municipal.codes/TMC/2.230.010
Section,2.230.020,2.230.020,Topeka Landmarks Commission – Functions.,2,Title 2 Administration and Personnel,2.230,https://topeka.municipal.codes/TMC/2.230.020
Chapter,2.235,2.235,Board of Building and Fire Appeals,2,Title 2 Administration and Personnel,,https://topeka.municipal.codes/TMC/2.235
Section,2.235.010,2.235.010,Board of Building and Fire Appeals.,2,Title 2 Administration and Personnel,2.235,https://topeka.municipal.codes/TMC/2.235.010
Chapter,2.240,2.240,Sustainability Advisory Board,2,Title 2 Administration and Personnel,,https://topeka.municipal.codes/TMC/2.240
Section,2.240.010,2.240.010,Sustainability Advisory Board.,2,Title 2 Administration and Personnel,2.240,https://topeka.municipal.codes/TMC/2.240.010
Section,2.240.020,2.240.020,Composition – Appointments – Terms.,2,Title 2 Administration and Personnel,2.240,https://topeka.municipal.codes/TMC/2.240.020
Section,2.240.030,2.240.030,Purpose of the Sustainability Advisory Board.,2,Title 2 Administration and Personnel,2.240,https://topeka.municipal.codes/TMC/2.240.030
Section,2.240.040,2.240.040,Duties of the Sustainability Advisory Board.,2,Title 2 Administration and Personnel,2.240,https://topeka.municipal.codes/TMC/2.240.040
Chapter,2.245,2.245,Office of the Arts,2,Title 2 Administration and Personnel,,https://topeka.municipal.codes/TMC/2.245
Section,2.245.010,2.245.010,Office of the Arts.,2,Title 2 Administration and Personnel,2.245,https://topeka.municipal.codes/TMC/2.245.010
Chapter,2.250,2.250,Americans with Disabilities Act Advisory Council,2,Title 2 Administration and Personnel,,https://topeka.municipal.codes/TMC/2.250
Section,2.250.010,2.250.010,City of Topeka Americans with Disabilities Act Advisory Council.,2,Title 2 Administration and Personnel,2.250,https://topeka.municipal.codes/TMC/2.250.010
Chapter,2.255,2.255,Human Relations Commission,2,Title 2 Administration and Personnel,,https://topeka.municipal.codes/TMC/2.255
Section,2.255.010,2.255.010,Topeka Human Relations Commission created.,2,Title 2 Administration and Personnel,2.255,https://topeka.municipal.codes/TMC/2.255.010
Section,2.255.030,2.255.030,Composition – Term of members.,2,Title 2 Administration and Personnel,2.255,https://topeka.municipal.codes/TMC/2.255.030
Section,2.255.040,2.255.040,Human Relations Commission – Duties and responsibilities.,2,Title 2 Administration and Personnel,2.255,https://topeka.municipal.codes/TMC/2.255.040
Chapter,2.260,2.260,Land Bank,2,Title 2 Administration and Personnel,,https://topeka.municipal.codes/TMC/2.260
Section,2.260.010,2.260.010,Establishment and purpose.,2,Title 2 Administration and Personnel,2.260,https://topeka.municipal.codes/TMC/2.260.010
Section,2.260.020,2.260.020,Definitions.,2,Title 2 Administration and Personnel,2.260,https://topeka.municipal.codes/TMC/2.260.020
Section,2.260.030,2.260.030,"Board of Trustees – Appointment, terms.",2,Title 2 Administration and Personnel,2.260,https://topeka.municipal.codes/TMC/2.260.030
Section,2.260.040,2.260.040,Staff and operations.,2,Title 2 Administration and Personnel,2.260,https://topeka.municipal.codes/TMC/2.260.040
Section,2.260.050,2.260.050,Property available for inclusion.,2,Title 2 Administration and Personnel,2.260,https://topeka.municipal.codes/TMC/2.260.050
Section,2.260.060,2.260.060,Administration of property.,2,Title 2 Administration and Personnel,2.260,https://topeka.municipal.codes/TMC/2.260.060
Section,2.260.070,2.260.070,City Manager authority.,2,Title 2 Administration and Personnel,2.260,https://topeka.municipal.codes/TMC/2.260.070
Title,3,3,Title 3 Finance,3,Title 3 Finance,,https://topeka.municipal.codes/TMC/3
Chapter,3.05,3.05,General Provisions,3,Title 3 Finance,,https://topeka.municipal.codes/TMC/3.05
Section,3.05.010,3.05.010,Deposit of cash receipts.,3,Title 3 Finance,3.05,https://topeka.municipal.codes/TMC/3.05.010
Section,3.05.020,3.05.020,Designation of depositories.,3,Title 3 Finance,3.05,https://topeka.municipal.codes/TMC/3.05.020
Section,3.05.030,3.05.030,Investment of surplus moneys.,3,Title 3 Finance,3.05,https://topeka.municipal.codes/TMC/3.05.030
Section,3.05.040,3.05.040,Service charge for nonnegotiable or returned checks.,3,Title 3 Finance,3.05,https://topeka.municipal.codes/TMC/3.05.040
Section,3.05.050,3.05.050,Budget schedule.,3,Title 3 Finance,3.05,https://topeka.municipal.codes/TMC/3.05.050
Section,3.05.060,3.05.060,Fee schedule.,3,Title 3 Finance,3.05,https://topeka.municipal.codes/TMC/3.05.060
Chapter,3.10,3.10,Expenses and Fees,3,Title 3 Finance,,https://topeka.municipal.codes/TMC/3.10
Section,3.10.010,3.10.010,Proration of legal expenses.,3,Title 3 Finance,3.10,https://topeka.municipal.codes/TMC/3.10.010
Section,3.10.020,3.10.020,Project service fees for City projects.,3,Title 3 Finance,3.10,https://topeka.municipal.codes/TMC/3.10.020
Section,3.10.030,3.10.030,Engineering fees.,3,Title 3 Finance,3.10,https://topeka.municipal.codes/TMC/3.10.030
Section,3.10.040,3.10.040,Interdepartmental services fees.,3,Title 3 Finance,3.10,https://topeka.municipal.codes/TMC/3.10.040
Section,3.10.050,3.10.050,Administrative fees.,3,Title 3 Finance,3.10,https://topeka.municipal.codes/TMC/3.10.050
Chapter,3.15,3.15,Bonds,3,Title 3 Finance,,https://topeka.municipal.codes/TMC/3.15
Section,3.15.010,3.15.010,Surety company bonds required.,3,Title 3 Finance,3.15,https://topeka.municipal.codes/TMC/3.15.010
Section,3.15.020,3.15.020,How signed and approved.,3,Title 3 Finance,3.15,https://topeka.municipal.codes/TMC/3.15.020
Chapter,3.20,3.20,Grants,3,Title 3 Finance,,https://topeka.municipal.codes/TMC/3.20
Section,3.20.010,3.20.010,"Grant application, approval, and fiscal report requirements.",3,Title 3 Finance,3.20,https://topeka.municipal.codes/TMC/3.20.010
Section,3.20.020,3.20.020,Emergency grant application approval.,3,Title 3 Finance,3.20,https://topeka.municipal.codes/TMC/3.20.020
Section,3.20.030,3.20.030,Failure to follow procedure as grounds for dismissal.,3,Title 3 Finance,3.20,https://topeka.municipal.codes/TMC/3.20.030
Chapter,3.25,3.25,Funds,3,Title 3 Finance,,https://topeka.municipal.codes/TMC/3.25
Section,3.25.010,3.25.010,Establishment of funds.,3,Title 3 Finance,3.25,https://topeka.municipal.codes/TMC/3.25.010
Section,3.25.020,3.25.020,Special liability expense fund.,3,Title 3 Finance,3.25,https://topeka.municipal.codes/TMC/3.25.020
Section,3.25.030,3.25.030,Capital improvements fund.,3,Title 3 Finance,3.25,https://topeka.municipal.codes/TMC/3.25.030
Section,3.25.040,3.25.040,City workers compensation self-insurance fund.,3,Title 3 Finance,3.25,https://topeka.municipal.codes/TMC/3.25.040
Section,3.25.050,3.25.050,Parkland acquisition and development fund.,3,Title 3 Finance,3.25,https://topeka.municipal.codes/TMC/3.25.050
Section,3.25.060,3.25.060,Self-insurance fund.,3,Title 3 Finance,3.25,https://topeka.municipal.codes/TMC/3.25.060
Section,3.25.070,3.25.070,Unassigned reserve fund.,3,Title 3 Finance,3.25,https://topeka.municipal.codes/TMC/3.25.070
Section,3.25.100,3.25.100,Historic preservation fund.,3,Title 3 Finance,3.25,https://topeka.municipal.codes/TMC/3.25.100
Section,3.25.110,3.25.110,Graffiti removal fund.,3,Title 3 Finance,3.25,https://topeka.municipal.codes/TMC/3.25.110
Section,3.25.130,3.25.130,Law enforcement special revenue fund.,3,Title 3 Finance,3.25,https://topeka.municipal.codes/TMC/3.25.130
Section,3.25.140,3.25.140,Economic development fund.,3,Title 3 Finance,3.25,https://topeka.municipal.codes/TMC/3.25.140
Section,3.25.150,3.25.150,Police Department equipment fund.,3,Title 3 Finance,3.25,https://topeka.municipal.codes/TMC/3.25.150
Section,3.25.160,3.25.160,Topeka arts fund.,3,Title 3 Finance,3.25,https://topeka.municipal.codes/TMC/3.25.160
Section,3.25.170,3.25.170,Court technology fund.,3,Title 3 Finance,3.25,https://topeka.municipal.codes/TMC/3.25.170
Chapter,3.30,3.30,Contracts and Purchases,3,Title 3 Finance,,https://topeka.municipal.codes/TMC/3.30
Article,3.30_ArtI,3.30 Art. I,Article I. Contracts and Bids Generally,3,Title 3 Finance,3.30,https://topeka.municipal.codes/TMC/3.30_ArtI
Section,3.30.010,3.30.010,Authority of City Manager to sign certain contracts – Professional service contracts.,3,Title 3 Finance,3.30,https://topeka.municipal.codes/TMC/3.30.010
Section,3.30.020,3.30.020,Competitive bids – Lowest responsible bidder – Exceptions.,3,Title 3 Finance,3.30,https://topeka.municipal.codes/TMC/3.30.020
Section,3.30.030,3.30.030,Awarding of bids and contracts.,3,Title 3 Finance,3.30,https://topeka.municipal.codes/TMC/3.30.030
Section,3.30.040,3.30.040,Qualification-based selection – Request for proposal.,3,Title 3 Finance,3.30,https://topeka.municipal.codes/TMC/3.30.040
Section,3.30.050,3.30.050,Competitive bids – Public buildings and improvements.,3,Title 3 Finance,3.30,https://topeka.municipal.codes/TMC/3.30.050
Article,3.30_ArtII,3.30 Art. II,Article II. Repealed,3,Title 3 Finance,3.30,https://topeka.municipal.codes/TMC/3.30_ArtII
Section,3.30.060,3.30.060,Repealed.,3,Title 3 Finance,3.30,https://topeka.municipal.codes/TMC/3.30.060
Section,3.30.070,3.30.070,Repealed.,3,Title 3 Finance,3.30,https://topeka.municipal.codes/TMC/3.30.070
Section,3.30.080,3.30.080,Repealed.,3,Title 3 Finance,3.30,https://topeka.municipal.codes/TMC/3.30.080
Section,3.30.090,3.30.090,Repealed.,3,Title 3 Finance,3.30,https://topeka.municipal.codes/TMC/3.30.090
Section,3.30.100,3.30.100,Repealed.,3,Title 3 Finance,3.30,https://topeka.municipal.codes/TMC/3.30.100
Section,3.30.110,3.30.110,Repealed.,3,Title 3 Finance,3.30,https://topeka.municipal.codes/TMC/3.30.110
Section,3.30.120,3.30.120,Repealed.,3,Title 3 Finance,3.30,https://topeka.municipal.codes/TMC/3.30.120
Section,3.30.130,3.30.130,Repealed.,3,Title 3 Finance,3.30,https://topeka.municipal.codes/TMC/3.30.130
Section,3.30.140,3.30.140,Repealed.,3,Title 3 Finance,3.30,https://topeka.municipal.codes/TMC/3.30.140
Section,3.30.150,3.30.150,Repealed.,3,Title 3 Finance,3.30,https://topeka.municipal.codes/TMC/3.30.150
Article,3.30_ArtIII,3.30 Art. III,Article III. Repealed,3,Title 3 Finance,3.30,https://topeka.municipal.codes/TMC/3.30_ArtIII
Section,3.30.160,3.30.160,Repealed.,3,Title 3 Finance,3.30,https://topeka.municipal.codes/TMC/3.30.160
Section,3.30.170,3.30.170,Repealed.,3,Title 3 Finance,3.30,https://topeka.municipal.codes/TMC/3.30.170
Section,3.30.180,3.30.180,Repealed.,3,Title 3 Finance,3.30,https://topeka.municipal.codes/TMC/3.30.180
Section,3.30.190,3.30.190,Repealed.,3,Title 3 Finance,3.30,https://topeka.municipal.codes/TMC/3.30.190
Section,3.30.200,3.30.200,Repealed.,3,Title 3 Finance,3.30,https://topeka.municipal.codes/TMC/3.30.200
Section,3.30.210,3.30.210,Repealed.,3,Title 3 Finance,3.30,https://topeka.municipal.codes/TMC/3.30.210
Section,3.30.220,3.30.220,Repealed.,3,Title 3 Finance,3.30,https://topeka.municipal.codes/TMC/3.30.220
Article,3.30_ArtIV,3.30 Art. IV,"Article IV. Commodities, Fixed Assets, and Real Property",3,Title 3 Finance,3.30,https://topeka.municipal.codes/TMC/3.30_ArtIV
Section,3.30.230,3.30.230,Definitions.,3,Title 3 Finance,3.30,https://topeka.municipal.codes/TMC/3.30.230
Section,3.30.240,3.30.240,Scope.,3,Title 3 Finance,3.30,https://topeka.municipal.codes/TMC/3.30.240
Section,3.30.250,3.30.250,Consumable commodities.,3,Title 3 Finance,3.30,https://topeka.municipal.codes/TMC/3.30.250
Section,3.30.260,3.30.260,Fixed assets.,3,Title 3 Finance,3.30,https://topeka.municipal.codes/TMC/3.30.260
Section,3.30.270,3.30.270,Vehicles.,3,Title 3 Finance,3.30,https://topeka.municipal.codes/TMC/3.30.270
Section,3.30.280,3.30.280,Personal use forbidden.,3,Title 3 Finance,3.30,https://topeka.municipal.codes/TMC/3.30.280
Section,3.30.290,3.30.290,Surplus fixed assets.,3,Title 3 Finance,3.30,https://topeka.municipal.codes/TMC/3.30.290
Section,3.30.300,3.30.300,Violation of article.,3,Title 3 Finance,3.30,https://topeka.municipal.codes/TMC/3.30.300
Section,3.30.310,3.30.310,Real property.,3,Title 3 Finance,3.30,https://topeka.municipal.codes/TMC/3.30.310
Section,3.30.320,3.30.320,Exceptions.,3,Title 3 Finance,3.30,https://topeka.municipal.codes/TMC/3.30.320
Section,3.30.330,3.30.330,Disposal of surplus real property.,3,Title 3 Finance,3.30,https://topeka.municipal.codes/TMC/3.30.330
Section,3.30.340,3.30.340,Repealed.,3,Title 3 Finance,3.30,https://topeka.municipal.codes/TMC/3.30.340
Section,3.30.350,3.30.350,Leases.,3,Title 3 Finance,3.30,https://topeka.municipal.codes/TMC/3.30.350
Section,3.30.360,3.30.360,Repealed.,3,Title 3 Finance,3.30,https://topeka.municipal.codes/TMC/3.30.360
Section,3.30.370,3.30.370,Repealed.,3,Title 3 Finance,3.30,https://topeka.municipal.codes/TMC/3.30.370
Article,3.30_ArtV,3.30 Art. V,Article V. Bid Procedures and Conditions,3,Title 3 Finance,3.30,https://topeka.municipal.codes/TMC/3.30_ArtV
Section,3.30.380,3.30.380,Federally funded repair and rehabilitation of real property.,3,Title 3 Finance,3.30,https://topeka.municipal.codes/TMC/3.30.380
Section,3.30.390,3.30.390,Definitions.,3,Title 3 Finance,3.30,https://topeka.municipal.codes/TMC/3.30.390
Section,3.30.400,3.30.400,Repealed.,3,Title 3 Finance,3.30,https://topeka.municipal.codes/TMC/3.30.400
Section,3.30.410,3.30.410,Repealed.,3,Title 3 Finance,3.30,https://topeka.municipal.codes/TMC/3.30.410
Section,3.30.420,3.30.420,Repealed.,3,Title 3 Finance,3.30,https://topeka.municipal.codes/TMC/3.30.420
Section,3.30.430,3.30.430,Powers of Director of Planning and Development.,3,Title 3 Finance,3.30,https://topeka.municipal.codes/TMC/3.30.430
Article,3.30_ArtVI,3.30 Art. VI,Article VI. Public Contracts,3,Title 3 Finance,3.30,https://topeka.municipal.codes/TMC/3.30_ArtVI
Section,3.30.440,3.30.440,Definitions.,3,Title 3 Finance,3.30,https://topeka.municipal.codes/TMC/3.30.440
Section,3.30.450,3.30.450,Scope.,3,Title 3 Finance,3.30,https://topeka.municipal.codes/TMC/3.30.450
Section,3.30.460,3.30.460,Repealed.,3,Title 3 Finance,3.30,https://topeka.municipal.codes/TMC/3.30.460
Section,3.30.470,3.30.470,Contract conditions.,3,Title 3 Finance,3.30,https://topeka.municipal.codes/TMC/3.30.470
Section,3.30.480,3.30.480,Subcontractors.,3,Title 3 Finance,3.30,https://topeka.municipal.codes/TMC/3.30.480
Section,3.30.490,3.30.490,Access to information.,3,Title 3 Finance,3.30,https://topeka.municipal.codes/TMC/3.30.490
Section,3.30.500,3.30.500,Duties and authority of the Contracts and Procurement Director.,3,Title 3 Finance,3.30,https://topeka.municipal.codes/TMC/3.30.500
Chapter,3.35,3.35,Claims and Awards,3,Title 3 Finance,,https://topeka.municipal.codes/TMC/3.35
Section,3.35.010,3.35.010,Definitions.,3,Title 3 Finance,3.35,https://topeka.municipal.codes/TMC/3.35.010
Section,3.35.020,3.35.020,Filing of claims.,3,Title 3 Finance,3.35,https://topeka.municipal.codes/TMC/3.35.020
Section,3.35.030,3.35.030,Disposition – Settlement of claims.,3,Title 3 Finance,3.35,https://topeka.municipal.codes/TMC/3.35.030
Section,3.35.040,3.35.040,Funding.,3,Title 3 Finance,3.35,https://topeka.municipal.codes/TMC/3.35.040
Section,3.35.050,3.35.050,Employees – Notice and defense.,3,Title 3 Finance,3.35,https://topeka.municipal.codes/TMC/3.35.050
Section,3.35.060,3.35.060,Repealed.,3,Title 3 Finance,3.35,https://topeka.municipal.codes/TMC/3.35.060
Section,3.35.070,3.35.070,Claims made by the City.,3,Title 3 Finance,3.35,https://topeka.municipal.codes/TMC/3.35.070
Chapter,3.40,3.40,Capital City Downtown Business Improvement District,3,Title 3 Finance,,https://topeka.municipal.codes/TMC/3.40
Section,3.40.010,3.40.010,Name of district and description of boundaries.,3,Title 3 Finance,3.40,https://topeka.municipal.codes/TMC/3.40.010
Section,3.40.020,3.40.020,Description of services.,3,Title 3 Finance,3.40,https://topeka.municipal.codes/TMC/3.40.020
Section,3.40.030,3.40.030,Method of raising revenue.,3,Title 3 Finance,3.40,https://topeka.municipal.codes/TMC/3.40.030
Section,3.40.040,3.40.040,Downtown Business Improvement District Advisory Board.,3,Title 3 Finance,3.40,https://topeka.municipal.codes/TMC/3.40.040
Section,3.40.050,3.40.050,Enforcement – Violations – Penalty.,3,Title 3 Finance,3.40,https://topeka.municipal.codes/TMC/3.40.050
Chapter,3.45,3.45,Special Assessments,3,Title 3 Finance,,https://topeka.municipal.codes/TMC/3.45
Article,3.45_ArtI,3.45 Art. I,Article I. In General,3,Title 3 Finance,3.45,https://topeka.municipal.codes/TMC/3.45_ArtI
Section,3.45.010,3.45.010,Payment of special assessment in full when less than $250.00.,3,Title 3 Finance,3.45,https://topeka.municipal.codes/TMC/3.45.010
Article,3.45_ArtII,3.45 Art. II,Article II. Notice and Hearing Requirements,3,Title 3 Finance,3.45,https://topeka.municipal.codes/TMC/3.45_ArtII
Section,3.45.020,3.45.020,Public hearing prior to authorization of public improvements.,3,Title 3 Finance,3.45,https://topeka.municipal.codes/TMC/3.45.020
Section,3.45.030,3.45.030,Notice by publication.,3,Title 3 Finance,3.45,https://topeka.municipal.codes/TMC/3.45.030
Section,3.45.040,3.45.040,Notice by mailing.,3,Title 3 Finance,3.45,https://topeka.municipal.codes/TMC/3.45.040
Section,3.45.050,3.45.050,Contents of notice.,3,Title 3 Finance,3.45,https://topeka.municipal.codes/TMC/3.45.050
Section,3.45.060,3.45.060,Certified list of persons notified.,3,Title 3 Finance,3.45,https://topeka.municipal.codes/TMC/3.45.060
Section,3.45.070,3.45.070,Failure to receive notice not invalidation.,3,Title 3 Finance,3.45,https://topeka.municipal.codes/TMC/3.45.070
Section,3.45.080,3.45.080,Provisions supplemental.,3,Title 3 Finance,3.45,https://topeka.municipal.codes/TMC/3.45.080
Article,3.45_ArtIII,3.45 Art. III,Article III. Service Assessments,3,Title 3 Finance,3.45,https://topeka.municipal.codes/TMC/3.45_ArtIII
Section,3.45.090,3.45.090,Authority.,3,Title 3 Finance,3.45,https://topeka.municipal.codes/TMC/3.45.090
Section,3.45.100,3.45.100,Made by ordinance – Statement of costs.,3,Title 3 Finance,3.45,https://topeka.municipal.codes/TMC/3.45.100
Section,3.45.110,3.45.110,Installments.,3,Title 3 Finance,3.45,https://topeka.municipal.codes/TMC/3.45.110
Section,3.45.120,3.45.120,Contract for work and issuance of no-fund warrants.,3,Title 3 Finance,3.45,https://topeka.municipal.codes/TMC/3.45.120
Section,3.45.130,3.45.130,"Issuance, registration and redemption of no-fund warrants.",3,Title 3 Finance,3.45,https://topeka.municipal.codes/TMC/3.45.130
Section,3.45.140,3.45.140,Certification of unpaid assessments to County Clerk.,3,Title 3 Finance,3.45,https://topeka.municipal.codes/TMC/3.45.140
Section,3.45.150,3.45.150,Limitations on suit to set aside assessment.,3,Title 3 Finance,3.45,https://topeka.municipal.codes/TMC/3.45.150
Chapter,3.50,3.50,Sales Tax,3,Title 3 Finance,,https://topeka.municipal.codes/TMC/3.50
Section,3.50.010,3.50.010,Levy.,3,Title 3 Finance,3.50,https://topeka.municipal.codes/TMC/3.50.010
Section,3.50.020,3.50.020,Relation to State law.,3,Title 3 Finance,3.50,https://topeka.municipal.codes/TMC/3.50.020
Section,3.50.030,3.50.030,Filed with Director of Revenue.,3,Title 3 Finance,3.50,https://topeka.municipal.codes/TMC/3.50.030
Chapter,3.55,3.55,Property Taxes – Exemptions for New or Expanding Businesses,3,Title 3 Finance,,https://topeka.municipal.codes/TMC/3.55
Section,3.55.010,3.55.010,General objectives.,3,Title 3 Finance,3.55,https://topeka.municipal.codes/TMC/3.55.010
Section,3.55.020,3.55.020,Application required.,3,Title 3 Finance,3.55,https://topeka.municipal.codes/TMC/3.55.020
Section,3.55.030,3.55.030,Initial review procedure.,3,Title 3 Finance,3.55,https://topeka.municipal.codes/TMC/3.55.030
Section,3.55.040,3.55.040,Administrative review committee.,3,Title 3 Finance,3.55,https://topeka.municipal.codes/TMC/3.55.040
Section,3.55.050,3.55.050,Initial Council action.,3,Title 3 Finance,3.55,https://topeka.municipal.codes/TMC/3.55.050
Section,3.55.060,3.55.060,Notice and hearing.,3,Title 3 Finance,3.55,https://topeka.municipal.codes/TMC/3.55.060
Section,3.55.070,3.55.070,Letter of intent.,3,Title 3 Finance,3.55,https://topeka.municipal.codes/TMC/3.55.070
Section,3.55.080,3.55.080,Standards for determining benefits.,3,Title 3 Finance,3.55,https://topeka.municipal.codes/TMC/3.55.080
Section,3.55.090,3.55.090,Amount of tax incentive.,3,Title 3 Finance,3.55,https://topeka.municipal.codes/TMC/3.55.090
Section,3.55.100,3.55.100,Nominal tax determination.,3,Title 3 Finance,3.55,https://topeka.municipal.codes/TMC/3.55.100
Section,3.55.110,3.55.110,Minimum payment.,3,Title 3 Finance,3.55,https://topeka.municipal.codes/TMC/3.55.110
Section,3.55.120,3.55.120,Annual renewal.,3,Title 3 Finance,3.55,https://topeka.municipal.codes/TMC/3.55.120
Section,3.55.130,3.55.130,Exemption ordinance.,3,Title 3 Finance,3.55,https://topeka.municipal.codes/TMC/3.55.130
Section,3.55.140,3.55.140,Exemption forms.,3,Title 3 Finance,3.55,https://topeka.municipal.codes/TMC/3.55.140
Section,3.55.150,3.55.150,Waiver of requirements.,3,Title 3 Finance,3.55,https://topeka.municipal.codes/TMC/3.55.150
Section,3.55.160,3.55.160,Transfer of ownership or use.,3,Title 3 Finance,3.55,https://topeka.municipal.codes/TMC/3.55.160
Section,3.55.170,3.55.170,Special assessments.,3,Title 3 Finance,3.55,https://topeka.municipal.codes/TMC/3.55.170
Section,3.55.180,3.55.180,No exemptions for prior commencement or expansion.,3,Title 3 Finance,3.55,https://topeka.municipal.codes/TMC/3.55.180
Section,3.55.190,3.55.190,Jurisdiction.,3,Title 3 Finance,3.55,https://topeka.municipal.codes/TMC/3.55.190
Section,3.55.200,3.55.200,Other policies.,3,Title 3 Finance,3.55,https://topeka.municipal.codes/TMC/3.55.200
Chapter,3.60,3.60,Reimbursement of Motor and Special Fuel Tax to Mass Transportation System,3,Title 3 Finance,,https://topeka.municipal.codes/TMC/3.60
Section,3.60.010,3.60.010,Reimbursement of motor and special fuel tax to mass transportation system.,3,Title 3 Finance,3.60,https://topeka.municipal.codes/TMC/3.60.010
Chapter,3.65,3.65,Topeka Tourism Business Improvement District,3,Title 3 Finance,,https://topeka.municipal.codes/TMC/3.65
Section,3.65.010,3.65.010,Name of district – Boundaries – Start date – Termination.,3,Title 3 Finance,3.65,https://topeka.municipal.codes/TMC/3.65.010
Section,3.65.020,3.65.020,Description of services.,3,Title 3 Finance,3.65,https://topeka.municipal.codes/TMC/3.65.020
Section,3.65.030,3.65.030,Method of financing – Service fee.,3,Title 3 Finance,3.65,https://topeka.municipal.codes/TMC/3.65.030
Section,3.65.035,3.65.035,TTBID service fees.,3,Title 3 Finance,3.65,https://topeka.municipal.codes/TMC/3.65.035
Section,3.65.040,3.65.040,Business Improvement District Advisory Board.,3,Title 3 Finance,3.65,https://topeka.municipal.codes/TMC/3.65.040
Chapter,3.70,3.70,NOTO Business Improvement District,3,Title 3 Finance,,https://topeka.municipal.codes/TMC/3.70
Section,3.70.010,3.70.010,Name of district – Boundaries – Start date.,3,Title 3 Finance,3.70,https://topeka.municipal.codes/TMC/3.70.010
Section,3.70.020,3.70.020,Description of services.,3,Title 3 Finance,3.70,https://topeka.municipal.codes/TMC/3.70.020
Section,3.70.030,3.70.030,Method of financing – Service fee.,3,Title 3 Finance,3.70,https://topeka.municipal.codes/TMC/3.70.030
Section,3.70.040,3.70.040,Business Improvement District Advisory Board.,3,Title 3 Finance,3.70,https://topeka.municipal.codes/TMC/3.70.040
Section,3.70.050,3.70.050,Enforcement – Violations – Penalty.,3,Title 3 Finance,3.70,https://topeka.municipal.codes/TMC/3.70.050
Title,4,4,Title 4 (Reserved),4,Title 4 (Reserved),,https://topeka.municipal.codes/TMC/4
Title,5,5,Title 5 Business Licenses and Regulations,5,Title 5 Business Licenses and Regulations,,https://topeka.municipal.codes/TMC/5
Chapter,5.05,5.05,General Provisions,5,Title 5 Business Licenses and Regulations,,https://topeka.municipal.codes/TMC/5.05
Section,5.05.010,5.05.010,Required.,5,Title 5 Business Licenses and Regulations,5.05,https://topeka.municipal.codes/TMC/5.05.010
Section,5.05.020,5.05.020,Application.,5,Title 5 Business Licenses and Regulations,5.05,https://topeka.municipal.codes/TMC/5.05.020
Section,5.05.030,5.05.030,Persons falling into more than one category.,5,Title 5 Business Licenses and Regulations,5.05,https://topeka.municipal.codes/TMC/5.05.030
Section,5.05.040,5.05.040,Records.,5,Title 5 Business Licenses and Regulations,5.05,https://topeka.municipal.codes/TMC/5.05.040
Section,5.05.050,5.05.050,Issuance.,5,Title 5 Business Licenses and Regulations,5.05,https://topeka.municipal.codes/TMC/5.05.050
Section,5.05.060,5.05.060,Fees generally.,5,Title 5 Business Licenses and Regulations,5.05,https://topeka.municipal.codes/TMC/5.05.060
Section,5.05.070,5.05.070,Display.,5,Title 5 Business Licenses and Regulations,5.05,https://topeka.municipal.codes/TMC/5.05.070
Section,5.05.080,5.05.080,Transferability.,5,Title 5 Business Licenses and Regulations,5.05,https://topeka.municipal.codes/TMC/5.05.080
Section,5.05.090,5.05.090,Grounds for mandatory denial.,5,Title 5 Business Licenses and Regulations,5.05,https://topeka.municipal.codes/TMC/5.05.090
Section,5.05.100,5.05.100,Causes for refusal or revocation.,5,Title 5 Business Licenses and Regulations,5.05,https://topeka.municipal.codes/TMC/5.05.100
Section,5.05.110,5.05.110,Suspension or revocation – Written notice required.,5,Title 5 Business Licenses and Regulations,5.05,https://topeka.municipal.codes/TMC/5.05.110
Section,5.05.120,5.05.120,Suspension or revocation – Right to public hearing – Appeal.,5,Title 5 Business Licenses and Regulations,5.05,https://topeka.municipal.codes/TMC/5.05.120
Section,5.05.130,5.05.130,Chapter supplementary to other licensing provisions.,5,Title 5 Business Licenses and Regulations,5.05,https://topeka.municipal.codes/TMC/5.05.130
Chapter,5.10,5.10,Fees and Occupation Taxes,5,Title 5 Business Licenses and Regulations,,https://topeka.municipal.codes/TMC/5.10
Section,5.10.010,5.10.010,License fees and occupation taxes levied.,5,Title 5 Business Licenses and Regulations,5.10,https://topeka.municipal.codes/TMC/5.10.010
Section,5.10.020,5.10.020,Alcoholic beverages – Alcoholic liquor sales.,5,Title 5 Business Licenses and Regulations,5.10,https://topeka.municipal.codes/TMC/5.10.020
Section,5.10.030,5.10.030,Licenses – Alcoholic beverages – Cereal malt beverages.,5,Title 5 Business Licenses and Regulations,5.10,https://topeka.municipal.codes/TMC/5.10.030
Section,5.10.040,5.10.040,Ambulance service.,5,Title 5 Business Licenses and Regulations,5.10,https://topeka.municipal.codes/TMC/5.10.040
Section,5.10.050,5.10.050,Repealed.,5,Title 5 Business Licenses and Regulations,5.10,https://topeka.municipal.codes/TMC/5.10.050
Section,5.10.060,5.10.060,Auctioneers.,5,Title 5 Business Licenses and Regulations,5.10,https://topeka.municipal.codes/TMC/5.10.060
Section,5.10.070,5.10.070,Automobile bus.,5,Title 5 Business Licenses and Regulations,5.10,https://topeka.municipal.codes/TMC/5.10.070
Section,5.10.080,5.10.080,Repealed.,5,Title 5 Business Licenses and Regulations,5.10,https://topeka.municipal.codes/TMC/5.10.080
Section,5.10.090,5.10.090,Repealed.,5,Title 5 Business Licenses and Regulations,5.10,https://topeka.municipal.codes/TMC/5.10.090
Section,5.10.110,5.10.110,Repealed.,5,Title 5 Business Licenses and Regulations,5.10,https://topeka.municipal.codes/TMC/5.10.110
Section,5.10.130,5.10.130,Repealed.,5,Title 5 Business Licenses and Regulations,5.10,https://topeka.municipal.codes/TMC/5.10.130
Section,5.10.140,5.10.140,Repealed.,5,Title 5 Business Licenses and Regulations,5.10,https://topeka.municipal.codes/TMC/5.10.140
Section,5.10.150,5.10.150,Repealed.,5,Title 5 Business Licenses and Regulations,5.10,https://topeka.municipal.codes/TMC/5.10.150
Section,5.10.160,5.10.160,"Private security firms, employees, agents and guards.",5,Title 5 Business Licenses and Regulations,5.10,https://topeka.municipal.codes/TMC/5.10.160
Section,5.10.170,5.10.170,Mobile home park.,5,Title 5 Business Licenses and Regulations,5.10,https://topeka.municipal.codes/TMC/5.10.170
Section,5.10.180,5.10.180,Pawnbroker.,5,Title 5 Business Licenses and Regulations,5.10,https://topeka.municipal.codes/TMC/5.10.180
Section,5.10.190,5.10.190,Alarm business.,5,Title 5 Business Licenses and Regulations,5.10,https://topeka.municipal.codes/TMC/5.10.190
Section,5.10.200,5.10.200,Precious metals dealer.,5,Title 5 Business Licenses and Regulations,5.10,https://topeka.municipal.codes/TMC/5.10.200
Section,5.10.210,5.10.210,Repealed.,5,Title 5 Business Licenses and Regulations,5.10,https://topeka.municipal.codes/TMC/5.10.210
Section,5.10.220,5.10.220,Repealed.,5,Title 5 Business Licenses and Regulations,5.10,https://topeka.municipal.codes/TMC/5.10.220
Section,5.10.230,5.10.230,Secondhand dealer.,5,Title 5 Business Licenses and Regulations,5.10,https://topeka.municipal.codes/TMC/5.10.230
Section,5.10.250,5.10.250,Sign erector.,5,Title 5 Business Licenses and Regulations,5.10,https://topeka.municipal.codes/TMC/5.10.250
Section,5.10.260,5.10.260,Taxicab – Business license.,5,Title 5 Business Licenses and Regulations,5.10,https://topeka.municipal.codes/TMC/5.10.260
Section,5.10.270,5.10.270,Taxicab – Driver.,5,Title 5 Business Licenses and Regulations,5.10,https://topeka.municipal.codes/TMC/5.10.270
Section,5.10.280,5.10.280,"Tree, shrub and vine service.",5,Title 5 Business Licenses and Regulations,5.10,https://topeka.municipal.codes/TMC/5.10.280
Section,5.10.290,5.10.290,Repealed.,5,Title 5 Business Licenses and Regulations,5.10,https://topeka.municipal.codes/TMC/5.10.290
Chapter,5.15,5.15,Alarm Business,5,Title 5 Business Licenses and Regulations,,https://topeka.municipal.codes/TMC/5.15
Article,5.15_ArtI,5.15 Art. I,Article I. Generally,5,Title 5 Business Licenses and Regulations,5.15,https://topeka.municipal.codes/TMC/5.15_ArtI
Section,5.15.010,5.15.010,Definitions.,5,Title 5 Business Licenses and Regulations,5.15,https://topeka.municipal.codes/TMC/5.15.010
Article,5.15_ArtII,5.15 Art. II,Article II. License,5,Title 5 Business Licenses and Regulations,5.15,https://topeka.municipal.codes/TMC/5.15_ArtII
Section,5.15.020,5.15.020,License required.,5,Title 5 Business Licenses and Regulations,5.15,https://topeka.municipal.codes/TMC/5.15.020
Section,5.15.030,5.15.030,Certifications – Persons engaged in installation or repair of alarm systems.,5,Title 5 Business Licenses and Regulations,5.15,https://topeka.municipal.codes/TMC/5.15.030
Section,5.15.040,5.15.040,License application – Form and content.,5,Title 5 Business Licenses and Regulations,5.15,https://topeka.municipal.codes/TMC/5.15.040
Section,5.15.050,5.15.050,License fee.,5,Title 5 Business Licenses and Regulations,5.15,https://topeka.municipal.codes/TMC/5.15.050
Section,5.15.060,5.15.060,Investigation of application – Issuance of license – Posting license – License nontransferable – Term – Renewal.,5,Title 5 Business Licenses and Regulations,5.15,https://topeka.municipal.codes/TMC/5.15.060
Section,5.15.070,5.15.070,Required operational practices.,5,Title 5 Business Licenses and Regulations,5.15,https://topeka.municipal.codes/TMC/5.15.070
Section,5.15.080,5.15.080,Revocation or suspension of license.,5,Title 5 Business Licenses and Regulations,5.15,https://topeka.municipal.codes/TMC/5.15.080
Section,5.15.090,5.15.090,Confidentiality of information.,5,Title 5 Business Licenses and Regulations,5.15,https://topeka.municipal.codes/TMC/5.15.090
Section,5.15.100,5.15.100,Rules and regulations.,5,Title 5 Business Licenses and Regulations,5.15,https://topeka.municipal.codes/TMC/5.15.100
Section,5.15.110,5.15.110,Penalty.,5,Title 5 Business Licenses and Regulations,5.15,https://topeka.municipal.codes/TMC/5.15.110
Chapter,5.20,5.20,Repealed,5,Title 5 Business Licenses and Regulations,,https://topeka.municipal.codes/TMC/5.20
Chapter,5.25,5.25,Ambulance Services,5,Title 5 Business Licenses and Regulations,,https://topeka.municipal.codes/TMC/5.25
Article,5.25_ArtI,5.25 Art. I,Article I. Generally,5,Title 5 Business Licenses and Regulations,5.25,https://topeka.municipal.codes/TMC/5.25_ArtI
Section,5.25.010,5.25.010,Definitions.,5,Title 5 Business Licenses and Regulations,5.25,https://topeka.municipal.codes/TMC/5.25.010
Section,5.25.020,5.25.020,Statement of intent.,5,Title 5 Business Licenses and Regulations,5.25,https://topeka.municipal.codes/TMC/5.25.020
Section,5.25.030,5.25.030,Cooperation with County.,5,Title 5 Business Licenses and Regulations,5.25,https://topeka.municipal.codes/TMC/5.25.030
Article,5.25_ArtII,5.25 Art. II,Article II. Franchise,5,Title 5 Business Licenses and Regulations,5.25,https://topeka.municipal.codes/TMC/5.25_ArtII
Section,5.25.040,5.25.040,Required.,5,Title 5 Business Licenses and Regulations,5.25,https://topeka.municipal.codes/TMC/5.25.040
Section,5.25.050,5.25.050,Repealed.,5,Title 5 Business Licenses and Regulations,5.25,https://topeka.municipal.codes/TMC/5.25.050
Section,5.25.060,5.25.060,Application.,5,Title 5 Business Licenses and Regulations,5.25,https://topeka.municipal.codes/TMC/5.25.060
Section,5.25.070,5.25.070,Application fee.,5,Title 5 Business Licenses and Regulations,5.25,https://topeka.municipal.codes/TMC/5.25.070
Section,5.25.080,5.25.080,Finding prerequisite to issuance.,5,Title 5 Business Licenses and Regulations,5.25,https://topeka.municipal.codes/TMC/5.25.080
Section,5.25.090,5.25.090,Determination by Council.,5,Title 5 Business Licenses and Regulations,5.25,https://topeka.municipal.codes/TMC/5.25.090
Section,5.25.100,5.25.100,Issuance or denial.,5,Title 5 Business Licenses and Regulations,5.25,https://topeka.municipal.codes/TMC/5.25.100
Section,5.25.110,5.25.110,Rights conferred.,5,Title 5 Business Licenses and Regulations,5.25,https://topeka.municipal.codes/TMC/5.25.110
Section,5.25.120,5.25.120,Service.,5,Title 5 Business Licenses and Regulations,5.25,https://topeka.municipal.codes/TMC/5.25.120
Section,5.25.130,5.25.130,"Compliance with applicable laws, regulations.",5,Title 5 Business Licenses and Regulations,5.25,https://topeka.municipal.codes/TMC/5.25.130
Section,5.25.140,5.25.140,Liability insurance requirements.,5,Title 5 Business Licenses and Regulations,5.25,https://topeka.municipal.codes/TMC/5.25.140
Section,5.25.150,5.25.150,Renewal.,5,Title 5 Business Licenses and Regulations,5.25,https://topeka.municipal.codes/TMC/5.25.150
Section,5.25.160,5.25.160,"Transfer, termination and surrender.",5,Title 5 Business Licenses and Regulations,5.25,https://topeka.municipal.codes/TMC/5.25.160
Section,5.25.170,5.25.170,Limitations.,5,Title 5 Business Licenses and Regulations,5.25,https://topeka.municipal.codes/TMC/5.25.170
Section,5.25.180,5.25.180,Waiver.,5,Title 5 Business Licenses and Regulations,5.25,https://topeka.municipal.codes/TMC/5.25.180
Chapter,5.30,5.30,Automatic Amusement and Musical Devices,5,Title 5 Business Licenses and Regulations,,https://topeka.municipal.codes/TMC/5.30
Section,5.30.010,5.30.010,Definitions.,5,Title 5 Business Licenses and Regulations,5.30,https://topeka.municipal.codes/TMC/5.30.010
Section,5.30.020,5.30.020,Prohibited devices.,5,Title 5 Business Licenses and Regulations,5.30,https://topeka.municipal.codes/TMC/5.30.020
Section,5.30.030,5.30.030,Prizes and awards.,5,Title 5 Business Licenses and Regulations,5.30,https://topeka.municipal.codes/TMC/5.30.030
Chapter,5.35,5.35,Automobile Buses,5,Title 5 Business Licenses and Regulations,,https://topeka.municipal.codes/TMC/5.35
Article,5.35_ArtI,5.35 Art. I,Article I. Generally,5,Title 5 Business Licenses and Regulations,5.35,https://topeka.municipal.codes/TMC/5.35_ArtI
Section,5.35.010,5.35.010,Scope.,5,Title 5 Business Licenses and Regulations,5.35,https://topeka.municipal.codes/TMC/5.35.010
Section,5.35.020,5.35.020,Display of fare.,5,Title 5 Business Licenses and Regulations,5.35,https://topeka.municipal.codes/TMC/5.35.020
Section,5.35.030,5.35.030,Conflict with franchised transportation companies prohibited.,5,Title 5 Business Licenses and Regulations,5.35,https://topeka.municipal.codes/TMC/5.35.030
Article,5.35_ArtII,5.35 Art. II,Article II. License,5,Title 5 Business Licenses and Regulations,5.35,https://topeka.municipal.codes/TMC/5.35_ArtII
Section,5.35.040,5.35.040,Required.,5,Title 5 Business Licenses and Regulations,5.35,https://topeka.municipal.codes/TMC/5.35.040
Section,5.35.050,5.35.050,Application.,5,Title 5 Business Licenses and Regulations,5.35,https://topeka.municipal.codes/TMC/5.35.050
Section,5.35.060,5.35.060,Insurance required.,5,Title 5 Business Licenses and Regulations,5.35,https://topeka.municipal.codes/TMC/5.35.060
Section,5.35.070,5.35.070,Fee.,5,Title 5 Business Licenses and Regulations,5.35,https://topeka.municipal.codes/TMC/5.35.070
Section,5.35.080,5.35.080,Issuance.,5,Title 5 Business Licenses and Regulations,5.35,https://topeka.municipal.codes/TMC/5.35.080
Chapter,5.40,5.40,Repealed,5,Title 5 Business Licenses and Regulations,,https://topeka.municipal.codes/TMC/5.40
Chapter,5.45,5.45,Repealed,5,Title 5 Business Licenses and Regulations,,https://topeka.municipal.codes/TMC/5.45
Chapter,5.55,5.55,Cereal Malt Beverage Retailers,5,Title 5 Business Licenses and Regulations,,https://topeka.municipal.codes/TMC/5.55
Section,5.55.010,5.55.010,Definitions – License required – Exemption.,5,Title 5 Business Licenses and Regulations,5.55,https://topeka.municipal.codes/TMC/5.55.010
Section,5.55.020,5.55.020,Application.,5,Title 5 Business Licenses and Regulations,5.55,https://topeka.municipal.codes/TMC/5.55.020
Section,5.55.025,5.55.025,Serving outside the premises.,5,Title 5 Business Licenses and Regulations,5.55,https://topeka.municipal.codes/TMC/5.55.025
Section,5.55.030,5.55.030,Determination if license holder is restaurant.,5,Title 5 Business Licenses and Regulations,5.55,https://topeka.municipal.codes/TMC/5.55.030
Section,5.55.060,5.55.060,Fees – Term.,5,Title 5 Business Licenses and Regulations,5.55,https://topeka.municipal.codes/TMC/5.55.060
Section,5.55.070,5.55.070,CMB license application review – Approval by Governing Body.,5,Title 5 Business Licenses and Regulations,5.55,https://topeka.municipal.codes/TMC/5.55.070
Section,5.55.080,5.55.080,Prohibited zones established.,5,Title 5 Business Licenses and Regulations,5.55,https://topeka.municipal.codes/TMC/5.55.080
Section,5.55.090,5.55.090,Renewal of on-premises retailer’s license in prohibited zones.,5,Title 5 Business Licenses and Regulations,5.55,https://topeka.municipal.codes/TMC/5.55.090
Section,5.55.100,5.55.100,Inspection approval – Initial inspection.,5,Title 5 Business Licenses and Regulations,5.55,https://topeka.municipal.codes/TMC/5.55.100
Section,5.55.110,5.55.110,Inspection approval – Inspection – License renewals.,5,Title 5 Business Licenses and Regulations,5.55,https://topeka.municipal.codes/TMC/5.55.110
Section,5.55.150,5.55.150,Transfer.,5,Title 5 Business Licenses and Regulations,5.55,https://topeka.municipal.codes/TMC/5.55.150
Section,5.55.170,5.55.170,Appeal to district court.,5,Title 5 Business Licenses and Regulations,5.55,https://topeka.municipal.codes/TMC/5.55.170
Chapter,5.60,5.60,Temporary Permits,5,Title 5 Business Licenses and Regulations,,https://topeka.municipal.codes/TMC/5.60
Section,5.60.010,5.60.010,City temporary permit.,5,Title 5 Business Licenses and Regulations,5.60,https://topeka.municipal.codes/TMC/5.60.010
Chapter,5.63,5.63,Construction and Building Licenses,5,Title 5 Business Licenses and Regulations,,https://topeka.municipal.codes/TMC/5.63
Section,5.63.010,5.63.010,Definitions.,5,Title 5 Business Licenses and Regulations,5.63,https://topeka.municipal.codes/TMC/5.63.010
Section,5.63.020,5.63.020,Insurance.,5,Title 5 Business Licenses and Regulations,5.63,https://topeka.municipal.codes/TMC/5.63.020
Section,5.63.030,5.63.030,License required – Water softener/conditioner additional authorized work.,5,Title 5 Business Licenses and Regulations,5.63,https://topeka.municipal.codes/TMC/5.63.030
Section,5.63.040,5.63.040,Licenses and registrations term.,5,Title 5 Business Licenses and Regulations,5.63,https://topeka.municipal.codes/TMC/5.63.040
Section,5.63.050,5.63.050,Fees.,5,Title 5 Business Licenses and Regulations,5.63,https://topeka.municipal.codes/TMC/5.63.050
Section,5.63.060,5.63.060,Nontrade contractor license.,5,Title 5 Business Licenses and Regulations,5.63,https://topeka.municipal.codes/TMC/5.63.060
Section,5.63.070,5.63.070,Trade contractor license.,5,Title 5 Business Licenses and Regulations,5.63,https://topeka.municipal.codes/TMC/5.63.070
Section,5.63.080,5.63.080,"Apprentice, journeyman and master registration and license.",5,Title 5 Business Licenses and Regulations,5.63,https://topeka.municipal.codes/TMC/5.63.080
Section,5.63.090,5.63.090,Utility firms exempt.,5,Title 5 Business Licenses and Regulations,5.63,https://topeka.municipal.codes/TMC/5.63.090
Section,5.63.100,5.63.100,Grandfather provisions for certain mechanical licenses.,5,Title 5 Business Licenses and Regulations,5.63,https://topeka.municipal.codes/TMC/5.63.100
Section,5.63.110,5.63.110,Display of all contractor’s licenses and business names.,5,Title 5 Business Licenses and Regulations,5.63,https://topeka.municipal.codes/TMC/5.63.110
Section,5.63.120,5.63.120,Boards.,5,Title 5 Business Licenses and Regulations,5.63,https://topeka.municipal.codes/TMC/5.63.120
Chapter,5.65,5.65,Repealed,5,Title 5 Business Licenses and Regulations,,https://topeka.municipal.codes/TMC/5.65
Chapter,5.70,5.70,Repealed,5,Title 5 Business Licenses and Regulations,,https://topeka.municipal.codes/TMC/5.70
Chapter,5.75,5.75,Going-Out-of-Business or Altered Goods Sales,5,Title 5 Business Licenses and Regulations,,https://topeka.municipal.codes/TMC/5.75
Article,5.75_ArtI,5.75 Art. I,Article I. Generally,5,Title 5 Business Licenses and Regulations,5.75,https://topeka.municipal.codes/TMC/5.75_ArtI
Section,5.75.010,5.75.010,Definitions.,5,Title 5 Business Licenses and Regulations,5.75,https://topeka.municipal.codes/TMC/5.75.010
Section,5.75.020,5.75.020,Persons exempted.,5,Title 5 Business Licenses and Regulations,5.75,https://topeka.municipal.codes/TMC/5.75.020
Section,5.75.030,5.75.030,Advertising.,5,Title 5 Business Licenses and Regulations,5.75,https://topeka.municipal.codes/TMC/5.75.030
Section,5.75.040,5.75.040,Keeping duplicate inventory.,5,Title 5 Business Licenses and Regulations,5.75,https://topeka.municipal.codes/TMC/5.75.040
Section,5.75.050,5.75.050,Adherence to inventory.,5,Title 5 Business Licenses and Regulations,5.75,https://topeka.municipal.codes/TMC/5.75.050
Section,5.75.060,5.75.060,Segregating noninventoried goods.,5,Title 5 Business Licenses and Regulations,5.75,https://topeka.municipal.codes/TMC/5.75.060
Article,5.75_ArtII,5.75 Art. II,Article II. Permit,5,Title 5 Business Licenses and Regulations,5.75,https://topeka.municipal.codes/TMC/5.75_ArtII
Section,5.75.070,5.75.070,Required.,5,Title 5 Business Licenses and Regulations,5.75,https://topeka.municipal.codes/TMC/5.75.070
Section,5.75.080,5.75.080,Application.,5,Title 5 Business Licenses and Regulations,5.75,https://topeka.municipal.codes/TMC/5.75.080
Section,5.75.090,5.75.090,Fees.,5,Title 5 Business Licenses and Regulations,5.75,https://topeka.municipal.codes/TMC/5.75.090
Section,5.75.100,5.75.100,Causes for denial.,5,Title 5 Business Licenses and Regulations,5.75,https://topeka.municipal.codes/TMC/5.75.100
Section,5.75.110,5.75.110,Restricted locations.,5,Title 5 Business Licenses and Regulations,5.75,https://topeka.municipal.codes/TMC/5.75.110
Section,5.75.120,5.75.120,Surrender of business license upon issuance.,5,Title 5 Business Licenses and Regulations,5.75,https://topeka.municipal.codes/TMC/5.75.120
Section,5.75.130,5.75.130,Authorized sales.,5,Title 5 Business Licenses and Regulations,5.75,https://topeka.municipal.codes/TMC/5.75.130
Section,5.75.140,5.75.140,Transfer.,5,Title 5 Business Licenses and Regulations,5.75,https://topeka.municipal.codes/TMC/5.75.140
Section,5.75.150,5.75.150,Expiration.,5,Title 5 Business Licenses and Regulations,5.75,https://topeka.municipal.codes/TMC/5.75.150
Section,5.75.160,5.75.160,Renewal.,5,Title 5 Business Licenses and Regulations,5.75,https://topeka.municipal.codes/TMC/5.75.160
Chapter,5.80,5.80,Repealed,5,Title 5 Business Licenses and Regulations,,https://topeka.municipal.codes/TMC/5.80
Chapter,5.90,5.90,Merchant or Private Police,5,Title 5 Business Licenses and Regulations,,https://topeka.municipal.codes/TMC/5.90
Article,5.90_ArtI,5.90 Art. I,Article I. Generally,5,Title 5 Business Licenses and Regulations,5.90,https://topeka.municipal.codes/TMC/5.90_ArtI
Section,5.90.010,5.90.010,Definitions.,5,Title 5 Business Licenses and Regulations,5.90,https://topeka.municipal.codes/TMC/5.90.010
Section,5.90.020,5.90.020,Uniforms.,5,Title 5 Business Licenses and Regulations,5.90,https://topeka.municipal.codes/TMC/5.90.020
Section,5.90.030,5.90.030,Vehicles.,5,Title 5 Business Licenses and Regulations,5.90,https://topeka.municipal.codes/TMC/5.90.030
Section,5.90.040,5.90.040,"Use of words “police officer” in advertising, upon premises or equipment.",5,Title 5 Business Licenses and Regulations,5.90,https://topeka.municipal.codes/TMC/5.90.040
Section,5.90.060,5.90.060,Change in personnel.,5,Title 5 Business Licenses and Regulations,5.90,https://topeka.municipal.codes/TMC/5.90.060
Section,5.90.070,5.90.070,Changing place of business.,5,Title 5 Business Licenses and Regulations,5.90,https://topeka.municipal.codes/TMC/5.90.070
Section,5.90.080,5.90.080,Vehicle information.,5,Title 5 Business Licenses and Regulations,5.90,https://topeka.municipal.codes/TMC/5.90.080
Section,5.90.090,5.90.090,Interference or obstruction of justice.,5,Title 5 Business Licenses and Regulations,5.90,https://topeka.municipal.codes/TMC/5.90.090
Article,5.90_ArtII,5.90 Art. II,Article II. License,5,Title 5 Business Licenses and Regulations,5.90,https://topeka.municipal.codes/TMC/5.90_ArtII
Section,5.90.100,5.90.100,Required.,5,Title 5 Business Licenses and Regulations,5.90,https://topeka.municipal.codes/TMC/5.90.100
Section,5.90.110,5.90.110,Application.,5,Title 5 Business Licenses and Regulations,5.90,https://topeka.municipal.codes/TMC/5.90.110
Section,5.90.120,5.90.120,Temporary license permit.,5,Title 5 Business Licenses and Regulations,5.90,https://topeka.municipal.codes/TMC/5.90.120
Section,5.90.130,5.90.130,Licensing procedure – Appeals.,5,Title 5 Business Licenses and Regulations,5.90,https://topeka.municipal.codes/TMC/5.90.130
Section,5.90.140,5.90.140,"Qualifications – Denial, suspension or revocation of licenses – Procedure – Appeals – Emergency suspensions.",5,Title 5 Business Licenses and Regulations,5.90,https://topeka.municipal.codes/TMC/5.90.140
Section,5.90.150,5.90.150,Insurance.,5,Title 5 Business Licenses and Regulations,5.90,https://topeka.municipal.codes/TMC/5.90.150
Section,5.90.160,5.90.160,Issuance.,5,Title 5 Business Licenses and Regulations,5.90,https://topeka.municipal.codes/TMC/5.90.160
Section,5.90.170,5.90.170,Identification cards.,5,Title 5 Business Licenses and Regulations,5.90,https://topeka.municipal.codes/TMC/5.90.170
Section,5.90.180,5.90.180,Transfer.,5,Title 5 Business Licenses and Regulations,5.90,https://topeka.municipal.codes/TMC/5.90.180
Section,5.90.190,5.90.190,Renewal.,5,Title 5 Business Licenses and Regulations,5.90,https://topeka.municipal.codes/TMC/5.90.190
Section,5.90.200,5.90.200,Rules and regulations authority.,5,Title 5 Business Licenses and Regulations,5.90,https://topeka.municipal.codes/TMC/5.90.200
Chapter,5.95,5.95,Mobile Home Contractors and Craftsmen,5,Title 5 Business Licenses and Regulations,,https://topeka.municipal.codes/TMC/5.95
Section,5.95.010,5.95.010,Required.,5,Title 5 Business Licenses and Regulations,5.95,https://topeka.municipal.codes/TMC/5.95.010
Section,5.95.020,5.95.020,Craftsman classes established.,5,Title 5 Business Licenses and Regulations,5.95,https://topeka.municipal.codes/TMC/5.95.020
Section,5.95.030,5.95.030,Craftsmen applications.,5,Title 5 Business Licenses and Regulations,5.95,https://topeka.municipal.codes/TMC/5.95.030
Section,5.95.040,5.95.040,Contractor’s application.,5,Title 5 Business Licenses and Regulations,5.95,https://topeka.municipal.codes/TMC/5.95.040
Section,5.95.050,5.95.050,Contractor required to employ master mobile home craftsman.,5,Title 5 Business Licenses and Regulations,5.95,https://topeka.municipal.codes/TMC/5.95.050
Section,5.95.060,5.95.060,Nonresident mobile home craftsman.,5,Title 5 Business Licenses and Regulations,5.95,https://topeka.municipal.codes/TMC/5.95.060
Section,5.95.070,5.95.070,Examinations – Scope.,5,Title 5 Business Licenses and Regulations,5.95,https://topeka.municipal.codes/TMC/5.95.070
Section,5.95.080,5.95.080,Issuance.,5,Title 5 Business Licenses and Regulations,5.95,https://topeka.municipal.codes/TMC/5.95.080
Section,5.95.090,5.95.090,Insurance required.,5,Title 5 Business Licenses and Regulations,5.95,https://topeka.municipal.codes/TMC/5.95.090
Section,5.95.100,5.95.100,Suspension or revocation of license.,5,Title 5 Business Licenses and Regulations,5.95,https://topeka.municipal.codes/TMC/5.95.100
Chapter,5.100,5.100,Mobile Home Parks,5,Title 5 Business Licenses and Regulations,,https://topeka.municipal.codes/TMC/5.100
Section,5.100.010,5.100.010,Required.,5,Title 5 Business Licenses and Regulations,5.100,https://topeka.municipal.codes/TMC/5.100.010
Section,5.100.020,5.100.020,Transfer.,5,Title 5 Business Licenses and Regulations,5.100,https://topeka.municipal.codes/TMC/5.100.020
Section,5.100.030,5.100.030,Application – Fee – Issuance – Renewal.,5,Title 5 Business Licenses and Regulations,5.100,https://topeka.municipal.codes/TMC/5.100.030
Section,5.100.040,5.100.040,"Investigation of violations, fee.",5,Title 5 Business Licenses and Regulations,5.100,https://topeka.municipal.codes/TMC/5.100.040
Section,5.100.050,5.100.050,Certification by Code Enforcement Director.,5,Title 5 Business Licenses and Regulations,5.100,https://topeka.municipal.codes/TMC/5.100.050
Section,5.100.060,5.100.060,Issuance does not convey construction rights.,5,Title 5 Business Licenses and Regulations,5.100,https://topeka.municipal.codes/TMC/5.100.060
Section,5.100.070,5.100.070,"Expiration, renewal.",5,Title 5 Business Licenses and Regulations,5.100,https://topeka.municipal.codes/TMC/5.100.070
Section,5.100.080,5.100.080,"Revocation, suspension.",5,Title 5 Business Licenses and Regulations,5.100,https://topeka.municipal.codes/TMC/5.100.080
Section,5.100.090,5.100.090,Appeal of orders – Court review.,5,Title 5 Business Licenses and Regulations,5.100,https://topeka.municipal.codes/TMC/5.100.090
Chapter,5.105,5.105,Repealed,5,Title 5 Business Licenses and Regulations,,https://topeka.municipal.codes/TMC/5.105
Chapter,5.110,5.110,Pawnbrokers,5,Title 5 Business Licenses and Regulations,,https://topeka.municipal.codes/TMC/5.110
Article,5.110_ArtI,5.110 Art. I,Article I. Generally,5,Title 5 Business Licenses and Regulations,5.110,https://topeka.municipal.codes/TMC/5.110_ArtI
Section,5.110.010,5.110.010,Definitions.,5,Title 5 Business Licenses and Regulations,5.110,https://topeka.municipal.codes/TMC/5.110.010
Section,5.110.020,5.110.020,Register.,5,Title 5 Business Licenses and Regulations,5.110,https://topeka.municipal.codes/TMC/5.110.020
Section,5.110.030,5.110.030,Reports to Chief of Police.,5,Title 5 Business Licenses and Regulations,5.110,https://topeka.municipal.codes/TMC/5.110.030
Section,5.110.040,5.110.040,Records and reports on dealings outside licensed premises.,5,Title 5 Business Licenses and Regulations,5.110,https://topeka.municipal.codes/TMC/5.110.040
Section,5.110.050,5.110.050,Inspection of premises – Seizures.,5,Title 5 Business Licenses and Regulations,5.110,https://topeka.municipal.codes/TMC/5.110.050
Section,5.110.060,5.110.060,Written contract required for loans.,5,Title 5 Business Licenses and Regulations,5.110,https://topeka.municipal.codes/TMC/5.110.060
Section,5.110.070,5.110.070,Redeeming pledge.,5,Title 5 Business Licenses and Regulations,5.110,https://topeka.municipal.codes/TMC/5.110.070
Section,5.110.080,5.110.080,Interest and charges.,5,Title 5 Business Licenses and Regulations,5.110,https://topeka.municipal.codes/TMC/5.110.080
Section,5.110.090,5.110.090,Term of loan.,5,Title 5 Business Licenses and Regulations,5.110,https://topeka.municipal.codes/TMC/5.110.090
Section,5.110.100,5.110.100,Absolute purchases.,5,Title 5 Business Licenses and Regulations,5.110,https://topeka.municipal.codes/TMC/5.110.100
Section,5.110.110,5.110.110,Employment of certain persons prohibited.,5,Title 5 Business Licenses and Regulations,5.110,https://topeka.municipal.codes/TMC/5.110.110
Section,5.110.120,5.110.120,Certain transactions prohibited.,5,Title 5 Business Licenses and Regulations,5.110,https://topeka.municipal.codes/TMC/5.110.120
Section,5.110.130,5.110.130,Liability for attorneys’ fees for wrongfully withholding stolen property.,5,Title 5 Business Licenses and Regulations,5.110,https://topeka.municipal.codes/TMC/5.110.130
Article,5.110_ArtII,5.110 Art. II,Article II. License,5,Title 5 Business Licenses and Regulations,5.110,https://topeka.municipal.codes/TMC/5.110_ArtII
Section,5.110.140,5.110.140,Required.,5,Title 5 Business Licenses and Regulations,5.110,https://topeka.municipal.codes/TMC/5.110.140
Section,5.110.150,5.110.150,Application – Statement and inventory.,5,Title 5 Business Licenses and Regulations,5.110,https://topeka.municipal.codes/TMC/5.110.150
Section,5.110.160,5.110.160,Fee.,5,Title 5 Business Licenses and Regulations,5.110,https://topeka.municipal.codes/TMC/5.110.160
Section,5.110.170,5.110.170,Causes for mandatory denial.,5,Title 5 Business Licenses and Regulations,5.110,https://topeka.municipal.codes/TMC/5.110.170
Section,5.110.180,5.110.180,Qualifications of shareholders.,5,Title 5 Business Licenses and Regulations,5.110,https://topeka.municipal.codes/TMC/5.110.180
Section,5.110.190,5.110.190,License to show name and address.,5,Title 5 Business Licenses and Regulations,5.110,https://topeka.municipal.codes/TMC/5.110.190
Section,5.110.200,5.110.200,Display.,5,Title 5 Business Licenses and Regulations,5.110,https://topeka.municipal.codes/TMC/5.110.200
Section,5.110.210,5.110.210,Transfer.,5,Title 5 Business Licenses and Regulations,5.110,https://topeka.municipal.codes/TMC/5.110.210
Section,5.110.220,5.110.220,Change of business location.,5,Title 5 Business Licenses and Regulations,5.110,https://topeka.municipal.codes/TMC/5.110.220
Section,5.110.230,5.110.230,"Suspension, revocation.",5,Title 5 Business Licenses and Regulations,5.110,https://topeka.municipal.codes/TMC/5.110.230
Chapter,5.115,5.115,"Peddlers, Solicitors and Itinerant Merchants",5,Title 5 Business Licenses and Regulations,,https://topeka.municipal.codes/TMC/5.115
Section,5.115.010,5.115.010,Definitions.,5,Title 5 Business Licenses and Regulations,5.115,https://topeka.municipal.codes/TMC/5.115.010
Section,5.115.020,5.115.020,"Transient vendor, peddler, solicitor – License required – Exceptions.",5,Title 5 Business Licenses and Regulations,5.115,https://topeka.municipal.codes/TMC/5.115.020
Section,5.115.030,5.115.030,"Transient vendor, peddler, solicitor – License application – Fee – Duration.",5,Title 5 Business Licenses and Regulations,5.115,https://topeka.municipal.codes/TMC/5.115.030
Section,5.115.040,5.115.040,"Transient vendor, peddler, solicitor – License issuance – Denial – Right to appeal.",5,Title 5 Business Licenses and Regulations,5.115,https://topeka.municipal.codes/TMC/5.115.040
Section,5.115.050,5.115.050,"Transient vendor, peddler, solicitor – Prohibited acts.",5,Title 5 Business Licenses and Regulations,5.115,https://topeka.municipal.codes/TMC/5.115.050
Section,5.115.060,5.115.060,"Transient vendor, peddler, solicitor – Display of license.",5,Title 5 Business Licenses and Regulations,5.115,https://topeka.municipal.codes/TMC/5.115.060
Section,5.115.070,5.115.070,Sidewalk vendor – License required – Exceptions.,5,Title 5 Business Licenses and Regulations,5.115,https://topeka.municipal.codes/TMC/5.115.070
Section,5.115.080,5.115.080,Sidewalk vendor – License application – Fee – Duration.,5,Title 5 Business Licenses and Regulations,5.115,https://topeka.municipal.codes/TMC/5.115.080
Section,5.115.090,5.115.090,Sidewalk vendor – License issuance – Denial – Right to appeal.,5,Title 5 Business Licenses and Regulations,5.115,https://topeka.municipal.codes/TMC/5.115.090
Section,5.115.100,5.115.100,Sidewalk vendor – Prohibited acts.,5,Title 5 Business Licenses and Regulations,5.115,https://topeka.municipal.codes/TMC/5.115.100
Section,5.115.110,5.115.110,Sidewalk vendor – Display of license.,5,Title 5 Business Licenses and Regulations,5.115,https://topeka.municipal.codes/TMC/5.115.110
Section,5.115.120,5.115.120,Sidewalk vendor – One location – Use of sidewalk.,5,Title 5 Business Licenses and Regulations,5.115,https://topeka.municipal.codes/TMC/5.115.120
Section,5.115.130,5.115.130,Flea market promoter – License required.,5,Title 5 Business Licenses and Regulations,5.115,https://topeka.municipal.codes/TMC/5.115.130
Section,5.115.140,5.115.140,Flea market promoter – License application – Fee – Duration.,5,Title 5 Business Licenses and Regulations,5.115,https://topeka.municipal.codes/TMC/5.115.140
Section,5.115.150,5.115.150,Flea market promoter – License issuance – Denial – Right to appeal.,5,Title 5 Business Licenses and Regulations,5.115,https://topeka.municipal.codes/TMC/5.115.150
Section,5.115.160,5.115.160,Flea market promoter – Display of license.,5,Title 5 Business Licenses and Regulations,5.115,https://topeka.municipal.codes/TMC/5.115.160
Section,5.115.170,5.115.170,Flea market promoter – Records.,5,Title 5 Business Licenses and Regulations,5.115,https://topeka.municipal.codes/TMC/5.115.170
Section,5.115.180,5.115.180,Mobile food vendors – License required – Exceptions.,5,Title 5 Business Licenses and Regulations,5.115,https://topeka.municipal.codes/TMC/5.115.180
Section,5.115.190,5.115.190,Mobile food vendor – License application – Fee – Duration.,5,Title 5 Business Licenses and Regulations,5.115,https://topeka.municipal.codes/TMC/5.115.190
Section,5.115.200,5.115.200,Mobile food vendor – License issuance – Denial – Right to appeal.,5,Title 5 Business Licenses and Regulations,5.115,https://topeka.municipal.codes/TMC/5.115.200
Section,5.115.210,5.115.210,Mobile food vendor – Prohibited acts.,5,Title 5 Business Licenses and Regulations,5.115,https://topeka.municipal.codes/TMC/5.115.210
Section,5.115.220,5.115.220,Mobile food vendors – Display of license.,5,Title 5 Business Licenses and Regulations,5.115,https://topeka.municipal.codes/TMC/5.115.220
Chapter,5.120,5.120,Repealed,5,Title 5 Business Licenses and Regulations,,https://topeka.municipal.codes/TMC/5.120
Chapter,5.125,5.125,Precious Metals Dealers,5,Title 5 Business Licenses and Regulations,,https://topeka.municipal.codes/TMC/5.125
Article,5.125_ArtI,5.125 Art. I,Article I. Generally,5,Title 5 Business Licenses and Regulations,5.125,https://topeka.municipal.codes/TMC/5.125_ArtI
Section,5.125.010,5.125.010,Definitions.,5,Title 5 Business Licenses and Regulations,5.125,https://topeka.municipal.codes/TMC/5.125.010
Section,5.125.020,5.125.020,Inspection to determine compliance.,5,Title 5 Business Licenses and Regulations,5.125,https://topeka.municipal.codes/TMC/5.125.020
Section,5.125.030,5.125.030,"Books, accounts and records required to be kept.",5,Title 5 Business Licenses and Regulations,5.125,https://topeka.municipal.codes/TMC/5.125.030
Section,5.125.040,5.125.040,Requirements for individual transactions.,5,Title 5 Business Licenses and Regulations,5.125,https://topeka.municipal.codes/TMC/5.125.040
Section,5.125.050,5.125.050,Record of transactions.,5,Title 5 Business Licenses and Regulations,5.125,https://topeka.municipal.codes/TMC/5.125.050
Section,5.125.060,5.125.060,Transactions with minors.,5,Title 5 Business Licenses and Regulations,5.125,https://topeka.municipal.codes/TMC/5.125.060
Section,5.125.070,5.125.070,Weekly report of property purchased – Holding period for purchases – Report not open to public inspection.,5,Title 5 Business Licenses and Regulations,5.125,https://topeka.municipal.codes/TMC/5.125.070
Article,5.125_ArtII,5.125 Art. II,Article II. License,5,Title 5 Business Licenses and Regulations,5.125,https://topeka.municipal.codes/TMC/5.125_ArtII
Section,5.125.080,5.125.080,Required.,5,Title 5 Business Licenses and Regulations,5.125,https://topeka.municipal.codes/TMC/5.125.080
Section,5.125.090,5.125.090,Application – Fee.,5,Title 5 Business Licenses and Regulations,5.125,https://topeka.municipal.codes/TMC/5.125.090
Section,5.125.100,5.125.100,Qualifications of applicant.,5,Title 5 Business Licenses and Regulations,5.125,https://topeka.municipal.codes/TMC/5.125.100
Section,5.125.110,5.125.110,Contents – Display – License for each place of business.,5,Title 5 Business Licenses and Regulations,5.125,https://topeka.municipal.codes/TMC/5.125.110
Section,5.125.120,5.125.120,Change in location – Restrictions.,5,Title 5 Business Licenses and Regulations,5.125,https://topeka.municipal.codes/TMC/5.125.120
Section,5.125.130,5.125.130,Suspension or revocation – Notice and hearing.,5,Title 5 Business Licenses and Regulations,5.125,https://topeka.municipal.codes/TMC/5.125.130
Chapter,5.130,5.130,Repealed,5,Title 5 Business Licenses and Regulations,,https://topeka.municipal.codes/TMC/5.130
Chapter,5.135,5.135,Salvage Yards,5,Title 5 Business Licenses and Regulations,,https://topeka.municipal.codes/TMC/5.135
Section,5.135.020,5.135.020,Definitions.,5,Title 5 Business Licenses and Regulations,5.135,https://topeka.municipal.codes/TMC/5.135.020
Section,5.135.030,5.135.030,Purpose.,5,Title 5 Business Licenses and Regulations,5.135,https://topeka.municipal.codes/TMC/5.135.030
Section,5.135.040,5.135.040,Prohibited in residential areas – Exception.,5,Title 5 Business Licenses and Regulations,5.135,https://topeka.municipal.codes/TMC/5.135.040
Section,5.135.050,5.135.050,Permit.,5,Title 5 Business Licenses and Regulations,5.135,https://topeka.municipal.codes/TMC/5.135.050
Section,5.135.060,5.135.060,General operating requirements.,5,Title 5 Business Licenses and Regulations,5.135,https://topeka.municipal.codes/TMC/5.135.060
Section,5.135.070,5.135.070,Periodic inspections of salvage yard locations – Revocation of permit.,5,Title 5 Business Licenses and Regulations,5.135,https://topeka.municipal.codes/TMC/5.135.070
Section,5.135.080,5.135.080,Proper storage.,5,Title 5 Business Licenses and Regulations,5.135,https://topeka.municipal.codes/TMC/5.135.080
Section,5.135.090,5.135.090,Area to be weed free.,5,Title 5 Business Licenses and Regulations,5.135,https://topeka.municipal.codes/TMC/5.135.090
Section,5.135.100,5.135.100,Use of rodent poisoning.,5,Title 5 Business Licenses and Regulations,5.135,https://topeka.municipal.codes/TMC/5.135.100
Section,5.135.110,5.135.110,Violations to affect secondhand dealer licensing.,5,Title 5 Business Licenses and Regulations,5.135,https://topeka.municipal.codes/TMC/5.135.110
Chapter,5.140,5.140,Secondhand Dealers,5,Title 5 Business Licenses and Regulations,,https://topeka.municipal.codes/TMC/5.140
Article,5.140_ArtI,5.140 Art. I,Article I. Generally,5,Title 5 Business Licenses and Regulations,5.140,https://topeka.municipal.codes/TMC/5.140_ArtI
Section,5.140.010,5.140.010,Defined.,5,Title 5 Business Licenses and Regulations,5.140,https://topeka.municipal.codes/TMC/5.140.010
Section,5.140.020,5.140.020,Garage sale defined.,5,Title 5 Business Licenses and Regulations,5.140,https://topeka.municipal.codes/TMC/5.140.020
Section,5.140.030,5.140.030,Auction defined.,5,Title 5 Business Licenses and Regulations,5.140,https://topeka.municipal.codes/TMC/5.140.030
Section,5.140.040,5.140.040,Purchases from certain persons prohibited.,5,Title 5 Business Licenses and Regulations,5.140,https://topeka.municipal.codes/TMC/5.140.040
Article,5.140_ArtII,5.140 Art. II,Article II. License,5,Title 5 Business Licenses and Regulations,5.140,https://topeka.municipal.codes/TMC/5.140_ArtII
Section,5.140.050,5.140.050,Required.,5,Title 5 Business Licenses and Regulations,5.140,https://topeka.municipal.codes/TMC/5.140.050
Section,5.140.060,5.140.060,Fee.,5,Title 5 Business Licenses and Regulations,5.140,https://topeka.municipal.codes/TMC/5.140.060
Chapter,5.145,5.145,Repealed,5,Title 5 Business Licenses and Regulations,,https://topeka.municipal.codes/TMC/5.145
Chapter,5.150,5.150,Sign Erectors,5,Title 5 Business Licenses and Regulations,,https://topeka.municipal.codes/TMC/5.150
Section,5.150.010,5.150.010,Required.,5,Title 5 Business Licenses and Regulations,5.150,https://topeka.municipal.codes/TMC/5.150.010
Section,5.150.020,5.150.020,Exemptions.,5,Title 5 Business Licenses and Regulations,5.150,https://topeka.municipal.codes/TMC/5.150.020
Section,5.150.030,5.150.030,Fee.,5,Title 5 Business Licenses and Regulations,5.150,https://topeka.municipal.codes/TMC/5.150.030
Section,5.150.040,5.150.040,Bond or insurance prerequisite to issuance.,5,Title 5 Business Licenses and Regulations,5.150,https://topeka.municipal.codes/TMC/5.150.040
Chapter,5.155,5.155,Taxicabs,5,Title 5 Business Licenses and Regulations,,https://topeka.municipal.codes/TMC/5.155
Article,5.155_ArtI,5.155 Art. I,Article I. Business License,5,Title 5 Business Licenses and Regulations,5.155,https://topeka.municipal.codes/TMC/5.155_ArtI
Section,5.155.010,5.155.010,Required.,5,Title 5 Business Licenses and Regulations,5.155,https://topeka.municipal.codes/TMC/5.155.010
Section,5.155.020,5.155.020,Application.,5,Title 5 Business Licenses and Regulations,5.155,https://topeka.municipal.codes/TMC/5.155.020
Section,5.155.030,5.155.030,Insurance.,5,Title 5 Business Licenses and Regulations,5.155,https://topeka.municipal.codes/TMC/5.155.030
Section,5.155.040,5.155.040,Issuance of license.,5,Title 5 Business Licenses and Regulations,5.155,https://topeka.municipal.codes/TMC/5.155.040
Article,5.155_ArtII,5.155 Art. II,Article II. Taxicab Driver’s License,5,Title 5 Business Licenses and Regulations,5.155,https://topeka.municipal.codes/TMC/5.155_ArtII
Section,5.155.050,5.155.050,Required – Renewal.,5,Title 5 Business Licenses and Regulations,5.155,https://topeka.municipal.codes/TMC/5.155.050
Section,5.155.060,5.155.060,Application.,5,Title 5 Business Licenses and Regulations,5.155,https://topeka.municipal.codes/TMC/5.155.060
Section,5.155.070,5.155.070,Qualifications.,5,Title 5 Business Licenses and Regulations,5.155,https://topeka.municipal.codes/TMC/5.155.070
Section,5.155.080,5.155.080,License identification card.,5,Title 5 Business Licenses and Regulations,5.155,https://topeka.municipal.codes/TMC/5.155.080
Section,5.155.090,5.155.090,Fee.,5,Title 5 Business Licenses and Regulations,5.155,https://topeka.municipal.codes/TMC/5.155.090
Section,5.155.100,5.155.100,Appeal of denial.,5,Title 5 Business Licenses and Regulations,5.155,https://topeka.municipal.codes/TMC/5.155.100
Section,5.155.110,5.155.110,Suspension or revocation of license.,5,Title 5 Business Licenses and Regulations,5.155,https://topeka.municipal.codes/TMC/5.155.110
Chapter,5.160,5.160,Tobacco/Novelty Retail License,5,Title 5 Business Licenses and Regulations,,https://topeka.municipal.codes/TMC/5.160
Section,5.160.010,5.160.010,Definitions.,5,Title 5 Business Licenses and Regulations,5.160,https://topeka.municipal.codes/TMC/5.160.010
Section,5.160.020,5.160.020,Regulation.,5,Title 5 Business Licenses and Regulations,5.160,https://topeka.municipal.codes/TMC/5.160.020
Section,5.160.030,5.160.030,Penalty for violation.,5,Title 5 Business Licenses and Regulations,5.160,https://topeka.municipal.codes/TMC/5.160.030
Section,5.160.040,5.160.040,Other provisions.,5,Title 5 Business Licenses and Regulations,5.160,https://topeka.municipal.codes/TMC/5.160.040
Chapter,5.165,5.165,"Tree, Shrub and Vine Services",5,Title 5 Business Licenses and Regulations,,https://topeka.municipal.codes/TMC/5.165
Article,5.165_ArtI,5.165 Art. I,Article I. Generally,5,Title 5 Business Licenses and Regulations,5.165,https://topeka.municipal.codes/TMC/5.165_ArtI
Section,5.165.010,5.165.010,Name and address to be displayed on vehicles and equipment.,5,Title 5 Business Licenses and Regulations,5.165,https://topeka.municipal.codes/TMC/5.165.010
Section,5.165.020,5.165.020,Rules and regulations.,5,Title 5 Business Licenses and Regulations,5.165,https://topeka.municipal.codes/TMC/5.165.020
Article,5.165_ArtII,5.165 Art. II,Article II. License,5,Title 5 Business Licenses and Regulations,5.165,https://topeka.municipal.codes/TMC/5.165_ArtII
Section,5.165.030,5.165.030,Required.,5,Title 5 Business Licenses and Regulations,5.165,https://topeka.municipal.codes/TMC/5.165.030
Section,5.165.040,5.165.040,Application.,5,Title 5 Business Licenses and Regulations,5.165,https://topeka.municipal.codes/TMC/5.165.040
Section,5.165.050,5.165.050,Examination of applicant.,5,Title 5 Business Licenses and Regulations,5.165,https://topeka.municipal.codes/TMC/5.165.050
Section,5.165.060,5.165.060,Approval.,5,Title 5 Business Licenses and Regulations,5.165,https://topeka.municipal.codes/TMC/5.165.060
Section,5.165.070,5.165.070,Insurance requirement.,5,Title 5 Business Licenses and Regulations,5.165,https://topeka.municipal.codes/TMC/5.165.070
Section,5.165.080,5.165.080,Contents.,5,Title 5 Business Licenses and Regulations,5.165,https://topeka.municipal.codes/TMC/5.165.080
Section,5.165.090,5.165.090,Fee.,5,Title 5 Business Licenses and Regulations,5.165,https://topeka.municipal.codes/TMC/5.165.090
Section,5.165.100,5.165.100,Revocation – Appeal.,5,Title 5 Business Licenses and Regulations,5.165,https://topeka.municipal.codes/TMC/5.165.100
Title,6,6,Title 6 Animals,6,Title 6 Animals,,https://topeka.municipal.codes/TMC/6
Chapter,6.05,6.05,General Provisions,6,Title 6 Animals,,https://topeka.municipal.codes/TMC/6.05
Section,6.05.010,6.05.010,Definitions.,6,Title 6 Animals,6.05,https://topeka.municipal.codes/TMC/6.05.010
Section,6.05.020,6.05.020,Animal Control office.,6,Title 6 Animals,6.05,https://topeka.municipal.codes/TMC/6.05.020
Section,6.05.030,6.05.030,Authority of police officers.,6,Title 6 Animals,6.05,https://topeka.municipal.codes/TMC/6.05.030
Section,6.05.040,6.05.040,Complaint and notice to appear.,6,Title 6 Animals,6.05,https://topeka.municipal.codes/TMC/6.05.040
Section,6.05.050,6.05.050,"Violations of title, mandatory minimum punishment.",6,Title 6 Animals,6.05,https://topeka.municipal.codes/TMC/6.05.050
Section,6.05.060,6.05.060,Transportation and handling charges in certain cases.,6,Title 6 Animals,6.05,https://topeka.municipal.codes/TMC/6.05.060
Section,6.05.070,6.05.070,Keeping or harboring animals.,6,Title 6 Animals,6.05,https://topeka.municipal.codes/TMC/6.05.070
Section,6.05.080,6.05.080,Keeping or harboring animals on property upon which no person resides.,6,Title 6 Animals,6.05,https://topeka.municipal.codes/TMC/6.05.080
Section,6.05.090,6.05.090,Running at large prohibited.,6,Title 6 Animals,6.05,https://topeka.municipal.codes/TMC/6.05.090
Section,6.05.100,6.05.100,Cruelty to animals.,6,Title 6 Animals,6.05,https://topeka.municipal.codes/TMC/6.05.100
Section,6.05.110,6.05.110,Injuring or killing of wild and undomesticated animals unlawful – Exceptions.,6,Title 6 Animals,6.05,https://topeka.municipal.codes/TMC/6.05.110
Section,6.05.120,6.05.120,Animal fighting.,6,Title 6 Animals,6.05,https://topeka.municipal.codes/TMC/6.05.120
Section,6.05.130,6.05.130,Deceased animals.,6,Title 6 Animals,6.05,https://topeka.municipal.codes/TMC/6.05.130
Chapter,6.10,6.10,Rabies Control,6,Title 6 Animals,,https://topeka.municipal.codes/TMC/6.10
Section,6.10.010,6.10.010,Report of certain animals.,6,Title 6 Animals,6.10,https://topeka.municipal.codes/TMC/6.10.010
Section,6.10.020,6.10.020,Demand to produce animal – Expense.,6,Title 6 Animals,6.10,https://topeka.municipal.codes/TMC/6.10.020
Section,6.10.030,6.10.030,Killing or removing certain animals restricted.,6,Title 6 Animals,6.10,https://topeka.municipal.codes/TMC/6.10.030
Section,6.10.040,6.10.040,Surrender of animal carcass on demand.,6,Title 6 Animals,6.10,https://topeka.municipal.codes/TMC/6.10.040
Chapter,6.15,6.15,"Dogs, Cats and Pot-Belly Pigs",6,Title 6 Animals,,https://topeka.municipal.codes/TMC/6.15
Section,6.15.010,6.15.010,Permit.,6,Title 6 Animals,6.15,https://topeka.municipal.codes/TMC/6.15.010
Section,6.15.020,6.15.020,When required.,6,Title 6 Animals,6.15,https://topeka.municipal.codes/TMC/6.15.020
Section,6.15.030,6.15.030,Exceptions.,6,Title 6 Animals,6.15,https://topeka.municipal.codes/TMC/6.15.030
Section,6.15.040,6.15.040,Application.,6,Title 6 Animals,6.15,https://topeka.municipal.codes/TMC/6.15.040
Section,6.15.050,6.15.050,Vaccination certificate prerequisite to issuance.,6,Title 6 Animals,6.15,https://topeka.municipal.codes/TMC/6.15.050
Section,6.15.060,6.15.060,Fees.,6,Title 6 Animals,6.15,https://topeka.municipal.codes/TMC/6.15.060
Section,6.15.070,6.15.070,Term.,6,Title 6 Animals,6.15,https://topeka.municipal.codes/TMC/6.15.070
Section,6.15.080,6.15.080,Obtaining permits after deadline – Enforcement procedure.,6,Title 6 Animals,6.15,https://topeka.municipal.codes/TMC/6.15.080
Section,6.15.090,6.15.090,Tag.,6,Title 6 Animals,6.15,https://topeka.municipal.codes/TMC/6.15.090
Section,6.15.100,6.15.100,Unlawful use.,6,Title 6 Animals,6.15,https://topeka.municipal.codes/TMC/6.15.100
Section,6.15.110,6.15.110,When without a tag.,6,Title 6 Animals,6.15,https://topeka.municipal.codes/TMC/6.15.110
Section,6.15.120,6.15.120,Animals at large – Interference.,6,Title 6 Animals,6.15,https://topeka.municipal.codes/TMC/6.15.120
Section,6.15.130,6.15.130,Notification of owner.,6,Title 6 Animals,6.15,https://topeka.municipal.codes/TMC/6.15.130
Section,6.15.140,6.15.140,Detention period.,6,Title 6 Animals,6.15,https://topeka.municipal.codes/TMC/6.15.140
Section,6.15.150,6.15.150,Redemption.,6,Title 6 Animals,6.15,https://topeka.municipal.codes/TMC/6.15.150
Section,6.15.160,6.15.160,Failure to redeem.,6,Title 6 Animals,6.15,https://topeka.municipal.codes/TMC/6.15.160
Section,6.15.170,6.15.170,Dangerous dogs.,6,Title 6 Animals,6.15,https://topeka.municipal.codes/TMC/6.15.170
Section,6.15.180,6.15.180,Confinement of certain dogs required.,6,Title 6 Animals,6.15,https://topeka.municipal.codes/TMC/6.15.180
Section,6.15.190,6.15.190,Confinement of certain cats required.,6,Title 6 Animals,6.15,https://topeka.municipal.codes/TMC/6.15.190
Section,6.15.200,6.15.200,Specific requirements and restrictions.,6,Title 6 Animals,6.15,https://topeka.municipal.codes/TMC/6.15.200
Section,6.15.210,6.15.210,Shelter.,6,Title 6 Animals,6.15,https://topeka.municipal.codes/TMC/6.15.210
Chapter,6.20,6.20,Exotic or Captive Wild Animals,6,Title 6 Animals,,https://topeka.municipal.codes/TMC/6.20
Section,6.20.010,6.20.010,Exotic or captive wild animals.,6,Title 6 Animals,6.20,https://topeka.municipal.codes/TMC/6.20.010
Chapter,6.30,6.30,"Fowl, Poultry",6,Title 6 Animals,,https://topeka.municipal.codes/TMC/6.30
Section,6.30.010,6.30.010,"Restrictions applicable to domestic fowl, poultry.",6,Title 6 Animals,6.30,https://topeka.municipal.codes/TMC/6.30.010
Section,6.30.020,6.30.020,Enclosure required – Running at large prohibited.,6,Title 6 Animals,6.30,https://topeka.municipal.codes/TMC/6.30.020
Section,6.30.030,6.30.030,Destruction of birds and birds’ nests prohibited – Exceptions.,6,Title 6 Animals,6.30,https://topeka.municipal.codes/TMC/6.30.030
Chapter,6.35,6.35,Livestock,6,Title 6 Animals,,https://topeka.municipal.codes/TMC/6.35
Section,6.35.010,6.35.010,Keeping near residences or businesses.,6,Title 6 Animals,6.35,https://topeka.municipal.codes/TMC/6.35.010
Section,6.35.020,6.35.020,Swine prohibited.,6,Title 6 Animals,6.35,https://topeka.municipal.codes/TMC/6.35.020
Section,6.35.030,6.35.030,Exceptions to restrictions on keeping livestock.,6,Title 6 Animals,6.35,https://topeka.municipal.codes/TMC/6.35.030
Section,6.35.040,6.35.040,Running at large or driving herds prohibited.,6,Title 6 Animals,6.35,https://topeka.municipal.codes/TMC/6.35.040
Section,6.35.050,6.35.050,Additional restrictions – Exceptions.,6,Title 6 Animals,6.35,https://topeka.municipal.codes/TMC/6.35.050
Title,7,7,Title 7 (Reserved),7,Title 7 (Reserved),,https://topeka.municipal.codes/TMC/7
Title,8,8,Title 8 Health and Sanitation,8,Title 8 Health and Sanitation,,https://topeka.municipal.codes/TMC/8
Division,8_Div1,8 Div. 1,Division 1. Specific Regulations,8,Title 8 Health and Sanitation,,https://topeka.municipal.codes/TMC/8_Div1
Chapter,8.05,8.05,Burglar and Holdup Alarm Systems,8,Title 8 Health and Sanitation,,https://topeka.municipal.codes/TMC/8.05
Article,8.05_ArtI,8.05 Art. I,Article I. Generally,8,Title 8 Health and Sanitation,8.05,https://topeka.municipal.codes/TMC/8.05_ArtI
Section,8.05.010,8.05.010,Definitions.,8,Title 8 Health and Sanitation,8.05,https://topeka.municipal.codes/TMC/8.05.010
Section,8.05.020,8.05.020,Purpose.,8,Title 8 Health and Sanitation,8.05,https://topeka.municipal.codes/TMC/8.05.020
Section,8.05.030,8.05.030,Inspection.,8,Title 8 Health and Sanitation,8.05,https://topeka.municipal.codes/TMC/8.05.030
Section,8.05.040,8.05.040,Testing equipment.,8,Title 8 Health and Sanitation,8.05,https://topeka.municipal.codes/TMC/8.05.040
Section,8.05.050,8.05.050,Notice of disruption of service.,8,Title 8 Health and Sanitation,8.05,https://topeka.municipal.codes/TMC/8.05.050
Section,8.05.060,8.05.060,Direct connections to Police Department.,8,Title 8 Health and Sanitation,8.05,https://topeka.municipal.codes/TMC/8.05.060
Section,8.05.070,8.05.070,False alarms.,8,Title 8 Health and Sanitation,8.05,https://topeka.municipal.codes/TMC/8.05.070
Section,8.05.080,8.05.080,Flashing lights required for certain buildings.,8,Title 8 Health and Sanitation,8.05,https://topeka.municipal.codes/TMC/8.05.080
Section,8.05.090,8.05.090,Direct connection to TECOM.,8,Title 8 Health and Sanitation,8.05,https://topeka.municipal.codes/TMC/8.05.090
Article,8.05_ArtII,8.05 Art. II,Article II. Automatic Dialing Devices,8,Title 8 Health and Sanitation,8.05,https://topeka.municipal.codes/TMC/8.05_ArtII
Section,8.05.100,8.05.100,Interconnection to primary trunk line.,8,Title 8 Health and Sanitation,8.05,https://topeka.municipal.codes/TMC/8.05.100
Section,8.05.110,8.05.110,Intermediary service.,8,Title 8 Health and Sanitation,8.05,https://topeka.municipal.codes/TMC/8.05.110
Section,8.05.120,8.05.120,Standards.,8,Title 8 Health and Sanitation,8.05,https://topeka.municipal.codes/TMC/8.05.120
Chapter,8.20,8.20,Smoking in Public Places and Places of Employment,8,Title 8 Health and Sanitation,,https://topeka.municipal.codes/TMC/8.20
Article,8.20_ArtI,8.20 Art. I,Article I. Smoking Prohibited – Generally,8,Title 8 Health and Sanitation,8.20,https://topeka.municipal.codes/TMC/8.20_ArtI
Section,8.20.010,8.20.010,Purpose.,8,Title 8 Health and Sanitation,8.20,https://topeka.municipal.codes/TMC/8.20.010
Section,8.20.020,8.20.020,Definitions.,8,Title 8 Health and Sanitation,8.20,https://topeka.municipal.codes/TMC/8.20.020
Section,8.20.030,8.20.030,Prohibition of smoking in public places.,8,Title 8 Health and Sanitation,8.20,https://topeka.municipal.codes/TMC/8.20.030
Section,8.20.040,8.20.040,Prohibition of smoking in places of employment.,8,Title 8 Health and Sanitation,8.20,https://topeka.municipal.codes/TMC/8.20.040
Section,8.20.050,8.20.050,Additional declaration of nonsmoking establishment.,8,Title 8 Health and Sanitation,8.20,https://topeka.municipal.codes/TMC/8.20.050
Section,8.20.060,8.20.060,Application of chapter to City-owned facilities.,8,Title 8 Health and Sanitation,8.20,https://topeka.municipal.codes/TMC/8.20.060
Section,8.20.070,8.20.070,Where smoking is not regulated – Private and public places.,8,Title 8 Health and Sanitation,8.20,https://topeka.municipal.codes/TMC/8.20.070
Section,8.20.080,8.20.080,Posting of signs.,8,Title 8 Health and Sanitation,8.20,https://topeka.municipal.codes/TMC/8.20.080
Section,8.20.090,8.20.090,"Responsibilities of owner, manager or operator.",8,Title 8 Health and Sanitation,8.20,https://topeka.municipal.codes/TMC/8.20.090
Section,8.20.100,8.20.100,Nonretaliation.,8,Title 8 Health and Sanitation,8.20,https://topeka.municipal.codes/TMC/8.20.100
Article,8.20_ArtII,8.20 Art. II,Article II. Enforcement and Penalties,8,Title 8 Health and Sanitation,8.20,https://topeka.municipal.codes/TMC/8.20_ArtII
Section,8.20.110,8.20.110,Enforcement.,8,Title 8 Health and Sanitation,8.20,https://topeka.municipal.codes/TMC/8.20.110
Section,8.20.120,8.20.120,Penalties for violations.,8,Title 8 Health and Sanitation,8.20,https://topeka.municipal.codes/TMC/8.20.120
Section,8.20.130,8.20.130,Record of violations.,8,Title 8 Health and Sanitation,8.20,https://topeka.municipal.codes/TMC/8.20.130
Section,8.20.150,8.20.150,Other applicable laws.,8,Title 8 Health and Sanitation,8.20,https://topeka.municipal.codes/TMC/8.20.150
Section,8.20.160,8.20.160,Severability.,8,Title 8 Health and Sanitation,8.20,https://topeka.municipal.codes/TMC/8.20.160
Chapter,8.25,8.25,Solid Waste,8,Title 8 Health and Sanitation,,https://topeka.municipal.codes/TMC/8.25
Article,8.25_ArtI,8.25 Art. I,Article I. In General,8,Title 8 Health and Sanitation,8.25,https://topeka.municipal.codes/TMC/8.25_ArtI
Section,8.25.010,8.25.010,Deposit in tight receptacles.,8,Title 8 Health and Sanitation,8.25,https://topeka.municipal.codes/TMC/8.25.010
Article,8.25_ArtII,8.25 Art. II,Article II. Litter,8,Title 8 Health and Sanitation,8.25,https://topeka.municipal.codes/TMC/8.25_ArtII
Section,8.25.020,8.25.020,Prohibited.,8,Title 8 Health and Sanitation,8.25,https://topeka.municipal.codes/TMC/8.25.020
Section,8.25.030,8.25.030,Responsibility of persons providing outdoor service.,8,Title 8 Health and Sanitation,8.25,https://topeka.municipal.codes/TMC/8.25.030
Section,8.25.040,8.25.040,Antilitter signs.,8,Title 8 Health and Sanitation,8.25,https://topeka.municipal.codes/TMC/8.25.040
Division,8_Div2,8 Div. 2,Division 2. Fire Prevention and Protection,8,Title 8 Health and Sanitation,,https://topeka.municipal.codes/TMC/8_Div2
Chapter,8.35,8.35,General Provisions,8,Title 8 Health and Sanitation,,https://topeka.municipal.codes/TMC/8.35
Section,8.35.010,8.35.010,Mutual assistance.,8,Title 8 Health and Sanitation,8.35,https://topeka.municipal.codes/TMC/8.35.010
Section,8.35.030,8.35.030,Duty of police at fires.,8,Title 8 Health and Sanitation,8.35,https://topeka.municipal.codes/TMC/8.35.030
Section,8.35.040,8.35.040,Unlawful use of or injury to department property.,8,Title 8 Health and Sanitation,8.35,https://topeka.municipal.codes/TMC/8.35.040
Section,8.35.050,8.35.050,Interfering with fire alarm apparatus.,8,Title 8 Health and Sanitation,8.35,https://topeka.municipal.codes/TMC/8.35.050
Section,8.35.060,8.35.060,Adoption of rules and regulations.,8,Title 8 Health and Sanitation,8.35,https://topeka.municipal.codes/TMC/8.35.060
Section,8.35.070,8.35.070,Fireworks.,8,Title 8 Health and Sanitation,8.35,https://topeka.municipal.codes/TMC/8.35.070
Section,8.35.080,8.35.080,Registration of radioactive isotopes.,8,Title 8 Health and Sanitation,8.35,https://topeka.municipal.codes/TMC/8.35.080
Section,8.35.090,8.35.090,Fire safety for day care facilities.,8,Title 8 Health and Sanitation,8.35,https://topeka.municipal.codes/TMC/8.35.090
Section,8.35.100,8.35.100,Hazardous materials and chemicals emergency response container units (lock box).,8,Title 8 Health and Sanitation,8.35,https://topeka.municipal.codes/TMC/8.35.100
Section,8.35.110,8.35.110,Complaint.,8,Title 8 Health and Sanitation,8.35,https://topeka.municipal.codes/TMC/8.35.110
Section,8.35.120,8.35.120,Service of complaint and notice to appear.,8,Title 8 Health and Sanitation,8.35,https://topeka.municipal.codes/TMC/8.35.120
Section,8.35.130,8.35.130,Form of complaint and notice.,8,Title 8 Health and Sanitation,8.35,https://topeka.municipal.codes/TMC/8.35.130
Chapter,8.40,8.40,Blasting,8,Title 8 Health and Sanitation,,https://topeka.municipal.codes/TMC/8.40
Article,8.40_ArtI,8.40 Art. I,Article I. General Provisions,8,Title 8 Health and Sanitation,8.40,https://topeka.municipal.codes/TMC/8.40_ArtI
Section,8.40.010,8.40.010,Procedures.,8,Title 8 Health and Sanitation,8.40,https://topeka.municipal.codes/TMC/8.40.010
Article,8.40_ArtII,8.40 Art. II,Article II. Permit,8,Title 8 Health and Sanitation,8.40,https://topeka.municipal.codes/TMC/8.40_ArtII
Section,8.40.020,8.40.020,Required.,8,Title 8 Health and Sanitation,8.40,https://topeka.municipal.codes/TMC/8.40.020
Section,8.40.030,8.40.030,Fee.,8,Title 8 Health and Sanitation,8.40,https://topeka.municipal.codes/TMC/8.40.030
Section,8.40.040,8.40.040,Contents.,8,Title 8 Health and Sanitation,8.40,https://topeka.municipal.codes/TMC/8.40.040
Section,8.40.050,8.40.050,Certificate of insurance.,8,Title 8 Health and Sanitation,8.40,https://topeka.municipal.codes/TMC/8.40.050
Section,8.40.060,8.40.060,Second permit.,8,Title 8 Health and Sanitation,8.40,https://topeka.municipal.codes/TMC/8.40.060
Chapter,8.45,8.45,Open Burning,8,Title 8 Health and Sanitation,,https://topeka.municipal.codes/TMC/8.45
Section,8.45.010,8.45.010,Public grounds.,8,Title 8 Health and Sanitation,8.45,https://topeka.municipal.codes/TMC/8.45.010
Section,8.45.020,8.45.020,Open air.,8,Title 8 Health and Sanitation,8.45,https://topeka.municipal.codes/TMC/8.45.020
Section,8.45.030,8.45.030,"Burners, incinerators, barrels and drums.",8,Title 8 Health and Sanitation,8.45,https://topeka.municipal.codes/TMC/8.45.030
Section,8.45.040,8.45.040,Garbage.,8,Title 8 Health and Sanitation,8.45,https://topeka.municipal.codes/TMC/8.45.040
Section,8.45.050,8.45.050,Outdoor stoves – Fireplaces.,8,Title 8 Health and Sanitation,8.45,https://topeka.municipal.codes/TMC/8.45.050
Section,8.45.060,8.45.060,Businesses and industries.,8,Title 8 Health and Sanitation,8.45,https://topeka.municipal.codes/TMC/8.45.060
Chapter,8.50,8.50,Incinerators,8,Title 8 Health and Sanitation,,https://topeka.municipal.codes/TMC/8.50
Section,8.50.010,8.50.010,Standards for approval.,8,Title 8 Health and Sanitation,8.50,https://topeka.municipal.codes/TMC/8.50.010
Section,8.50.020,8.50.020,Violations based on Ringelmann chart.,8,Title 8 Health and Sanitation,8.50,https://topeka.municipal.codes/TMC/8.50.020
Section,8.50.030,8.50.030,Unlawful to exceed emission standards.,8,Title 8 Health and Sanitation,8.50,https://topeka.municipal.codes/TMC/8.50.030
Section,8.50.040,8.50.040,Safety standards.,8,Title 8 Health and Sanitation,8.50,https://topeka.municipal.codes/TMC/8.50.040
Section,8.50.050,8.50.050,Violation of chapter.,8,Title 8 Health and Sanitation,8.50,https://topeka.municipal.codes/TMC/8.50.050
Chapter,8.55,8.55,False Fire Alarms,8,Title 8 Health and Sanitation,,https://topeka.municipal.codes/TMC/8.55
Section,8.55.010,8.55.010,Definitions.,8,Title 8 Health and Sanitation,8.55,https://topeka.municipal.codes/TMC/8.55.010
Section,8.55.020,8.55.020,Purpose.,8,Title 8 Health and Sanitation,8.55,https://topeka.municipal.codes/TMC/8.55.020
Section,8.55.030,8.55.030,Registration requirements.,8,Title 8 Health and Sanitation,8.55,https://topeka.municipal.codes/TMC/8.55.030
Section,8.55.040,8.55.040,Grace period.,8,Title 8 Health and Sanitation,8.55,https://topeka.municipal.codes/TMC/8.55.040
Section,8.55.050,8.55.050,Alarm system testing.,8,Title 8 Health and Sanitation,8.55,https://topeka.municipal.codes/TMC/8.55.050
Section,8.55.060,8.55.060,Fee assessment.,8,Title 8 Health and Sanitation,8.55,https://topeka.municipal.codes/TMC/8.55.060
Section,8.55.070,8.55.070,Alarm system certification.,8,Title 8 Health and Sanitation,8.55,https://topeka.municipal.codes/TMC/8.55.070
Division,8_Div3,8 Div. 3,Division 3. Property Maintenance,8,Title 8 Health and Sanitation,,https://topeka.municipal.codes/TMC/8_Div3
Chapter,8.60,8.60,Administration and Enforcement,8,Title 8 Health and Sanitation,,https://topeka.municipal.codes/TMC/8.60
Section,8.60.010,8.60.010,International Property Maintenance Code – Adopted.,8,Title 8 Health and Sanitation,8.60,https://topeka.municipal.codes/TMC/8.60.010
Section,8.60.020,8.60.020,International Property Maintenance Code – On file in Clerk’s office.,8,Title 8 Health and Sanitation,8.60,https://topeka.municipal.codes/TMC/8.60.020
Section,8.60.030,8.60.030,Code Official designated.,8,Title 8 Health and Sanitation,8.60,https://topeka.municipal.codes/TMC/8.60.030
Section,8.60.040,8.60.040,Amendments – Generally.,8,Title 8 Health and Sanitation,8.60,https://topeka.municipal.codes/TMC/8.60.040
Section,8.60.050,8.60.050,Section 101 – Scope and General Requirements.,8,Title 8 Health and Sanitation,8.60,https://topeka.municipal.codes/TMC/8.60.050
Section,8.60.060,8.60.060,Section 102 – Applicability.,8,Title 8 Health and Sanitation,8.60,https://topeka.municipal.codes/TMC/8.60.060
Section,8.60.070,8.60.070,Section 103 – Code Compliance Agency.,8,Title 8 Health and Sanitation,8.60,https://topeka.municipal.codes/TMC/8.60.070
Section,8.60.080,8.60.080,Section 106 – Hearing.,8,Title 8 Health and Sanitation,8.60,https://topeka.municipal.codes/TMC/8.60.080
Section,8.60.090,8.60.090,Section 107 – Violations.,8,Title 8 Health and Sanitation,8.60,https://topeka.municipal.codes/TMC/8.60.090
Section,8.60.100,8.60.100,Section 108 – Stop work order.,8,Title 8 Health and Sanitation,8.60,https://topeka.municipal.codes/TMC/8.60.100
Section,8.60.110,8.60.110,Section 109 – Unsafe structures and equipment.,8,Title 8 Health and Sanitation,8.60,https://topeka.municipal.codes/TMC/8.60.110
Section,8.60.120,8.60.120,Section 110 – Emergency measures.,8,Title 8 Health and Sanitation,8.60,https://topeka.municipal.codes/TMC/8.60.120
Section,8.60.130,8.60.130,Section 111 – Demolition.,8,Title 8 Health and Sanitation,8.60,https://topeka.municipal.codes/TMC/8.60.130
Section,8.60.140,8.60.140,Section 202 – General definitions.,8,Title 8 Health and Sanitation,8.60,https://topeka.municipal.codes/TMC/8.60.140
Section,8.60.150,8.60.150,Section 302 – Exterior property areas.,8,Title 8 Health and Sanitation,8.60,https://topeka.municipal.codes/TMC/8.60.150
Section,8.60.160,8.60.160,Section 304 – Exterior structure.,8,Title 8 Health and Sanitation,8.60,https://topeka.municipal.codes/TMC/8.60.160
Section,8.60.170,8.60.170,Section 308 – Rubbish and garbage.,8,Title 8 Health and Sanitation,8.60,https://topeka.municipal.codes/TMC/8.60.170
Section,8.60.180,8.60.180,Section 309 – Pest elimination.,8,Title 8 Health and Sanitation,8.60,https://topeka.municipal.codes/TMC/8.60.180
Section,8.60.190,8.60.190,Section 311 – Storm Shelters.,8,Title 8 Health and Sanitation,8.60,https://topeka.municipal.codes/TMC/8.60.190
Section,8.60.200,8.60.200,Section 404 – Occupancy Limitations.,8,Title 8 Health and Sanitation,8.60,https://topeka.municipal.codes/TMC/8.60.200
Section,8.60.210,8.60.210,Section 602 – Heating facilities.,8,Title 8 Health and Sanitation,8.60,https://topeka.municipal.codes/TMC/8.60.210
Section,8.60.220,8.60.220,Section 605 – Electrical equipment.,8,Title 8 Health and Sanitation,8.60,https://topeka.municipal.codes/TMC/8.60.220
Chapter,8.65,8.65,Vacant Property Registration,8,Title 8 Health and Sanitation,,https://topeka.municipal.codes/TMC/8.65
Section,8.65.010,8.65.010,Purpose and intent.,8,Title 8 Health and Sanitation,8.65,https://topeka.municipal.codes/TMC/8.65.010
Section,8.65.020,8.65.020,Definitions.,8,Title 8 Health and Sanitation,8.65,https://topeka.municipal.codes/TMC/8.65.020
Section,8.65.030,8.65.030,Establishment of a registry.,8,Title 8 Health and Sanitation,8.65,https://topeka.municipal.codes/TMC/8.65.030
Section,8.65.040,8.65.040,Repealed.,8,Title 8 Health and Sanitation,8.65,https://topeka.municipal.codes/TMC/8.65.040
Section,8.65.050,8.65.050,Registration of vacant property.,8,Title 8 Health and Sanitation,8.65,https://topeka.municipal.codes/TMC/8.65.050
Section,8.65.060,8.65.060,Maintenance requirements.,8,Title 8 Health and Sanitation,8.65,https://topeka.municipal.codes/TMC/8.65.060
Section,8.65.070,8.65.070,Security requirements.,8,Title 8 Health and Sanitation,8.65,https://topeka.municipal.codes/TMC/8.65.070
Chapter,8.75,8.75,Unsafe Structures,8,Title 8 Health and Sanitation,,https://topeka.municipal.codes/TMC/8.75
Section,8.75.010,8.75.010,Findings.,8,Title 8 Health and Sanitation,8.75,https://topeka.municipal.codes/TMC/8.75.010
Section,8.75.020,8.75.020,Complaint – Notice of hearing.,8,Title 8 Health and Sanitation,8.75,https://topeka.municipal.codes/TMC/8.75.020
Section,8.75.030,8.75.030,Service.,8,Title 8 Health and Sanitation,8.75,https://topeka.municipal.codes/TMC/8.75.030
Section,8.75.040,8.75.040,Hearing.,8,Title 8 Health and Sanitation,8.75,https://topeka.municipal.codes/TMC/8.75.040
Section,8.75.050,8.75.050,Failure to comply.,8,Title 8 Health and Sanitation,8.75,https://topeka.municipal.codes/TMC/8.75.050
Section,8.75.060,8.75.060,Costs – Assessment.,8,Title 8 Health and Sanitation,8.75,https://topeka.municipal.codes/TMC/8.75.060
Section,8.75.070,8.75.070,Criminal.,8,Title 8 Health and Sanitation,8.75,https://topeka.municipal.codes/TMC/8.75.070
Chapter,8.80,8.80,Fire Insurance Proceeds,8,Title 8 Health and Sanitation,,https://topeka.municipal.codes/TMC/8.80
Section,8.80.010,8.80.010,Scope and application.,8,Title 8 Health and Sanitation,8.80,https://topeka.municipal.codes/TMC/8.80.010
Section,8.80.020,8.80.020,Lien.,8,Title 8 Health and Sanitation,8.80,https://topeka.municipal.codes/TMC/8.80.020
Section,8.80.030,8.80.030,Transfer of funds upon settlement of claim.,8,Title 8 Health and Sanitation,8.80,https://topeka.municipal.codes/TMC/8.80.030
Section,8.80.040,8.80.040,Procedure upon receipt of moneys – Investigation.,8,Title 8 Health and Sanitation,8.80,https://topeka.municipal.codes/TMC/8.80.040
Section,8.80.050,8.80.050,Removal of structure – Excess moneys.,8,Title 8 Health and Sanitation,8.80,https://topeka.municipal.codes/TMC/8.80.050
Section,8.80.060,8.80.060,Effect upon insurance policies.,8,Title 8 Health and Sanitation,8.80,https://topeka.municipal.codes/TMC/8.80.060
Section,8.80.070,8.80.070,Insurers – Liability.,8,Title 8 Health and Sanitation,8.80,https://topeka.municipal.codes/TMC/8.80.070
Title,9,9,"Title 9 Public Peace, Morals and Welfare",9,"Title 9 Public Peace, Morals and Welfare",,https://topeka.municipal.codes/TMC/9
Chapter,9.05,9.05,General Provisions,9,"Title 9 Public Peace, Morals and Welfare",,https://topeka.municipal.codes/TMC/9.05
Section,9.05.010,9.05.010,Definitions.,9,"Title 9 Public Peace, Morals and Welfare",9.05,https://topeka.municipal.codes/TMC/9.05.010
Section,9.05.020,9.05.020,Violation of chapter – Penalty.,9,"Title 9 Public Peace, Morals and Welfare",9.05,https://topeka.municipal.codes/TMC/9.05.020
Section,9.05.050,9.05.050,Hauling on Kansas Avenue restricted.,9,"Title 9 Public Peace, Morals and Welfare",9.05,https://topeka.municipal.codes/TMC/9.05.050
Section,9.05.060,9.05.060,Charging or receiving gifts for certain practices – Exemptions.,9,"Title 9 Public Peace, Morals and Welfare",9.05,https://topeka.municipal.codes/TMC/9.05.060
Section,9.05.070,9.05.070,Ticket scalping.,9,"Title 9 Public Peace, Morals and Welfare",9.05,https://topeka.municipal.codes/TMC/9.05.070
Section,9.05.080,9.05.080,Uniform Public Offense Code.,9,"Title 9 Public Peace, Morals and Welfare",9.05,https://topeka.municipal.codes/TMC/9.05.080
Chapter,9.10,9.10,Repealed,9,"Title 9 Public Peace, Morals and Welfare",,https://topeka.municipal.codes/TMC/9.10
Chapter,9.15,9.15,Alcoholic Beverages,9,"Title 9 Public Peace, Morals and Welfare",,https://topeka.municipal.codes/TMC/9.15
Article,9.15_ArtI,9.15 Art. I,Article I. In General,9,"Title 9 Public Peace, Morals and Welfare",9.15,https://topeka.municipal.codes/TMC/9.15_ArtI
Section,9.15.010,9.15.010,Definitions.,9,"Title 9 Public Peace, Morals and Welfare",9.15,https://topeka.municipal.codes/TMC/9.15.010
Section,9.15.020,9.15.020,Unlawful possession or consumption of alcoholic liquor or cereal malt beverages – Exception.,9,"Title 9 Public Peace, Morals and Welfare",9.15,https://topeka.municipal.codes/TMC/9.15.020
Section,9.15.040,9.15.040,Prohibited zones established.,9,"Title 9 Public Peace, Morals and Welfare",9.15,https://topeka.municipal.codes/TMC/9.15.040
Article,9.15_ArtII,9.15 Art. II,Article II. Cereal Malt Beverages,9,"Title 9 Public Peace, Morals and Welfare",9.15,https://topeka.municipal.codes/TMC/9.15_ArtII
Subarticle,9.15_ArtII_SubArtI,9.15 Art. II Subart. I,Subarticle I. Generally,9,"Title 9 Public Peace, Morals and Welfare",9.15,https://topeka.municipal.codes/TMC/9.15_ArtII_SubArtI
Section,9.15.050,9.15.050,Possession of alcoholic liquor on premises licensed to sell cereal malt beverage.,9,"Title 9 Public Peace, Morals and Welfare",9.15,https://topeka.municipal.codes/TMC/9.15.050
Subarticle,9.15_ArtII_SubArtII,9.15 Art. II Subart. II,Subarticle II. Wholesalers and Distributors,9,"Title 9 Public Peace, Morals and Welfare",9.15,https://topeka.municipal.codes/TMC/9.15_ArtII_SubArtII
Section,9.15.060,9.15.060,Sales to licensed retailers only.,9,"Title 9 Public Peace, Morals and Welfare",9.15,https://topeka.municipal.codes/TMC/9.15.060
Section,9.15.070,9.15.070,Hours of delivery.,9,"Title 9 Public Peace, Morals and Welfare",9.15,https://topeka.municipal.codes/TMC/9.15.070
Section,9.15.080,9.15.080,Unlawful beverages.,9,"Title 9 Public Peace, Morals and Welfare",9.15,https://topeka.municipal.codes/TMC/9.15.080
Section,9.15.090,9.15.090,Samples.,9,"Title 9 Public Peace, Morals and Welfare",9.15,https://topeka.municipal.codes/TMC/9.15.090
Subarticle,9.15_ArtII_SubArtIII,9.15 Art. II Subart. III,Subarticle III. Retailers,9,"Title 9 Public Peace, Morals and Welfare",9.15,https://topeka.municipal.codes/TMC/9.15_ArtII_SubArtIII
Section,9.15.100,9.15.100,Hours of sale of cereal malt beverages.,9,"Title 9 Public Peace, Morals and Welfare",9.15,https://topeka.municipal.codes/TMC/9.15.100
Section,9.15.110,9.15.110,Private room prohibited – Exception.,9,"Title 9 Public Peace, Morals and Welfare",9.15,https://topeka.municipal.codes/TMC/9.15.110
Section,9.15.120,9.15.120,Premises to be open to public and police.,9,"Title 9 Public Peace, Morals and Welfare",9.15,https://topeka.municipal.codes/TMC/9.15.120
Section,9.15.130,9.15.130,Unlawful sales of beer or alcoholic liquor by an on-premises or off-premises retailer.,9,"Title 9 Public Peace, Morals and Welfare",9.15,https://topeka.municipal.codes/TMC/9.15.130
Section,9.15.150,9.15.150,Condition of sales by off-premises and on-premises retailers.,9,"Title 9 Public Peace, Morals and Welfare",9.15,https://topeka.municipal.codes/TMC/9.15.150
Section,9.15.160,9.15.160,Restrictions on salespersons.,9,"Title 9 Public Peace, Morals and Welfare",9.15,https://topeka.municipal.codes/TMC/9.15.160
Section,9.15.170,9.15.170,Mixing drinks prohibited – Exception.,9,"Title 9 Public Peace, Morals and Welfare",9.15,https://topeka.municipal.codes/TMC/9.15.170
Section,9.15.180,9.15.180,Purchase from licensed wholesalers or distributors.,9,"Title 9 Public Peace, Morals and Welfare",9.15,https://topeka.municipal.codes/TMC/9.15.180
Section,9.15.190,9.15.190,Lighting.,9,"Title 9 Public Peace, Morals and Welfare",9.15,https://topeka.municipal.codes/TMC/9.15.190
Section,9.15.200,9.15.200,Gambling prohibited.,9,"Title 9 Public Peace, Morals and Welfare",9.15,https://topeka.municipal.codes/TMC/9.15.200
Section,9.15.210,9.15.210,Sanitary condition of premises.,9,"Title 9 Public Peace, Morals and Welfare",9.15,https://topeka.municipal.codes/TMC/9.15.210
Section,9.15.220,9.15.220,Cleansing of utensils.,9,"Title 9 Public Peace, Morals and Welfare",9.15,https://topeka.municipal.codes/TMC/9.15.220
Section,9.15.230,9.15.230,Water closets.,9,"Title 9 Public Peace, Morals and Welfare",9.15,https://topeka.municipal.codes/TMC/9.15.230
Article,9.15_ArtIII,9.15 Art. III,Article III. Alcoholic Liquor,9,"Title 9 Public Peace, Morals and Welfare",9.15,https://topeka.municipal.codes/TMC/9.15_ArtIII
Subarticle,9.15_ArtIII_SubArtI,9.15 Art. III Subart. I,Subarticle I. Generally,9,"Title 9 Public Peace, Morals and Welfare",9.15,https://topeka.municipal.codes/TMC/9.15_ArtIII_SubArtI
Section,9.15.240,9.15.240,Enforcement of State Liquor Control Act.,9,"Title 9 Public Peace, Morals and Welfare",9.15,https://topeka.municipal.codes/TMC/9.15.240
Section,9.15.250,9.15.250,Days and hours for retail sale.,9,"Title 9 Public Peace, Morals and Welfare",9.15,https://topeka.municipal.codes/TMC/9.15.250
Section,9.15.260,9.15.260,Sale for consumption on premises or in small quantities prohibited.,9,"Title 9 Public Peace, Morals and Welfare",9.15,https://topeka.municipal.codes/TMC/9.15.260
Section,9.15.270,9.15.270,Employment of certain persons prohibited.,9,"Title 9 Public Peace, Morals and Welfare",9.15,https://topeka.municipal.codes/TMC/9.15.270
Section,9.15.280,9.15.280,Mixing drinks on licensed premises prohibited.,9,"Title 9 Public Peace, Morals and Welfare",9.15,https://topeka.municipal.codes/TMC/9.15.280
Section,9.15.285,9.15.285,Responsibility for unlawful conduct – Safety.,9,"Title 9 Public Peace, Morals and Welfare",9.15,https://topeka.municipal.codes/TMC/9.15.285
Subarticle,9.15_ArtIII_SubArtII,9.15 Art. III Subart. II,Subarticle II. Occupation Tax,9,"Title 9 Public Peace, Morals and Welfare",9.15,https://topeka.municipal.codes/TMC/9.15_ArtIII_SubArtII
Section,9.15.290,9.15.290,"State license, City tax required.",9,"Title 9 Public Peace, Morals and Welfare",9.15,https://topeka.municipal.codes/TMC/9.15.290
Section,9.15.300,9.15.300,Amount of tax – When due.,9,"Title 9 Public Peace, Morals and Welfare",9.15,https://topeka.municipal.codes/TMC/9.15.300
Section,9.15.310,9.15.310,"Receipt, issuance – Display.",9,"Title 9 Public Peace, Morals and Welfare",9.15,https://topeka.municipal.codes/TMC/9.15.310
Article,9.15_ArtIV,9.15 Art. IV,Article IV. Private Clubs,9,"Title 9 Public Peace, Morals and Welfare",9.15,https://topeka.municipal.codes/TMC/9.15_ArtIV
Section,9.15.320,9.15.320,Responsibility for violations on property – Abatement.,9,"Title 9 Public Peace, Morals and Welfare",9.15,https://topeka.municipal.codes/TMC/9.15.320
Section,9.15.330,9.15.330,Regulations governing State licensee.,9,"Title 9 Public Peace, Morals and Welfare",9.15,https://topeka.municipal.codes/TMC/9.15.330
Section,9.15.340,9.15.340,Hours of operation.,9,"Title 9 Public Peace, Morals and Welfare",9.15,https://topeka.municipal.codes/TMC/9.15.340
Section,9.15.350,9.15.350,Consumption by minors prohibited.,9,"Title 9 Public Peace, Morals and Welfare",9.15,https://topeka.municipal.codes/TMC/9.15.350
Article,9.15_ArtV,9.15 Art. V,Article V. Common Consumption (City as Permittee),9,"Title 9 Public Peace, Morals and Welfare",9.15,https://topeka.municipal.codes/TMC/9.15_ArtV
Section,9.15.360,9.15.360,Common consumption areas established – Boundaries.,9,"Title 9 Public Peace, Morals and Welfare",9.15,https://topeka.municipal.codes/TMC/9.15.360
Section,9.15.370,9.15.370,Hours.,9,"Title 9 Public Peace, Morals and Welfare",9.15,https://topeka.municipal.codes/TMC/9.15.370
Section,9.15.380,9.15.380,State permit required.,9,"Title 9 Public Peace, Morals and Welfare",9.15,https://topeka.municipal.codes/TMC/9.15.380
Section,9.15.390,9.15.390,Authorized alcoholic liquor/cereal malt beverage containers.,9,"Title 9 Public Peace, Morals and Welfare",9.15,https://topeka.municipal.codes/TMC/9.15.390
Section,9.15.400,9.15.400,Purchases outside of a CCA.,9,"Title 9 Public Peace, Morals and Welfare",9.15,https://topeka.municipal.codes/TMC/9.15.400
Section,9.15.410,9.15.410,Purchases within a CCA.,9,"Title 9 Public Peace, Morals and Welfare",9.15,https://topeka.municipal.codes/TMC/9.15.410
Section,9.15.420,9.15.420,Inappropriate conduct.,9,"Title 9 Public Peace, Morals and Welfare",9.15,https://topeka.municipal.codes/TMC/9.15.420
Section,9.15.430,9.15.430,Compliance with regulations.,9,"Title 9 Public Peace, Morals and Welfare",9.15,https://topeka.municipal.codes/TMC/9.15.430
Section,9.15.440,9.15.440,Authorization for CCA permit.,9,"Title 9 Public Peace, Morals and Welfare",9.15,https://topeka.municipal.codes/TMC/9.15.440
Chapter,9.20,9.20,Discrimination,9,"Title 9 Public Peace, Morals and Welfare",,https://topeka.municipal.codes/TMC/9.20
Section,9.20.010,9.20.010,Definitions.,9,"Title 9 Public Peace, Morals and Welfare",9.20,https://topeka.municipal.codes/TMC/9.20.010
Section,9.20.020,9.20.020,Policy.,9,"Title 9 Public Peace, Morals and Welfare",9.20,https://topeka.municipal.codes/TMC/9.20.020
Section,9.20.030,9.20.030,Civil rights declared.,9,"Title 9 Public Peace, Morals and Welfare",9.20,https://topeka.municipal.codes/TMC/9.20.030
Section,9.20.040,9.20.040,Intimidation or bias crimes.,9,"Title 9 Public Peace, Morals and Welfare",9.20,https://topeka.municipal.codes/TMC/9.20.040
Section,9.20.050,9.20.050,Severability.,9,"Title 9 Public Peace, Morals and Welfare",9.20,https://topeka.municipal.codes/TMC/9.20.050
Chapter,9.25,9.25,Fair Housing Practices,9,"Title 9 Public Peace, Morals and Welfare",,https://topeka.municipal.codes/TMC/9.25
Section,9.25.010,9.25.010,Policy.,9,"Title 9 Public Peace, Morals and Welfare",9.25,https://topeka.municipal.codes/TMC/9.25.010
Section,9.25.020,9.25.020,Definitions.,9,"Title 9 Public Peace, Morals and Welfare",9.25,https://topeka.municipal.codes/TMC/9.25.020
Section,9.25.030,9.25.030,Unlawful acts.,9,"Title 9 Public Peace, Morals and Welfare",9.25,https://topeka.municipal.codes/TMC/9.25.030
Section,9.25.040,9.25.040,Actions deemed not retaliatory.,9,"Title 9 Public Peace, Morals and Welfare",9.25,https://topeka.municipal.codes/TMC/9.25.040
Section,9.25.050,9.25.050,Penalties – Habitual violator.,9,"Title 9 Public Peace, Morals and Welfare",9.25,https://topeka.municipal.codes/TMC/9.25.050
Chapter,9.30,9.30,Offenses against Property,9,"Title 9 Public Peace, Morals and Welfare",,https://topeka.municipal.codes/TMC/9.30
Section,9.30.010,9.30.010,Defacement of property by graffiti.,9,"Title 9 Public Peace, Morals and Welfare",9.30,https://topeka.municipal.codes/TMC/9.30.010
Section,9.30.020,9.30.020,Posting on public property.,9,"Title 9 Public Peace, Morals and Welfare",9.30,https://topeka.municipal.codes/TMC/9.30.020
Section,9.30.030,9.30.030,Posting on private property.,9,"Title 9 Public Peace, Morals and Welfare",9.30,https://topeka.municipal.codes/TMC/9.30.030
Section,9.30.040,9.30.040,Removing or defacing posters.,9,"Title 9 Public Peace, Morals and Welfare",9.30,https://topeka.municipal.codes/TMC/9.30.040
Section,9.30.050,9.30.050,Catalytic converters.,9,"Title 9 Public Peace, Morals and Welfare",9.30,https://topeka.municipal.codes/TMC/9.30.050
Chapter,9.35,9.35,Offenses Affecting Governmental Functions,9,"Title 9 Public Peace, Morals and Welfare",,https://topeka.municipal.codes/TMC/9.35
Section,9.35.010,9.35.010,Lawful police order.,9,"Title 9 Public Peace, Morals and Welfare",9.35,https://topeka.municipal.codes/TMC/9.35.010
Chapter,9.40,9.40,Offenses against Public Safety,9,"Title 9 Public Peace, Morals and Welfare",,https://topeka.municipal.codes/TMC/9.40
Article,9.40_ArtI,9.40 Art. I,Article I. Weapons,9,"Title 9 Public Peace, Morals and Welfare",9.40,https://topeka.municipal.codes/TMC/9.40_ArtI
Section,9.40.020,9.40.020,Replica or facsimile firearms.,9,"Title 9 Public Peace, Morals and Welfare",9.40,https://topeka.municipal.codes/TMC/9.40.020
Section,9.40.040,9.40.040,"Unlawful use of stun guns, tear gas, mace.",9,"Title 9 Public Peace, Morals and Welfare",9.40,https://topeka.municipal.codes/TMC/9.40.040
Section,9.40.045,9.40.045,Repealed.,9,"Title 9 Public Peace, Morals and Welfare",9.40,https://topeka.municipal.codes/TMC/9.40.045
Article,9.40_ArtII,9.40 Art. II,"Article II. Masks, Vests and Body Armor",9,"Title 9 Public Peace, Morals and Welfare",9.40,https://topeka.municipal.codes/TMC/9.40_ArtII
Section,9.40.050,9.40.050,"Wearing of gas masks, bulletproof vests, improvised body armor or masks or devices to conceal one’s identity during unlawful activities prohibited.",9,"Title 9 Public Peace, Morals and Welfare",9.40,https://topeka.municipal.codes/TMC/9.40.050
Chapter,9.45,9.45,Offenses against Public Peace and Order,9,"Title 9 Public Peace, Morals and Welfare",,https://topeka.municipal.codes/TMC/9.45
Article,9.45_ArtI,9.45 Art. I,Article I. Generally,9,"Title 9 Public Peace, Morals and Welfare",9.45,https://topeka.municipal.codes/TMC/9.45_ArtI
Section,9.45.010,9.45.010,"Loitering for purpose of illegally using, possessing or selling controlled substance.",9,"Title 9 Public Peace, Morals and Welfare",9.45,https://topeka.municipal.codes/TMC/9.45.010
Section,9.45.020,9.45.020,Intimidation of a witness or victim.,9,"Title 9 Public Peace, Morals and Welfare",9.45,https://topeka.municipal.codes/TMC/9.45.020
Section,9.45.030,9.45.030,Interference with lawful occupation.,9,"Title 9 Public Peace, Morals and Welfare",9.45,https://topeka.municipal.codes/TMC/9.45.030
Section,9.45.040,9.45.040,Obstruction of public ways.,9,"Title 9 Public Peace, Morals and Welfare",9.45,https://topeka.municipal.codes/TMC/9.45.040
Section,9.45.050,9.45.050,Residential picketing.,9,"Title 9 Public Peace, Morals and Welfare",9.45,https://topeka.municipal.codes/TMC/9.45.050
Section,9.45.060,9.45.060,"Jostling, crowding.",9,"Title 9 Public Peace, Morals and Welfare",9.45,https://topeka.municipal.codes/TMC/9.45.060
Section,9.45.070,9.45.070,Lurking – Prowling.,9,"Title 9 Public Peace, Morals and Welfare",9.45,https://topeka.municipal.codes/TMC/9.45.070
Section,9.45.080,9.45.080,Window peeping – Loitering.,9,"Title 9 Public Peace, Morals and Welfare",9.45,https://topeka.municipal.codes/TMC/9.45.080
Section,9.45.090,9.45.090,"Occupation of vacant structures, vehicles or lots.",9,"Title 9 Public Peace, Morals and Welfare",9.45,https://topeka.municipal.codes/TMC/9.45.090
Section,9.45.100,9.45.100,Disturbance of schools.,9,"Title 9 Public Peace, Morals and Welfare",9.45,https://topeka.municipal.codes/TMC/9.45.100
Section,9.45.110,9.45.110,Public nudity prohibited.,9,"Title 9 Public Peace, Morals and Welfare",9.45,https://topeka.municipal.codes/TMC/9.45.110
Section,9.45.130,9.45.130,"Expectorating, urinating, defecating.",9,"Title 9 Public Peace, Morals and Welfare",9.45,https://topeka.municipal.codes/TMC/9.45.130
Section,9.45.140,9.45.140,Picketing of religious events.,9,"Title 9 Public Peace, Morals and Welfare",9.45,https://topeka.municipal.codes/TMC/9.45.140
Article,9.45_ArtII,9.45 Art. II,Article II. Noise,9,"Title 9 Public Peace, Morals and Welfare",9.45,https://topeka.municipal.codes/TMC/9.45_ArtII
Section,9.45.150,9.45.150,Findings.,9,"Title 9 Public Peace, Morals and Welfare",9.45,https://topeka.municipal.codes/TMC/9.45.150
Section,9.45.160,9.45.160,Standards.,9,"Title 9 Public Peace, Morals and Welfare",9.45,https://topeka.municipal.codes/TMC/9.45.160
Section,9.45.170,9.45.170,Prohibition generally.,9,"Title 9 Public Peace, Morals and Welfare",9.45,https://topeka.municipal.codes/TMC/9.45.170
Section,9.45.180,9.45.180,Horns and signaling devices.,9,"Title 9 Public Peace, Morals and Welfare",9.45,https://topeka.municipal.codes/TMC/9.45.180
Section,9.45.190,9.45.190,Sound-producing device.,9,"Title 9 Public Peace, Morals and Welfare",9.45,https://topeka.municipal.codes/TMC/9.45.190
Section,9.45.200,9.45.200,"Loudspeakers, amplifiers for advertising.",9,"Title 9 Public Peace, Morals and Welfare",9.45,https://topeka.municipal.codes/TMC/9.45.200
Section,9.45.220,9.45.220,Exhausts.,9,"Title 9 Public Peace, Morals and Welfare",9.45,https://topeka.municipal.codes/TMC/9.45.220
Section,9.45.280,9.45.280,Musical instruments.,9,"Title 9 Public Peace, Morals and Welfare",9.45,https://topeka.municipal.codes/TMC/9.45.280
Section,9.45.290,9.45.290,Construction or repairing of buildings and exterior construction projects.,9,"Title 9 Public Peace, Morals and Welfare",9.45,https://topeka.municipal.codes/TMC/9.45.290
Section,9.45.300,9.45.300,"Pile drivers, hammers and derricks.",9,"Title 9 Public Peace, Morals and Welfare",9.45,https://topeka.municipal.codes/TMC/9.45.300
Section,9.45.310,9.45.310,Blowers and internal combustion engines.,9,"Title 9 Public Peace, Morals and Welfare",9.45,https://topeka.municipal.codes/TMC/9.45.310
Section,9.45.330,9.45.330,Keeping of animals.,9,"Title 9 Public Peace, Morals and Welfare",9.45,https://topeka.municipal.codes/TMC/9.45.330
Article,9.45_ArtIII,9.45 Art. III,Article III. Camping,9,"Title 9 Public Peace, Morals and Welfare",9.45,https://topeka.municipal.codes/TMC/9.45_ArtIII
Section,9.45.340,9.45.340,Purpose.,9,"Title 9 Public Peace, Morals and Welfare",9.45,https://topeka.municipal.codes/TMC/9.45.340
Section,9.45.350,9.45.350,Definitions.,9,"Title 9 Public Peace, Morals and Welfare",9.45,https://topeka.municipal.codes/TMC/9.45.350
Section,9.45.360,9.45.360,Unlawful camping.,9,"Title 9 Public Peace, Morals and Welfare",9.45,https://topeka.municipal.codes/TMC/9.45.360
Section,9.45.370,9.45.370,Storage of personal property.,9,"Title 9 Public Peace, Morals and Welfare",9.45,https://topeka.municipal.codes/TMC/9.45.370
Section,9.45.380,9.45.380,Notice.,9,"Title 9 Public Peace, Morals and Welfare",9.45,https://topeka.municipal.codes/TMC/9.45.380
Section,9.45.390,9.45.390,Storage and disposal.,9,"Title 9 Public Peace, Morals and Welfare",9.45,https://topeka.municipal.codes/TMC/9.45.390
Section,9.45.400,9.45.400,Penalty.,9,"Title 9 Public Peace, Morals and Welfare",9.45,https://topeka.municipal.codes/TMC/9.45.400
Section,9.45.410,9.45.410,Violation of State or local law.,9,"Title 9 Public Peace, Morals and Welfare",9.45,https://topeka.municipal.codes/TMC/9.45.410
Chapter,9.50,9.50,Possession of Controlled Substances,9,"Title 9 Public Peace, Morals and Welfare",,https://topeka.municipal.codes/TMC/9.50
Section,9.50.010,9.50.010,Definitions.,9,"Title 9 Public Peace, Morals and Welfare",9.50,https://topeka.municipal.codes/TMC/9.50.010
Section,9.50.020,9.50.020,Controlled substances prohibited.,9,"Title 9 Public Peace, Morals and Welfare",9.50,https://topeka.municipal.codes/TMC/9.50.020
Section,9.50.030,9.50.030,Controlled substances analogs prohibited.,9,"Title 9 Public Peace, Morals and Welfare",9.50,https://topeka.municipal.codes/TMC/9.50.030
Section,9.50.040,9.50.040,Simulated controlled substances and drug paraphernalia – Use or possession prohibited.,9,"Title 9 Public Peace, Morals and Welfare",9.50,https://topeka.municipal.codes/TMC/9.50.040
Section,9.50.050,9.50.050,Simulated controlled substances and drug paraphernalia – Prohibited acts.,9,"Title 9 Public Peace, Morals and Welfare",9.50,https://topeka.municipal.codes/TMC/9.50.050
Section,9.50.060,9.50.060,Factors for determining what constitutes drug paraphernalia.,9,"Title 9 Public Peace, Morals and Welfare",9.50,https://topeka.municipal.codes/TMC/9.50.060
Section,9.50.070,9.50.070,Representation that noncontrolled substance is a controlled substance.,9,"Title 9 Public Peace, Morals and Welfare",9.50,https://topeka.municipal.codes/TMC/9.50.070
Section,9.50.080,9.50.080,Penalties.,9,"Title 9 Public Peace, Morals and Welfare",9.50,https://topeka.municipal.codes/TMC/9.50.080
Title,10,10,Title 10 Vehicles and Traffic,10,Title 10 Vehicles and Traffic,,https://topeka.municipal.codes/TMC/10
Chapter,10.05,10.05,General Provisions,10,Title 10 Vehicles and Traffic,,https://topeka.municipal.codes/TMC/10.05
Section,10.05.010,10.05.010,Definitions.,10,Title 10 Vehicles and Traffic,10.05,https://topeka.municipal.codes/TMC/10.05.010
Section,10.05.020,10.05.020,Entrances to private property posted.,10,Title 10 Vehicles and Traffic,10.05,https://topeka.municipal.codes/TMC/10.05.020
Section,10.05.030,10.05.030,Required obedience to traffic regulations.,10,Title 10 Vehicles and Traffic,10.05,https://topeka.municipal.codes/TMC/10.05.030
Section,10.05.040,10.05.040,Inspection and tests of vehicles – Authority of law enforcement officers.,10,Title 10 Vehicles and Traffic,10.05,https://topeka.municipal.codes/TMC/10.05.040
Section,10.05.050,10.05.050,Removal of vehicles for street and utility work.,10,Title 10 Vehicles and Traffic,10.05,https://topeka.municipal.codes/TMC/10.05.050
Section,10.05.060,10.05.060,Display of license plates.,10,Title 10 Vehicles and Traffic,10.05,https://topeka.municipal.codes/TMC/10.05.060
Section,10.05.070,10.05.070,Ambulance operators to notify Police Department of emergency calls.,10,Title 10 Vehicles and Traffic,10.05,https://topeka.municipal.codes/TMC/10.05.070
Section,10.05.080,10.05.080,Operation of all-terrain vehicle by law enforcement.,10,Title 10 Vehicles and Traffic,10.05,https://topeka.municipal.codes/TMC/10.05.080
Chapter,10.10,10.10,Administration and Enforcement,10,Title 10 Vehicles and Traffic,,https://topeka.municipal.codes/TMC/10.10
Article,10.10_ArtI,10.10 Art. I,Article I. Generally,10,Title 10 Vehicles and Traffic,10.10,https://topeka.municipal.codes/TMC/10.10_ArtI
Section,10.10.010,10.10.010,Section of Traffic Engineering.,10,Title 10 Vehicles and Traffic,10.10,https://topeka.municipal.codes/TMC/10.10.010
Section,10.10.020,10.10.020,Duties of Traffic Engineer.,10,Title 10 Vehicles and Traffic,10.10,https://topeka.municipal.codes/TMC/10.10.020
Section,10.10.030,10.10.030,Traffic authority of police officers.,10,Title 10 Vehicles and Traffic,10.10,https://topeka.municipal.codes/TMC/10.10.030
Section,10.10.040,10.10.040,Driver’s files to be maintained.,10,Title 10 Vehicles and Traffic,10.10,https://topeka.municipal.codes/TMC/10.10.040
Section,10.10.050,10.10.050,Repealed.,10,Title 10 Vehicles and Traffic,10.10,https://topeka.municipal.codes/TMC/10.10.050
Section,10.10.060,10.10.060,Division of Transportation Operations.,10,Title 10 Vehicles and Traffic,10.10,https://topeka.municipal.codes/TMC/10.10.060
Article,10.10_ArtII,10.10 Art. II,Article II. Enforcement Procedures and Penalties,10,Title 10 Vehicles and Traffic,10.10,https://topeka.municipal.codes/TMC/10.10_ArtII
Section,10.10.070,10.10.070,Evidence constituting a prima facie case.,10,Title 10 Vehicles and Traffic,10.10,https://topeka.municipal.codes/TMC/10.10.070
Section,10.10.080,10.10.080,Effect of sworn complaint.,10,Title 10 Vehicles and Traffic,10.10,https://topeka.municipal.codes/TMC/10.10.080
Section,10.10.090,10.10.090,Disposition of fines and forfeitures.,10,Title 10 Vehicles and Traffic,10.10,https://topeka.municipal.codes/TMC/10.10.090
Article,10.10_ArtIII,10.10 Art. III,Article III. Accidents and Accident Reports,10,Title 10 Vehicles and Traffic,10.10,https://topeka.municipal.codes/TMC/10.10_ArtIII
Section,10.10.100,10.10.100,Reporting of accident.,10,Title 10 Vehicles and Traffic,10.10,https://topeka.municipal.codes/TMC/10.10.100
Section,10.10.110,10.10.110,Duty of garagekeepers to report to Police Department.,10,Title 10 Vehicles and Traffic,10.10,https://topeka.municipal.codes/TMC/10.10.110
Section,10.10.120,10.10.120,Investigation of accidents.,10,Title 10 Vehicles and Traffic,10.10,https://topeka.municipal.codes/TMC/10.10.120
Section,10.10.130,10.10.130,Filing of reports.,10,Title 10 Vehicles and Traffic,10.10,https://topeka.municipal.codes/TMC/10.10.130
Article,10.10_ArtIV,10.10 Art. IV,Article IV. Vehicle Impoundment,10,Title 10 Vehicles and Traffic,10.10,https://topeka.municipal.codes/TMC/10.10_ArtIV
Section,10.10.140,10.10.140,Authorized.,10,Title 10 Vehicles and Traffic,10.10,https://topeka.municipal.codes/TMC/10.10.140
Section,10.10.150,10.10.150,Traffic warrants.,10,Title 10 Vehicles and Traffic,10.10,https://topeka.municipal.codes/TMC/10.10.150
Section,10.10.160,10.10.160,Immobilization.,10,Title 10 Vehicles and Traffic,10.10,https://topeka.municipal.codes/TMC/10.10.160
Section,10.10.170,10.10.170,Unclaimed motor vehicles.,10,Title 10 Vehicles and Traffic,10.10,https://topeka.municipal.codes/TMC/10.10.170
Article,10.10_ArtV,10.10 Art. V,"Article V. Traffic Control Signs, Signals, Devices and Markings",10,Title 10 Vehicles and Traffic,10.10,https://topeka.municipal.codes/TMC/10.10_ArtV
Section,10.10.180,10.10.180,Authority to install traffic control devices.,10,Title 10 Vehicles and Traffic,10.10,https://topeka.municipal.codes/TMC/10.10.180
Section,10.10.200,10.10.200,Uniform traffic manual adopted.,10,Title 10 Vehicles and Traffic,10.10,https://topeka.municipal.codes/TMC/10.10.200
Chapter,10.15,10.15,Standard Traffic Ordinance,10,Title 10 Vehicles and Traffic,,https://topeka.municipal.codes/TMC/10.15
Section,10.15.010,10.15.010,Incorporation of Standard Traffic Ordinance.,10,Title 10 Vehicles and Traffic,10.15,https://topeka.municipal.codes/TMC/10.15.010
Section,10.15.020,10.15.020,Amendments.,10,Title 10 Vehicles and Traffic,10.15,https://topeka.municipal.codes/TMC/10.15.020
Chapter,10.20,10.20,General Rules of Vehicle Operation,10,Title 10 Vehicles and Traffic,,https://topeka.municipal.codes/TMC/10.20
Article,10.20_ArtI,10.20 Art. I,Article I. Generally,10,Title 10 Vehicles and Traffic,10.20,https://topeka.municipal.codes/TMC/10.20_ArtI
Section,10.20.010,10.20.010,Motorcycle area.,10,Title 10 Vehicles and Traffic,10.20,https://topeka.municipal.codes/TMC/10.20.010
Section,10.20.030,10.20.030,"Pedestrians, certain vehicles restricted on interstate highway system.",10,Title 10 Vehicles and Traffic,10.20,https://topeka.municipal.codes/TMC/10.20.030
Section,10.20.040,10.20.040,Vehicles used for primary purpose of advertising.,10,Title 10 Vehicles and Traffic,10.20,https://topeka.municipal.codes/TMC/10.20.040
Section,10.20.050,10.20.050,Vehicles on levee unlawful.,10,Title 10 Vehicles and Traffic,10.20,https://topeka.municipal.codes/TMC/10.20.050
Section,10.20.060,10.20.060,Speed limits.,10,Title 10 Vehicles and Traffic,10.20,https://topeka.municipal.codes/TMC/10.20.060
Section,10.20.070,10.20.070,Through streets.,10,Title 10 Vehicles and Traffic,10.20,https://topeka.municipal.codes/TMC/10.20.070
Section,10.20.080,10.20.080,Funeral processions.,10,Title 10 Vehicles and Traffic,10.20,https://topeka.municipal.codes/TMC/10.20.080
Section,10.20.090,10.20.090,Loud sound amplification systems in vehicles.,10,Title 10 Vehicles and Traffic,10.20,https://topeka.municipal.codes/TMC/10.20.090
Section,10.20.100,10.20.100,"Inattentive, negligent or unsafe driving.",10,Title 10 Vehicles and Traffic,10.20,https://topeka.municipal.codes/TMC/10.20.100
Section,10.20.110,10.20.110,Unlawful use of a jake brake.,10,Title 10 Vehicles and Traffic,10.20,https://topeka.municipal.codes/TMC/10.20.110
Section,10.20.120,10.20.120,Work-site utility vehicles.,10,Title 10 Vehicles and Traffic,10.20,https://topeka.municipal.codes/TMC/10.20.120
Section,10.20.125,10.20.125,Unattended motor vehicle – Ignition – Key and brakes.,10,Title 10 Vehicles and Traffic,10.20,https://topeka.municipal.codes/TMC/10.20.125
Section,10.20.127,10.20.127,Driving upon sidewalk.,10,Title 10 Vehicles and Traffic,10.20,https://topeka.municipal.codes/TMC/10.20.127
Article,10.20_ArtII,10.20 Art. II,Article II. School Speed Zones,10,Title 10 Vehicles and Traffic,10.20,https://topeka.municipal.codes/TMC/10.20_ArtII
Section,10.20.130,10.20.130,Declaration of purpose.,10,Title 10 Vehicles and Traffic,10.20,https://topeka.municipal.codes/TMC/10.20.130
Section,10.20.140,10.20.140,Definitions.,10,Title 10 Vehicles and Traffic,10.20,https://topeka.municipal.codes/TMC/10.20.140
Section,10.20.150,10.20.150,Posting of signs – Deviations authorized.,10,Title 10 Vehicles and Traffic,10.20,https://topeka.municipal.codes/TMC/10.20.150
Section,10.20.160,10.20.160,Maximum school zone speed limit.,10,Title 10 Vehicles and Traffic,10.20,https://topeka.municipal.codes/TMC/10.20.160
Section,10.20.170,10.20.170,Penalties for violation.,10,Title 10 Vehicles and Traffic,10.20,https://topeka.municipal.codes/TMC/10.20.170
Article,10.20_ArtIII,10.20 Art. III,Article III. Turning Movements and Signals,10,Title 10 Vehicles and Traffic,10.20,https://topeka.municipal.codes/TMC/10.20_ArtIII
Section,10.20.180,10.20.180,Authority to place and obedience to turning markers.,10,Title 10 Vehicles and Traffic,10.20,https://topeka.municipal.codes/TMC/10.20.180
Section,10.20.190,10.20.190,Authority to place and obedience to restricted turn signs.,10,Title 10 Vehicles and Traffic,10.20,https://topeka.municipal.codes/TMC/10.20.190
Section,10.20.210,10.20.210,Left turns by franchised buses.,10,Title 10 Vehicles and Traffic,10.20,https://topeka.municipal.codes/TMC/10.20.210
Section,10.20.220,10.20.220,Turning left into alley or driveway prohibited – Exceptions.,10,Title 10 Vehicles and Traffic,10.20,https://topeka.municipal.codes/TMC/10.20.220
Article,10.20_ArtIV,10.20 Art. IV,Article IV. Driving Under the Influence,10,Title 10 Vehicles and Traffic,10.20,https://topeka.municipal.codes/TMC/10.20_ArtIV
Section,10.20.230,10.20.230,Operation of a motor vehicle when a habitual violator.,10,Title 10 Vehicles and Traffic,10.20,https://topeka.municipal.codes/TMC/10.20.230
Chapter,10.25,10.25,Abandoned and Junked Vehicles,10,Title 10 Vehicles and Traffic,,https://topeka.municipal.codes/TMC/10.25
Section,10.25.010,10.25.010,Prohibitions.,10,Title 10 Vehicles and Traffic,10.25,https://topeka.municipal.codes/TMC/10.25.010
Section,10.25.020,10.25.020,Authority to impound.,10,Title 10 Vehicles and Traffic,10.25,https://topeka.municipal.codes/TMC/10.25.020
Section,10.25.030,10.25.030,Complaint – Hold-harmless agreement for towing off of private property.,10,Title 10 Vehicles and Traffic,10.25,https://topeka.municipal.codes/TMC/10.25.030
Section,10.25.040,10.25.040,Notification of impoundment and procedure for claiming impounded vehicles.,10,Title 10 Vehicles and Traffic,10.25,https://topeka.municipal.codes/TMC/10.25.040
Section,10.25.050,10.25.050,Towing and storage fees.,10,Title 10 Vehicles and Traffic,10.25,https://topeka.municipal.codes/TMC/10.25.050
Section,10.25.060,10.25.060,Disposing of vehicles as junk.,10,Title 10 Vehicles and Traffic,10.25,https://topeka.municipal.codes/TMC/10.25.060
Section,10.25.070,10.25.070,Proceeds of sales.,10,Title 10 Vehicles and Traffic,10.25,https://topeka.municipal.codes/TMC/10.25.070
Section,10.25.080,10.25.080,Private wrecker – Towing service.,10,Title 10 Vehicles and Traffic,10.25,https://topeka.municipal.codes/TMC/10.25.080
Chapter,10.30,10.30,Ambulances,10,Title 10 Vehicles and Traffic,,https://topeka.municipal.codes/TMC/10.30
Section,10.30.010,10.30.010,Applicability.,10,Title 10 Vehicles and Traffic,10.30,https://topeka.municipal.codes/TMC/10.30.010
Section,10.30.020,10.30.020,Permitted acts.,10,Title 10 Vehicles and Traffic,10.30,https://topeka.municipal.codes/TMC/10.30.020
Section,10.30.030,10.30.030,Speed limit.,10,Title 10 Vehicles and Traffic,10.30,https://topeka.municipal.codes/TMC/10.30.030
Section,10.30.040,10.30.040,Ticketing for traffic violations.,10,Title 10 Vehicles and Traffic,10.30,https://topeka.municipal.codes/TMC/10.30.040
Chapter,10.35,10.35,Bicycles and Electric-Assisted Scooters,10,Title 10 Vehicles and Traffic,,https://topeka.municipal.codes/TMC/10.35
Section,10.35.010,10.35.010,Definitions.,10,Title 10 Vehicles and Traffic,10.35,https://topeka.municipal.codes/TMC/10.35.010
Section,10.35.020,10.35.020,Areas reserved for bicycles and pedestrians.,10,Title 10 Vehicles and Traffic,10.35,https://topeka.municipal.codes/TMC/10.35.020
Section,10.35.030,10.35.030,"Bicycles, electric-assisted scooters, roller skates and skateboards – Prohibited areas.",10,Title 10 Vehicles and Traffic,10.35,https://topeka.municipal.codes/TMC/10.35.030
Section,10.35.040,10.35.040,Electric-assisted scooters – Operating requirements.,10,Title 10 Vehicles and Traffic,10.35,https://topeka.municipal.codes/TMC/10.35.040
Section,10.35.050,10.35.050,Electric-assisted scooters – Parking requirements.,10,Title 10 Vehicles and Traffic,10.35,https://topeka.municipal.codes/TMC/10.35.050
Chapter,10.40,10.40,Buses,10,Title 10 Vehicles and Traffic,,https://topeka.municipal.codes/TMC/10.40
Section,10.40.010,10.40.010,Payment of fare required.,10,Title 10 Vehicles and Traffic,10.40,https://topeka.municipal.codes/TMC/10.40.010
Section,10.40.020,10.40.020,Intoxicated or disorderly passengers.,10,Title 10 Vehicles and Traffic,10.40,https://topeka.municipal.codes/TMC/10.40.020
Section,10.40.030,10.40.030,Smoking.,10,Title 10 Vehicles and Traffic,10.40,https://topeka.municipal.codes/TMC/10.40.030
Section,10.40.040,10.40.040,Open food and drink containers.,10,Title 10 Vehicles and Traffic,10.40,https://topeka.municipal.codes/TMC/10.40.040
Section,10.40.050,10.40.050,Littering.,10,Title 10 Vehicles and Traffic,10.40,https://topeka.municipal.codes/TMC/10.40.050
Section,10.40.060,10.40.060,Animals.,10,Title 10 Vehicles and Traffic,10.40,https://topeka.municipal.codes/TMC/10.40.060
Section,10.40.070,10.40.070,Operating noise-producing devices.,10,Title 10 Vehicles and Traffic,10.40,https://topeka.municipal.codes/TMC/10.40.070
Section,10.40.080,10.40.080,Flammable liquids.,10,Title 10 Vehicles and Traffic,10.40,https://topeka.municipal.codes/TMC/10.40.080
Section,10.40.090,10.40.090,Spitting.,10,Title 10 Vehicles and Traffic,10.40,https://topeka.municipal.codes/TMC/10.40.090
Section,10.40.100,10.40.100,"Unlawful, dangerous riding.",10,Title 10 Vehicles and Traffic,10.40,https://topeka.municipal.codes/TMC/10.40.100
Section,10.40.110,10.40.110,Parents to prevent children from unsafe playing.,10,Title 10 Vehicles and Traffic,10.40,https://topeka.municipal.codes/TMC/10.40.110
Section,10.40.120,10.40.120,Unlawful posting.,10,Title 10 Vehicles and Traffic,10.40,https://topeka.municipal.codes/TMC/10.40.120
Section,10.40.130,10.40.130,Bus stop benches.,10,Title 10 Vehicles and Traffic,10.40,https://topeka.municipal.codes/TMC/10.40.130
Chapter,10.45,10.45,Funeral Escort Services,10,Title 10 Vehicles and Traffic,,https://topeka.municipal.codes/TMC/10.45
Section,10.45.010,10.45.010,Purpose.,10,Title 10 Vehicles and Traffic,10.45,https://topeka.municipal.codes/TMC/10.45.010
Section,10.45.020,10.45.020,Equipment on escort vehicles.,10,Title 10 Vehicles and Traffic,10.45,https://topeka.municipal.codes/TMC/10.45.020
Chapter,10.50,10.50,Parades,10,Title 10 Vehicles and Traffic,,https://topeka.municipal.codes/TMC/10.50
Section,10.50.020,10.50.020,Interference.,10,Title 10 Vehicles and Traffic,10.50,https://topeka.municipal.codes/TMC/10.50.020
Section,10.50.030,10.50.030,Driving through parades.,10,Title 10 Vehicles and Traffic,10.50,https://topeka.municipal.codes/TMC/10.50.030
Section,10.50.040,10.50.040,Parking prohibitions for parade route or special event.,10,Title 10 Vehicles and Traffic,10.50,https://topeka.municipal.codes/TMC/10.50.040
Chapter,10.55,10.55,Snow Routes,10,Title 10 Vehicles and Traffic,,https://topeka.municipal.codes/TMC/10.55
Section,10.55.010,10.55.010,Definitions.,10,Title 10 Vehicles and Traffic,10.55,https://topeka.municipal.codes/TMC/10.55.010
Section,10.55.020,10.55.020,Traffic emergency proclamation.,10,Title 10 Vehicles and Traffic,10.55,https://topeka.municipal.codes/TMC/10.55.020
Section,10.55.030,10.55.030,Establishment.,10,Title 10 Vehicles and Traffic,10.55,https://topeka.municipal.codes/TMC/10.55.030
Section,10.55.040,10.55.040,Posting of signs.,10,Title 10 Vehicles and Traffic,10.55,https://topeka.municipal.codes/TMC/10.55.040
Section,10.55.050,10.55.050,Parking of vehicles on snow route prohibited during traffic emergency.,10,Title 10 Vehicles and Traffic,10.55,https://topeka.municipal.codes/TMC/10.55.050
Section,10.55.060,10.55.060,Driving on snow routes restricted during traffic emergency.,10,Title 10 Vehicles and Traffic,10.55,https://topeka.municipal.codes/TMC/10.55.060
Chapter,10.60,10.60,"Stopping, Standing and Parking",10,Title 10 Vehicles and Traffic,,https://topeka.municipal.codes/TMC/10.60
Article,10.60_ArtI,10.60 Art. I,Article I. Generally,10,Title 10 Vehicles and Traffic,10.60,https://topeka.municipal.codes/TMC/10.60_ArtI
Section,10.60.010,10.60.010,Fine schedule.,10,Title 10 Vehicles and Traffic,10.60,https://topeka.municipal.codes/TMC/10.60.010
Section,10.60.020,10.60.020,"Operating, parking or occupying vehicle in parking lot during hours lot is closed.",10,Title 10 Vehicles and Traffic,10.60,https://topeka.municipal.codes/TMC/10.60.020
Section,10.60.030,10.60.030,Parking vehicle having offensive odor.,10,Title 10 Vehicles and Traffic,10.60,https://topeka.municipal.codes/TMC/10.60.030
Article,10.60_ArtII,10.60 Art. II,Article II. Delivery Vehicles,10,Title 10 Vehicles and Traffic,10.60,https://topeka.municipal.codes/TMC/10.60_ArtII
Section,10.60.040,10.60.040,Purpose – Adoption of rules and regulations.,10,Title 10 Vehicles and Traffic,10.60,https://topeka.municipal.codes/TMC/10.60.040
Section,10.60.050,10.60.050,Issuance of permits.,10,Title 10 Vehicles and Traffic,10.60,https://topeka.municipal.codes/TMC/10.60.050
Section,10.60.060,10.60.060,Permit restrictions.,10,Title 10 Vehicles and Traffic,10.60,https://topeka.municipal.codes/TMC/10.60.060
Section,10.60.070,10.60.070,Permit fees.,10,Title 10 Vehicles and Traffic,10.60,https://topeka.municipal.codes/TMC/10.60.070
Article,10.60_ArtIII,10.60 Art. III,Article III. Limited or Prohibited Times or Places,10,Title 10 Vehicles and Traffic,10.60,https://topeka.municipal.codes/TMC/10.60_ArtIII
Section,10.60.080,10.60.080,Repealed.,10,Title 10 Vehicles and Traffic,10.60,https://topeka.municipal.codes/TMC/10.60.080
Section,10.60.090,10.60.090,All-night parking in business district limited – Night parking on certain days.,10,Title 10 Vehicles and Traffic,10.60,https://topeka.municipal.codes/TMC/10.60.090
Section,10.60.100,10.60.100,Parking more than 48 hours.,10,Title 10 Vehicles and Traffic,10.60,https://topeka.municipal.codes/TMC/10.60.100
Section,10.60.110,10.60.110,Financial institution parking areas or lots.,10,Title 10 Vehicles and Traffic,10.60,https://topeka.municipal.codes/TMC/10.60.110
Section,10.60.120,10.60.120,Parking of vehicles on residential property.,10,Title 10 Vehicles and Traffic,10.60,https://topeka.municipal.codes/TMC/10.60.120
Section,10.60.130,10.60.130,"Stopping, standing, or parking prohibited in City-owned reserved parking.",10,Title 10 Vehicles and Traffic,10.60,https://topeka.municipal.codes/TMC/10.60.130
Section,10.60.140,10.60.140,"Auction, parking permit.",10,Title 10 Vehicles and Traffic,10.60,https://topeka.municipal.codes/TMC/10.60.140
Article,10.60_ArtIV,10.60 Art. IV,Article IV. Parking Meter Zones,10,Title 10 Vehicles and Traffic,10.60,https://topeka.municipal.codes/TMC/10.60_ArtIV
Section,10.60.150,10.60.150,Establishment.,10,Title 10 Vehicles and Traffic,10.60,https://topeka.municipal.codes/TMC/10.60.150
Section,10.60.160,10.60.160,Installation of parking meters or appropriate signage.,10,Title 10 Vehicles and Traffic,10.60,https://topeka.municipal.codes/TMC/10.60.160
Section,10.60.170,10.60.170,Parking meter spaces.,10,Title 10 Vehicles and Traffic,10.60,https://topeka.municipal.codes/TMC/10.60.170
Section,10.60.180,10.60.180,Required payment and time limits – Disabled veterans exempt.,10,Title 10 Vehicles and Traffic,10.60,https://topeka.municipal.codes/TMC/10.60.180
Section,10.60.190,10.60.190,Unlawful to deposit slugs.,10,Title 10 Vehicles and Traffic,10.60,https://topeka.municipal.codes/TMC/10.60.190
Section,10.60.200,10.60.200,Time-restricted parking rates – Parking meters.,10,Title 10 Vehicles and Traffic,10.60,https://topeka.municipal.codes/TMC/10.60.200
Section,10.60.210,10.60.210,Rates and fees.,10,Title 10 Vehicles and Traffic,10.60,https://topeka.municipal.codes/TMC/10.60.210
Section,10.60.220,10.60.220,Permit for reserved parking space.,10,Title 10 Vehicles and Traffic,10.60,https://topeka.municipal.codes/TMC/10.60.220
Section,10.60.230,10.60.230,Unlawful use of or interference with reserved parking spaces.,10,Title 10 Vehicles and Traffic,10.60,https://topeka.municipal.codes/TMC/10.60.230
Section,10.60.240,10.60.240,Tampering with meters – Hitching animals.,10,Title 10 Vehicles and Traffic,10.60,https://topeka.municipal.codes/TMC/10.60.240
Section,10.60.250,10.60.250,Overtime parking.,10,Title 10 Vehicles and Traffic,10.60,https://topeka.municipal.codes/TMC/10.60.250
Section,10.60.260,10.60.260,Multiple violations.,10,Title 10 Vehicles and Traffic,10.60,https://topeka.municipal.codes/TMC/10.60.260
Article,10.60_ArtV,10.60 Art. V,Article V. Disabled Parking,10,Title 10 Vehicles and Traffic,10.60,https://topeka.municipal.codes/TMC/10.60_ArtV
Section,10.60.280,10.60.280,Traffic engineering survey.,10,Title 10 Vehicles and Traffic,10.60,https://topeka.municipal.codes/TMC/10.60.280
Section,10.60.290,10.60.290,Designation of disabled parking spaces.,10,Title 10 Vehicles and Traffic,10.60,https://topeka.municipal.codes/TMC/10.60.290
Section,10.60.300,10.60.300,Vehicles with disabled tags.,10,Title 10 Vehicles and Traffic,10.60,https://topeka.municipal.codes/TMC/10.60.300
Section,10.60.310,10.60.310,Volunteer program for enforcement assistance.,10,Title 10 Vehicles and Traffic,10.60,https://topeka.municipal.codes/TMC/10.60.310
Article,10.60_ArtVI,10.60 Art. VI,Article VI. Block Parking Zones,10,Title 10 Vehicles and Traffic,10.60,https://topeka.municipal.codes/TMC/10.60_ArtVI
Section,10.60.320,10.60.320,Defined.,10,Title 10 Vehicles and Traffic,10.60,https://topeka.municipal.codes/TMC/10.60.320
Section,10.60.330,10.60.330,Parking restriction – Overtime.,10,Title 10 Vehicles and Traffic,10.60,https://topeka.municipal.codes/TMC/10.60.330
Section,10.60.340,10.60.340,Overtime parking.,10,Title 10 Vehicles and Traffic,10.60,https://topeka.municipal.codes/TMC/10.60.340
Section,10.60.350,10.60.350,Duty of traffic officers.,10,Title 10 Vehicles and Traffic,10.60,https://topeka.municipal.codes/TMC/10.60.350
Section,10.60.360,10.60.360,Violations.,10,Title 10 Vehicles and Traffic,10.60,https://topeka.municipal.codes/TMC/10.60.360
Section,10.60.370,10.60.370,Exemptions.,10,Title 10 Vehicles and Traffic,10.60,https://topeka.municipal.codes/TMC/10.60.370
Article,10.60_ArtVII,10.60 Art. VII,Article VII. Municipal Parking Stations,10,Title 10 Vehicles and Traffic,10.60,https://topeka.municipal.codes/TMC/10.60_ArtVII
Section,10.60.380,10.60.380,Supervision.,10,Title 10 Vehicles and Traffic,10.60,https://topeka.municipal.codes/TMC/10.60.380
Section,10.60.390,10.60.390,Rates for parking garages and lots – Special events.,10,Title 10 Vehicles and Traffic,10.60,https://topeka.municipal.codes/TMC/10.60.390
Section,10.60.400,10.60.400,Change of fees.,10,Title 10 Vehicles and Traffic,10.60,https://topeka.municipal.codes/TMC/10.60.400
Article,10.60_ArtVIII,10.60 Art. VIII,Article VIII. Loading Zones,10,Title 10 Vehicles and Traffic,10.60,https://topeka.municipal.codes/TMC/10.60_ArtVIII
Section,10.60.420,10.60.420,Established.,10,Title 10 Vehicles and Traffic,10.60,https://topeka.municipal.codes/TMC/10.60.420
Section,10.60.430,10.60.430,Application.,10,Title 10 Vehicles and Traffic,10.60,https://topeka.municipal.codes/TMC/10.60.430
Section,10.60.440,10.60.440,Marking.,10,Title 10 Vehicles and Traffic,10.60,https://topeka.municipal.codes/TMC/10.60.440
Section,10.60.450,10.60.450,Revocation of privilege – Transferability.,10,Title 10 Vehicles and Traffic,10.60,https://topeka.municipal.codes/TMC/10.60.450
Section,10.60.460,10.60.460,Unlawful use.,10,Title 10 Vehicles and Traffic,10.60,https://topeka.municipal.codes/TMC/10.60.460
Article,10.60_ArtIX,10.60 Art. IX,Article IX. Bus and Taxicab Stands,10,Title 10 Vehicles and Traffic,10.60,https://topeka.municipal.codes/TMC/10.60_ArtIX
Section,10.60.470,10.60.470,Establishment.,10,Title 10 Vehicles and Traffic,10.60,https://topeka.municipal.codes/TMC/10.60.470
Section,10.60.480,10.60.480,Application for and conditions of permit for taxicab stands.,10,Title 10 Vehicles and Traffic,10.60,https://topeka.municipal.codes/TMC/10.60.480
Section,10.60.490,10.60.490,Parking and standing of taxicabs and buses.,10,Title 10 Vehicles and Traffic,10.60,https://topeka.municipal.codes/TMC/10.60.490
Section,10.60.500,10.60.500,Obedience by drivers of other vehicles.,10,Title 10 Vehicles and Traffic,10.60,https://topeka.municipal.codes/TMC/10.60.500
Section,10.60.510,10.60.510,Authority to impound unauthorized vehicles in designated zones.,10,Title 10 Vehicles and Traffic,10.60,https://topeka.municipal.codes/TMC/10.60.510
Article,10.60_ArtX,10.60 Art. X,Article X. Parking Violations,10,Title 10 Vehicles and Traffic,10.60,https://topeka.municipal.codes/TMC/10.60_ArtX
Section,10.60.520,10.60.520,Purpose – Adoption of rules and regulations.,10,Title 10 Vehicles and Traffic,10.60,https://topeka.municipal.codes/TMC/10.60.520
Section,10.60.530,10.60.530,Violation – Penalty.,10,Title 10 Vehicles and Traffic,10.60,https://topeka.municipal.codes/TMC/10.60.530
Section,10.60.540,10.60.540,Prima facie responsibility for violation and penalty – Parking violation issuance and removal.,10,Title 10 Vehicles and Traffic,10.60,https://topeka.municipal.codes/TMC/10.60.540
Section,10.60.550,10.60.550,"Violation notices – Contents, distribution and record keeping.",10,Title 10 Vehicles and Traffic,10.60,https://topeka.municipal.codes/TMC/10.60.550
Section,10.60.560,10.60.560,Determination of liability.,10,Title 10 Vehicles and Traffic,10.60,https://topeka.municipal.codes/TMC/10.60.560
Section,10.60.570,10.60.570,Grounds for adjudication by mail or administrative hearing.,10,Title 10 Vehicles and Traffic,10.60,https://topeka.municipal.codes/TMC/10.60.570
Section,10.60.580,10.60.580,Adjudication by mail – Procedure.,10,Title 10 Vehicles and Traffic,10.60,https://topeka.municipal.codes/TMC/10.60.580
Section,10.60.590,10.60.590,Administrative hearing – Procedure.,10,Title 10 Vehicles and Traffic,10.60,https://topeka.municipal.codes/TMC/10.60.590
Section,10.60.600,10.60.600,Hearing – Determination of liability or of no liability – Petition.,10,Title 10 Vehicles and Traffic,10.60,https://topeka.municipal.codes/TMC/10.60.600
Section,10.60.610,10.60.610,Notice of final determination.,10,Title 10 Vehicles and Traffic,10.60,https://topeka.municipal.codes/TMC/10.60.610
Article,10.60_ArtXI,10.60 Art. XI,Article XI. Vehicle Immobilization,10,Title 10 Vehicles and Traffic,10.60,https://topeka.municipal.codes/TMC/10.60_ArtXI
Section,10.60.620,10.60.620,Authorization and procedure for immobilization of vehicles with unpaid parking tickets.,10,Title 10 Vehicles and Traffic,10.60,https://topeka.municipal.codes/TMC/10.60.620
Section,10.60.630,10.60.630,Unauthorized removal of vehicle or device prohibited.,10,Title 10 Vehicles and Traffic,10.60,https://topeka.municipal.codes/TMC/10.60.630
Section,10.60.640,10.60.640,Notice of procedures for release of the vehicle.,10,Title 10 Vehicles and Traffic,10.60,https://topeka.municipal.codes/TMC/10.60.640
Section,10.60.650,10.60.650,Procedures following immobilization.,10,Title 10 Vehicles and Traffic,10.60,https://topeka.municipal.codes/TMC/10.60.650
Section,10.60.660,10.60.660,Vehicle impoundment – Procedure to reclaim vehicle.,10,Title 10 Vehicles and Traffic,10.60,https://topeka.municipal.codes/TMC/10.60.660
Section,10.60.670,10.60.670,Disposition of impounded vehicles by public sale.,10,Title 10 Vehicles and Traffic,10.60,https://topeka.municipal.codes/TMC/10.60.670
Chapter,10.65,10.65,Taxicabs,10,Title 10 Vehicles and Traffic,,https://topeka.municipal.codes/TMC/10.65
Article,10.65_ArtI,10.65 Art. I,Article I. Generally,10,Title 10 Vehicles and Traffic,10.65,https://topeka.municipal.codes/TMC/10.65_ArtI
Section,10.65.010,10.65.010,Definitions.,10,Title 10 Vehicles and Traffic,10.65,https://topeka.municipal.codes/TMC/10.65.010
Section,10.65.020,10.65.020,Exceptions for certain types of vehicles and uses.,10,Title 10 Vehicles and Traffic,10.65,https://topeka.municipal.codes/TMC/10.65.020
Section,10.65.030,10.65.030,Unlawful acts.,10,Title 10 Vehicles and Traffic,10.65,https://topeka.municipal.codes/TMC/10.65.030
Section,10.65.040,10.65.040,Passengers’ behavior – Number of passengers.,10,Title 10 Vehicles and Traffic,10.65,https://topeka.municipal.codes/TMC/10.65.040
Section,10.65.050,10.65.050,Disposition of articles left in taxicabs.,10,Title 10 Vehicles and Traffic,10.65,https://topeka.municipal.codes/TMC/10.65.050
Section,10.65.060,10.65.060,Condition of taxicabs – Inspections – Certificate of approval.,10,Title 10 Vehicles and Traffic,10.65,https://topeka.municipal.codes/TMC/10.65.060
Section,10.65.070,10.65.070,Assignment and recording of numbers – Number on rear side door.,10,Title 10 Vehicles and Traffic,10.65,https://topeka.municipal.codes/TMC/10.65.070
Section,10.65.080,10.65.080,Placards in taxicabs.,10,Title 10 Vehicles and Traffic,10.65,https://topeka.municipal.codes/TMC/10.65.080
Section,10.65.090,10.65.090,Driver’s identification.,10,Title 10 Vehicles and Traffic,10.65,https://topeka.municipal.codes/TMC/10.65.090
Section,10.65.100,10.65.100,Shortest convenient route to be taken – Exception.,10,Title 10 Vehicles and Traffic,10.65,https://topeka.municipal.codes/TMC/10.65.100
Section,10.65.110,10.65.110,Traffic rules.,10,Title 10 Vehicles and Traffic,10.65,https://topeka.municipal.codes/TMC/10.65.110
Section,10.65.120,10.65.120,Complaint procedure.,10,Title 10 Vehicles and Traffic,10.65,https://topeka.municipal.codes/TMC/10.65.120
Section,10.65.130,10.65.130,Taxistands.,10,Title 10 Vehicles and Traffic,10.65,https://topeka.municipal.codes/TMC/10.65.130
Article,10.65_ArtII,10.65 Art. II,"Article II. Rates, Charges and Related Matters",10,Title 10 Vehicles and Traffic,10.65,https://topeka.municipal.codes/TMC/10.65_ArtII
Section,10.65.140,10.65.140,Rates of fare.,10,Title 10 Vehicles and Traffic,10.65,https://topeka.municipal.codes/TMC/10.65.140
Section,10.65.150,10.65.150,Share-a-ride program.,10,Title 10 Vehicles and Traffic,10.65,https://topeka.municipal.codes/TMC/10.65.150
Section,10.65.160,10.65.160,Fare-rate card to be plainly visible – Rates to be shown.,10,Title 10 Vehicles and Traffic,10.65,https://topeka.municipal.codes/TMC/10.65.160
Section,10.65.170,10.65.170,Grouping of passengers.,10,Title 10 Vehicles and Traffic,10.65,https://topeka.municipal.codes/TMC/10.65.170
Section,10.65.180,10.65.180,Receipt on request.,10,Title 10 Vehicles and Traffic,10.65,https://topeka.municipal.codes/TMC/10.65.180
Section,10.65.190,10.65.190,Taximeter – Required.,10,Title 10 Vehicles and Traffic,10.65,https://topeka.municipal.codes/TMC/10.65.190
Section,10.65.200,10.65.200,Taximeter – Position of signal.,10,Title 10 Vehicles and Traffic,10.65,https://topeka.municipal.codes/TMC/10.65.200
Section,10.65.210,10.65.210,Taximeter – Inspection.,10,Title 10 Vehicles and Traffic,10.65,https://topeka.municipal.codes/TMC/10.65.210
Chapter,10.70,10.70,Trucks and Trailers,10,Title 10 Vehicles and Traffic,,https://topeka.municipal.codes/TMC/10.70
Section,10.70.010,10.70.010,Parking prohibited.,10,Title 10 Vehicles and Traffic,10.70,https://topeka.municipal.codes/TMC/10.70.010
Section,10.70.020,10.70.020,Restricted in core area generally.,10,Title 10 Vehicles and Traffic,10.70,https://topeka.municipal.codes/TMC/10.70.020
Section,10.70.030,10.70.030,Restricted in alleys in core area.,10,Title 10 Vehicles and Traffic,10.70,https://topeka.municipal.codes/TMC/10.70.030
Section,10.70.040,10.70.040,Angle parking prohibited.,10,Title 10 Vehicles and Traffic,10.70,https://topeka.municipal.codes/TMC/10.70.040
Section,10.70.050,10.70.050,Truck routes and truck delivery routes established.,10,Title 10 Vehicles and Traffic,10.70,https://topeka.municipal.codes/TMC/10.70.050
Chapter,10.75,10.75,Vehicle Weight Limits,10,Title 10 Vehicles and Traffic,,https://topeka.municipal.codes/TMC/10.75
Section,10.75.010,10.75.010,Definitions.,10,Title 10 Vehicles and Traffic,10.75,https://topeka.municipal.codes/TMC/10.75.010
Section,10.75.020,10.75.020,Penalty for violation of chapter.,10,Title 10 Vehicles and Traffic,10.75,https://topeka.municipal.codes/TMC/10.75.020
Section,10.75.030,10.75.030,Diversion – Subsequent offenses.,10,Title 10 Vehicles and Traffic,10.75,https://topeka.municipal.codes/TMC/10.75.030
Section,10.75.040,10.75.040,Compliance required.,10,Title 10 Vehicles and Traffic,10.75,https://topeka.municipal.codes/TMC/10.75.040
Section,10.75.050,10.75.050,Stopping drivers suspected of violations.,10,Title 10 Vehicles and Traffic,10.75,https://topeka.municipal.codes/TMC/10.75.050
Section,10.75.060,10.75.060,Removal of excess load.,10,Title 10 Vehicles and Traffic,10.75,https://topeka.municipal.codes/TMC/10.75.060
Section,10.75.070,10.75.070,Failure to stop or comply.,10,Title 10 Vehicles and Traffic,10.75,https://topeka.municipal.codes/TMC/10.75.070
Section,10.75.080,10.75.080,Weight-bearing axles.,10,Title 10 Vehicles and Traffic,10.75,https://topeka.municipal.codes/TMC/10.75.080
Section,10.75.090,10.75.090,Weight limit – Vehicles generally.,10,Title 10 Vehicles and Traffic,10.75,https://topeka.municipal.codes/TMC/10.75.090
Section,10.75.100,10.75.100,Weight limit – Wheel and tire.,10,Title 10 Vehicles and Traffic,10.75,https://topeka.municipal.codes/TMC/10.75.100
Section,10.75.110,10.75.110,Weight limit – One-axle.,10,Title 10 Vehicles and Traffic,10.75,https://topeka.municipal.codes/TMC/10.75.110
Section,10.75.120,10.75.120,Weight limit – Two-axle.,10,Title 10 Vehicles and Traffic,10.75,https://topeka.municipal.codes/TMC/10.75.120
Section,10.75.130,10.75.130,Weight limit – Multiple-axle.,10,Title 10 Vehicles and Traffic,10.75,https://topeka.municipal.codes/TMC/10.75.130
Section,10.75.140,10.75.140,Excess size and weight move permit.,10,Title 10 Vehicles and Traffic,10.75,https://topeka.municipal.codes/TMC/10.75.140
Section,10.75.150,10.75.150,Limitation for interstate highways.,10,Title 10 Vehicles and Traffic,10.75,https://topeka.municipal.codes/TMC/10.75.150
Section,10.75.160,10.75.160,"Exception for garbage, refuse or waste disposal trucks.",10,Title 10 Vehicles and Traffic,10.75,https://topeka.municipal.codes/TMC/10.75.160
Section,10.75.170,10.75.170,Exception for certain materials trucks.,10,Title 10 Vehicles and Traffic,10.75,https://topeka.municipal.codes/TMC/10.75.170
Chapter,10.80,10.80,Pedestrian and Traffic Safety,10,Title 10 Vehicles and Traffic,,https://topeka.municipal.codes/TMC/10.80
Section,10.80.010,10.80.010,Findings.,10,Title 10 Vehicles and Traffic,10.80,https://topeka.municipal.codes/TMC/10.80.010
Section,10.80.020,10.80.020,Designated intersections.,10,Title 10 Vehicles and Traffic,10.80,https://topeka.municipal.codes/TMC/10.80.020
Section,10.80.030,10.80.030,Prohibition – Pedestrians entering or staying upon roadways at certain intersections.,10,Title 10 Vehicles and Traffic,10.80,https://topeka.municipal.codes/TMC/10.80.030
Section,10.80.040,10.80.040,Penalty.,10,Title 10 Vehicles and Traffic,10.80,https://topeka.municipal.codes/TMC/10.80.040
Section,10.80.050,10.80.050,Severability.,10,Title 10 Vehicles and Traffic,10.80,https://topeka.municipal.codes/TMC/10.80.050
Title,11,11,Title 11 Public Parks,11,Title 11 Public Parks,,https://topeka.municipal.codes/TMC/11
Chapter,11.05,11.05,Park Regulations,11,Title 11 Public Parks,,https://topeka.municipal.codes/TMC/11.05
Section,11.05.010,11.05.010,Hours of operation.,11,Title 11 Public Parks,11.05,https://topeka.municipal.codes/TMC/11.05.010
Chapter,11.10,11.10,Zoological Park,11,Title 11 Public Parks,,https://topeka.municipal.codes/TMC/11.10
Section,11.10.010,11.10.010,Purpose.,11,Title 11 Public Parks,11.10,https://topeka.municipal.codes/TMC/11.10.010
Section,11.10.020,11.10.020,Acceptance of property by City.,11,Title 11 Public Parks,11.10,https://topeka.municipal.codes/TMC/11.10.020
Section,11.10.030,11.10.030,Munn Memorial.,11,Title 11 Public Parks,11.10,https://topeka.municipal.codes/TMC/11.10.030
Section,11.10.040,11.10.040,Topeka Zoo and Conservation Center – Management and operation.,11,Title 11 Public Parks,11.10,https://topeka.municipal.codes/TMC/11.10.040
Title,12,12,"Title 12 Streets, Sidewalks and Public Property",12,"Title 12 Streets, Sidewalks and Public Property",,https://topeka.municipal.codes/TMC/12
Chapter,12.05,12.05,General Provisions,12,"Title 12 Streets, Sidewalks and Public Property",,https://topeka.municipal.codes/TMC/12.05
Section,12.05.030,12.05.030,Throwing of refuse.,12,"Title 12 Streets, Sidewalks and Public Property",12.05,https://topeka.municipal.codes/TMC/12.05.030
Section,12.05.040,12.05.040,Rules and regulations for cleaning of construction equipment.,12,"Title 12 Streets, Sidewalks and Public Property",12.05,https://topeka.municipal.codes/TMC/12.05.040
Section,12.05.050,12.05.050,Water and steam escaping.,12,"Title 12 Streets, Sidewalks and Public Property",12.05,https://topeka.municipal.codes/TMC/12.05.050
Section,12.05.060,12.05.060,"Mixing of mortar, plaster or cement.",12,"Title 12 Streets, Sidewalks and Public Property",12.05,https://topeka.municipal.codes/TMC/12.05.060
Section,12.05.070,12.05.070,Barbed wire and iron points.,12,"Title 12 Streets, Sidewalks and Public Property",12.05,https://topeka.municipal.codes/TMC/12.05.070
Section,12.05.080,12.05.080,Restoration of curb and gutter after cutbacks.,12,"Title 12 Streets, Sidewalks and Public Property",12.05,https://topeka.municipal.codes/TMC/12.05.080
Section,12.05.090,12.05.090,Areaways and cellarways near streets.,12,"Title 12 Streets, Sidewalks and Public Property",12.05,https://topeka.municipal.codes/TMC/12.05.090
Section,12.05.100,12.05.100,Ball playing.,12,"Title 12 Streets, Sidewalks and Public Property",12.05,https://topeka.municipal.codes/TMC/12.05.100
Section,12.05.110,12.05.110,Procedure for changing street names or designating memorial streets.,12,"Title 12 Streets, Sidewalks and Public Property",12.05,https://topeka.municipal.codes/TMC/12.05.110
Chapter,12.10,12.10,Obstructions and Encroachments,12,"Title 12 Streets, Sidewalks and Public Property",,https://topeka.municipal.codes/TMC/12.10
Article,12.10_ArtI,12.10 Art. I,Article I. Generally,12,"Title 12 Streets, Sidewalks and Public Property",12.10,https://topeka.municipal.codes/TMC/12.10_ArtI
Section,12.10.010,12.10.010,Unlawful obstructions – Exceptions.,12,"Title 12 Streets, Sidewalks and Public Property",12.10,https://topeka.municipal.codes/TMC/12.10.010
Section,12.10.020,12.10.020,Warning lights required at night.,12,"Title 12 Streets, Sidewalks and Public Property",12.10,https://topeka.municipal.codes/TMC/12.10.020
Section,12.10.030,12.10.030,Parking to sell merchandise.,12,"Title 12 Streets, Sidewalks and Public Property",12.10,https://topeka.municipal.codes/TMC/12.10.030
Section,12.10.040,12.10.040,Weighing or vending machines in public places.,12,"Title 12 Streets, Sidewalks and Public Property",12.10,https://topeka.municipal.codes/TMC/12.10.040
Section,12.10.050,12.10.050,Showcases.,12,"Title 12 Streets, Sidewalks and Public Property",12.10,https://topeka.municipal.codes/TMC/12.10.050
Section,12.10.060,12.10.060,Street carnivals and shows.,12,"Title 12 Streets, Sidewalks and Public Property",12.10,https://topeka.municipal.codes/TMC/12.10.060
Section,12.10.070,12.10.070,Washing vehicles.,12,"Title 12 Streets, Sidewalks and Public Property",12.10,https://topeka.municipal.codes/TMC/12.10.070
Section,12.10.080,12.10.080,Building materials.,12,"Title 12 Streets, Sidewalks and Public Property",12.10,https://topeka.municipal.codes/TMC/12.10.080
Article,12.10_ArtII,12.10 Art. II,Article II. Sidewalk Cafes in Downtown Business Area,12,"Title 12 Streets, Sidewalks and Public Property",12.10,https://topeka.municipal.codes/TMC/12.10_ArtII
Section,12.10.090,12.10.090,Definitions.,12,"Title 12 Streets, Sidewalks and Public Property",12.10,https://topeka.municipal.codes/TMC/12.10.090
Section,12.10.100,12.10.100,Permit required.,12,"Title 12 Streets, Sidewalks and Public Property",12.10,https://topeka.municipal.codes/TMC/12.10.100
Section,12.10.110,12.10.110,Revocation of permit.,12,"Title 12 Streets, Sidewalks and Public Property",12.10,https://topeka.municipal.codes/TMC/12.10.110
Section,12.10.120,12.10.120,Operational requirements.,12,"Title 12 Streets, Sidewalks and Public Property",12.10,https://topeka.municipal.codes/TMC/12.10.120
Chapter,12.15,12.15,Private Streets,12,"Title 12 Streets, Sidewalks and Public Property",,https://topeka.municipal.codes/TMC/12.15
Section,12.15.010,12.15.010,Review of proposed designations by affected agencies.,12,"Title 12 Streets, Sidewalks and Public Property",12.15,https://topeka.municipal.codes/TMC/12.15.010
Section,12.15.020,12.15.020,Approval of plans by Council.,12,"Title 12 Streets, Sidewalks and Public Property",12.15,https://topeka.municipal.codes/TMC/12.15.020
Section,12.15.030,12.15.030,Procedure upon official designation.,12,"Title 12 Streets, Sidewalks and Public Property",12.15,https://topeka.municipal.codes/TMC/12.15.030
Section,12.15.040,12.15.040,Private street name and number signs.,12,"Title 12 Streets, Sidewalks and Public Property",12.15,https://topeka.municipal.codes/TMC/12.15.040
Chapter,12.20,12.20,Public Traffic Hazards,12,"Title 12 Streets, Sidewalks and Public Property",,https://topeka.municipal.codes/TMC/12.20
Section,12.20.010,12.20.010,Definitions.,12,"Title 12 Streets, Sidewalks and Public Property",12.20,https://topeka.municipal.codes/TMC/12.20.010
Section,12.20.020,12.20.020,Prohibitions.,12,"Title 12 Streets, Sidewalks and Public Property",12.20,https://topeka.municipal.codes/TMC/12.20.020
Section,12.20.030,12.20.030,Notice of violation.,12,"Title 12 Streets, Sidewalks and Public Property",12.20,https://topeka.municipal.codes/TMC/12.20.030
Section,12.20.040,12.20.040,Abatement.,12,"Title 12 Streets, Sidewalks and Public Property",12.20,https://topeka.municipal.codes/TMC/12.20.040
Section,12.20.050,12.20.050,Penalty.,12,"Title 12 Streets, Sidewalks and Public Property",12.20,https://topeka.municipal.codes/TMC/12.20.050
Chapter,12.25,12.25,Railroads,12,"Title 12 Streets, Sidewalks and Public Property",,https://topeka.municipal.codes/TMC/12.25
Section,12.25.010,12.25.010,Maintenance of crossings.,12,"Title 12 Streets, Sidewalks and Public Property",12.25,https://topeka.municipal.codes/TMC/12.25.010
Section,12.25.020,12.25.020,Paving and macadamizing.,12,"Title 12 Streets, Sidewalks and Public Property",12.25,https://topeka.municipal.codes/TMC/12.25.020
Section,12.25.030,12.25.030,Keeping tracks unobstructed.,12,"Title 12 Streets, Sidewalks and Public Property",12.25,https://topeka.municipal.codes/TMC/12.25.030
Chapter,12.30,12.30,Right-of-Way Excavation,12,"Title 12 Streets, Sidewalks and Public Property",,https://topeka.municipal.codes/TMC/12.30
Article,12.30_ArtI,12.30 Art. I,Article I. In General,12,"Title 12 Streets, Sidewalks and Public Property",12.30,https://topeka.municipal.codes/TMC/12.30_ArtI
Section,12.30.010,12.30.010,Findings and purpose.,12,"Title 12 Streets, Sidewalks and Public Property",12.30,https://topeka.municipal.codes/TMC/12.30.010
Section,12.30.020,12.30.020,Definitions.,12,"Title 12 Streets, Sidewalks and Public Property",12.30,https://topeka.municipal.codes/TMC/12.30.020
Section,12.30.030,12.30.030,Administration.,12,"Title 12 Streets, Sidewalks and Public Property",12.30,https://topeka.municipal.codes/TMC/12.30.030
Section,12.30.040,12.30.040,Utility Coordination Committee.,12,"Title 12 Streets, Sidewalks and Public Property",12.30,https://topeka.municipal.codes/TMC/12.30.040
Article,12.30_ArtII,12.30 Art. II,Article II. Registration and Right-of-Way Occupancy – Corporations/Utilities,12,"Title 12 Streets, Sidewalks and Public Property",12.30,https://topeka.municipal.codes/TMC/12.30_ArtII
Section,12.30.050,12.30.050,Registration requirements.,12,"Title 12 Streets, Sidewalks and Public Property",12.30,https://topeka.municipal.codes/TMC/12.30.050
Section,12.30.060,12.30.060,Registration information.,12,"Title 12 Streets, Sidewalks and Public Property",12.30,https://topeka.municipal.codes/TMC/12.30.060
Section,12.30.070,12.30.070,Reporting obligations.,12,"Title 12 Streets, Sidewalks and Public Property",12.30,https://topeka.municipal.codes/TMC/12.30.070
Section,12.30.080,12.30.080,Permit requirement.,12,"Title 12 Streets, Sidewalks and Public Property",12.30,https://topeka.municipal.codes/TMC/12.30.080
Section,12.30.090,12.30.090,Permit applications.,12,"Title 12 Streets, Sidewalks and Public Property",12.30,https://topeka.municipal.codes/TMC/12.30.090
Section,12.30.100,12.30.100,Issuance of permit – Conditions.,12,"Title 12 Streets, Sidewalks and Public Property",12.30,https://topeka.municipal.codes/TMC/12.30.100
Section,12.30.110,12.30.110,Permit fees.,12,"Title 12 Streets, Sidewalks and Public Property",12.30,https://topeka.municipal.codes/TMC/12.30.110
Section,12.30.120,12.30.120,Right-of-way repair and restoration.,12,"Title 12 Streets, Sidewalks and Public Property",12.30,https://topeka.municipal.codes/TMC/12.30.120
Section,12.30.130,12.30.130,Joint applications by registrants.,12,"Title 12 Streets, Sidewalks and Public Property",12.30,https://topeka.municipal.codes/TMC/12.30.130
Section,12.30.140,12.30.140,Supplementary applications.,12,"Title 12 Streets, Sidewalks and Public Property",12.30,https://topeka.municipal.codes/TMC/12.30.140
Section,12.30.150,12.30.150,Other obligations.,12,"Title 12 Streets, Sidewalks and Public Property",12.30,https://topeka.municipal.codes/TMC/12.30.150
Section,12.30.160,12.30.160,Denial of permit.,12,"Title 12 Streets, Sidewalks and Public Property",12.30,https://topeka.municipal.codes/TMC/12.30.160
Section,12.30.170,12.30.170,Installation requirements.,12,"Title 12 Streets, Sidewalks and Public Property",12.30,https://topeka.municipal.codes/TMC/12.30.170
Section,12.30.180,12.30.180,Inspection.,12,"Title 12 Streets, Sidewalks and Public Property",12.30,https://topeka.municipal.codes/TMC/12.30.180
Section,12.30.190,12.30.190,Work done without a permit.,12,"Title 12 Streets, Sidewalks and Public Property",12.30,https://topeka.municipal.codes/TMC/12.30.190
Section,12.30.200,12.30.200,Revocation of permits.,12,"Title 12 Streets, Sidewalks and Public Property",12.30,https://topeka.municipal.codes/TMC/12.30.200
Section,12.30.210,12.30.210,Mapping data.,12,"Title 12 Streets, Sidewalks and Public Property",12.30,https://topeka.municipal.codes/TMC/12.30.210
Section,12.30.220,12.30.220,Location of equipment.,12,"Title 12 Streets, Sidewalks and Public Property",12.30,https://topeka.municipal.codes/TMC/12.30.220
Section,12.30.230,12.30.230,Relocation of equipment.,12,"Title 12 Streets, Sidewalks and Public Property",12.30,https://topeka.municipal.codes/TMC/12.30.230
Section,12.30.240,12.30.240,Preexcavation equipment location.,12,"Title 12 Streets, Sidewalks and Public Property",12.30,https://topeka.municipal.codes/TMC/12.30.240
Section,12.30.250,12.30.250,Damage to other equipment.,12,"Title 12 Streets, Sidewalks and Public Property",12.30,https://topeka.municipal.codes/TMC/12.30.250
Section,12.30.260,12.30.260,Right-of-way vacation.,12,"Title 12 Streets, Sidewalks and Public Property",12.30,https://topeka.municipal.codes/TMC/12.30.260
Section,12.30.270,12.30.270,Indemnification and liability.,12,"Title 12 Streets, Sidewalks and Public Property",12.30,https://topeka.municipal.codes/TMC/12.30.270
Section,12.30.280,12.30.280,Abandoned and unusable equipment.,12,"Title 12 Streets, Sidewalks and Public Property",12.30,https://topeka.municipal.codes/TMC/12.30.280
Article,12.30_ArtIII,12.30 Art. III,Article III. Registration and Right-of-Way Occupancy – Individual Property Owners,12,"Title 12 Streets, Sidewalks and Public Property",12.30,https://topeka.municipal.codes/TMC/12.30_ArtIII
Section,12.30.290,12.30.290,Permit requirement.,12,"Title 12 Streets, Sidewalks and Public Property",12.30,https://topeka.municipal.codes/TMC/12.30.290
Section,12.30.300,12.30.300,Right-of-way repair and restoration.,12,"Title 12 Streets, Sidewalks and Public Property",12.30,https://topeka.municipal.codes/TMC/12.30.300
Section,12.30.310,12.30.310,Supplementary applications.,12,"Title 12 Streets, Sidewalks and Public Property",12.30,https://topeka.municipal.codes/TMC/12.30.310
Section,12.30.320,12.30.320,Other obligations.,12,"Title 12 Streets, Sidewalks and Public Property",12.30,https://topeka.municipal.codes/TMC/12.30.320
Section,12.30.330,12.30.330,Inspection.,12,"Title 12 Streets, Sidewalks and Public Property",12.30,https://topeka.municipal.codes/TMC/12.30.330
Section,12.30.340,12.30.340,Revocation of permits.,12,"Title 12 Streets, Sidewalks and Public Property",12.30,https://topeka.municipal.codes/TMC/12.30.340
Article,12.30_ArtIV,12.30 Art. IV,Article IV. Reservation of Regulatory and Police Powers,12,"Title 12 Streets, Sidewalks and Public Property",12.30,https://topeka.municipal.codes/TMC/12.30_ArtIV
Section,12.30.350,12.30.350,Lawful rights reserved.,12,"Title 12 Streets, Sidewalks and Public Property",12.30,https://topeka.municipal.codes/TMC/12.30.350
Section,12.30.360,12.30.360,Severability.,12,"Title 12 Streets, Sidewalks and Public Property",12.30,https://topeka.municipal.codes/TMC/12.30.360
Chapter,12.35,12.35,Sidewalk Construction and Maintenance,12,"Title 12 Streets, Sidewalks and Public Property",,https://topeka.municipal.codes/TMC/12.35
Article,12.35_ArtI,12.35 Art. I,Article I. Generally,12,"Title 12 Streets, Sidewalks and Public Property",12.35,https://topeka.municipal.codes/TMC/12.35_ArtI
Section,12.35.010,12.35.010,Private walks and landings in street parkings.,12,"Title 12 Streets, Sidewalks and Public Property",12.35,https://topeka.municipal.codes/TMC/12.35.010
Article,12.35_ArtII,12.35 Art. II,"Article II. Construction, Reconstruction and Repair",12,"Title 12 Streets, Sidewalks and Public Property",12.35,https://topeka.municipal.codes/TMC/12.35_ArtII
Section,12.35.020,12.35.020,Plans and specifications.,12,"Title 12 Streets, Sidewalks and Public Property",12.35,https://topeka.municipal.codes/TMC/12.35.020
Section,12.35.030,12.35.030,Work performed under contract.,12,"Title 12 Streets, Sidewalks and Public Property",12.35,https://topeka.municipal.codes/TMC/12.35.030
Section,12.35.040,12.35.040,Work to be supervised by City Engineer.,12,"Title 12 Streets, Sidewalks and Public Property",12.35,https://topeka.municipal.codes/TMC/12.35.040
Section,12.35.050,12.35.050,Assessment of costs.,12,"Title 12 Streets, Sidewalks and Public Property",12.35,https://topeka.municipal.codes/TMC/12.35.050
Section,12.35.060,12.35.060,Condemnation and reconstruction.,12,"Title 12 Streets, Sidewalks and Public Property",12.35,https://topeka.municipal.codes/TMC/12.35.060
Section,12.35.070,12.35.070,"Construction by abutting owner – Request to City, when.",12,"Title 12 Streets, Sidewalks and Public Property",12.35,https://topeka.municipal.codes/TMC/12.35.070
Article,12.35_ArtIII,12.35 Art. III,Article III. Cleaning,12,"Title 12 Streets, Sidewalks and Public Property",12.35,https://topeka.municipal.codes/TMC/12.35_ArtIII
Section,12.35.080,12.35.080,Duty of abutting property owners or occupants.,12,"Title 12 Streets, Sidewalks and Public Property",12.35,https://topeka.municipal.codes/TMC/12.35.080
Section,12.35.090,12.35.090,Notice.,12,"Title 12 Streets, Sidewalks and Public Property",12.35,https://topeka.municipal.codes/TMC/12.35.090
Section,12.35.100,12.35.100,Work by City – Assessment of costs.,12,"Title 12 Streets, Sidewalks and Public Property",12.35,https://topeka.municipal.codes/TMC/12.35.100
Chapter,12.40,12.40,Sidewalk Snow and Ice Removal,12,"Title 12 Streets, Sidewalks and Public Property",,https://topeka.municipal.codes/TMC/12.40
Section,12.40.010,12.40.010,Removal of snow or ice from public sidewalks.,12,"Title 12 Streets, Sidewalks and Public Property",12.40,https://topeka.municipal.codes/TMC/12.40.010
Section,12.40.020,12.40.020,Enforcement.,12,"Title 12 Streets, Sidewalks and Public Property",12.40,https://topeka.municipal.codes/TMC/12.40.020
Section,12.40.030,12.40.030,Notice of violations.,12,"Title 12 Streets, Sidewalks and Public Property",12.40,https://topeka.municipal.codes/TMC/12.40.030
Section,12.40.040,12.40.040,Penalties for violations.,12,"Title 12 Streets, Sidewalks and Public Property",12.40,https://topeka.municipal.codes/TMC/12.40.040
Section,12.40.050,12.40.050,Removal of snow or ice by City.,12,"Title 12 Streets, Sidewalks and Public Property",12.40,https://topeka.municipal.codes/TMC/12.40.050
Section,12.40.060,12.40.060,Appeals.,12,"Title 12 Streets, Sidewalks and Public Property",12.40,https://topeka.municipal.codes/TMC/12.40.060
Chapter,12.45,12.45,Street and Highway Construction,12,"Title 12 Streets, Sidewalks and Public Property",,https://topeka.municipal.codes/TMC/12.45
Article,12.45_ArtI,12.45 Art. I,Article I. Temporary Batch Plants,12,"Title 12 Streets, Sidewalks and Public Property",12.45,https://topeka.municipal.codes/TMC/12.45_ArtI
Section,12.45.010,12.45.010,Permit required – Application – Review – Issuance – Limitations.,12,"Title 12 Streets, Sidewalks and Public Property",12.45,https://topeka.municipal.codes/TMC/12.45.010
Section,12.45.020,12.45.020,Permit denial or conditions – Appeal.,12,"Title 12 Streets, Sidewalks and Public Property",12.45,https://topeka.municipal.codes/TMC/12.45.020
Section,12.45.030,12.45.030,Violation – Penalty.,12,"Title 12 Streets, Sidewalks and Public Property",12.45,https://topeka.municipal.codes/TMC/12.45.030
Article,12.45_ArtII,12.45 Art. II,Article II. Construction Work in City Right-of-Way,12,"Title 12 Streets, Sidewalks and Public Property",12.45,https://topeka.municipal.codes/TMC/12.45_ArtII
Section,12.45.040,12.45.040,Application and permit required.,12,"Title 12 Streets, Sidewalks and Public Property",12.45,https://topeka.municipal.codes/TMC/12.45.040
Section,12.45.050,12.45.050,Insurance required.,12,"Title 12 Streets, Sidewalks and Public Property",12.45,https://topeka.municipal.codes/TMC/12.45.050
Section,12.45.060,12.45.060,City Engineer – Standard plans and specifications – Supervision – Records.,12,"Title 12 Streets, Sidewalks and Public Property",12.45,https://topeka.municipal.codes/TMC/12.45.060
Section,12.45.070,12.45.070,Barricades and warning devices.,12,"Title 12 Streets, Sidewalks and Public Property",12.45,https://topeka.municipal.codes/TMC/12.45.070
Section,12.45.080,12.45.080,Interfering with movement of traffic.,12,"Title 12 Streets, Sidewalks and Public Property",12.45,https://topeka.municipal.codes/TMC/12.45.080
Section,12.45.090,12.45.090,Repair by City – Costs.,12,"Title 12 Streets, Sidewalks and Public Property",12.45,https://topeka.municipal.codes/TMC/12.45.090
Section,12.45.100,12.45.100,Removal when obsolete.,12,"Title 12 Streets, Sidewalks and Public Property",12.45,https://topeka.municipal.codes/TMC/12.45.100
Section,12.45.110,12.45.110,Prohibited acts.,12,"Title 12 Streets, Sidewalks and Public Property",12.45,https://topeka.municipal.codes/TMC/12.45.110
Section,12.45.120,12.45.120,Suspension or revocation of license.,12,"Title 12 Streets, Sidewalks and Public Property",12.45,https://topeka.municipal.codes/TMC/12.45.120
Section,12.45.130,12.45.130,Variances.,12,"Title 12 Streets, Sidewalks and Public Property",12.45,https://topeka.municipal.codes/TMC/12.45.130
Chapter,12.50,12.50,Street Parking,12,"Title 12 Streets, Sidewalks and Public Property",,https://topeka.municipal.codes/TMC/12.50
Article,12.50_ArtI,12.50 Art. I,Article I. Generally,12,"Title 12 Streets, Sidewalks and Public Property",12.50,https://topeka.municipal.codes/TMC/12.50_ArtI
Section,12.50.010,12.50.010,Widths of parking.,12,"Title 12 Streets, Sidewalks and Public Property",12.50,https://topeka.municipal.codes/TMC/12.50.010
Section,12.50.020,12.50.020,Width of roadway.,12,"Title 12 Streets, Sidewalks and Public Property",12.50,https://topeka.municipal.codes/TMC/12.50.020
Section,12.50.030,12.50.030,Widening street roadway.,12,"Title 12 Streets, Sidewalks and Public Property",12.50,https://topeka.municipal.codes/TMC/12.50.030
Section,12.50.040,12.50.040,Occupancy of street parking by vehicles.,12,"Title 12 Streets, Sidewalks and Public Property",12.50,https://topeka.municipal.codes/TMC/12.50.040
Article,12.50_ArtII,12.50 Art. II,Article II. Parking Cutback Permit,12,"Title 12 Streets, Sidewalks and Public Property",12.50,https://topeka.municipal.codes/TMC/12.50_ArtII
Section,12.50.050,12.50.050,Cutback parking – Approval by City Engineer.,12,"Title 12 Streets, Sidewalks and Public Property",12.50,https://topeka.municipal.codes/TMC/12.50.050
Section,12.50.060,12.50.060,"Failure to repair, maintain and clean.",12,"Title 12 Streets, Sidewalks and Public Property",12.50,https://topeka.municipal.codes/TMC/12.50.060
Chapter,12.55,12.55,Trafficway Impact Fees,12,"Title 12 Streets, Sidewalks and Public Property",,https://topeka.municipal.codes/TMC/12.55
Section,12.55.010,12.55.010,Purpose and intent.,12,"Title 12 Streets, Sidewalks and Public Property",12.55,https://topeka.municipal.codes/TMC/12.55.010
Section,12.55.020,12.55.020,Findings.,12,"Title 12 Streets, Sidewalks and Public Property",12.55,https://topeka.municipal.codes/TMC/12.55.020
Section,12.55.030,12.55.030,Applicability.,12,"Title 12 Streets, Sidewalks and Public Property",12.55,https://topeka.municipal.codes/TMC/12.55.030
Section,12.55.040,12.55.040,"Effect on other taxes, assessments or fees.",12,"Title 12 Streets, Sidewalks and Public Property",12.55,https://topeka.municipal.codes/TMC/12.55.040
Section,12.55.050,12.55.050,Definitions.,12,"Title 12 Streets, Sidewalks and Public Property",12.55,https://topeka.municipal.codes/TMC/12.55.050
Section,12.55.060,12.55.060,Notice and hearing required for establishing or increasing an impact fee.,12,"Title 12 Streets, Sidewalks and Public Property",12.55,https://topeka.municipal.codes/TMC/12.55.060
Section,12.55.070,12.55.070,"Imposition, calculation and collection of trafficway impact fees.",12,"Title 12 Streets, Sidewalks and Public Property",12.55,https://topeka.municipal.codes/TMC/12.55.070
Section,12.55.080,12.55.080,Impact fee accounts.,12,"Title 12 Streets, Sidewalks and Public Property",12.55,https://topeka.municipal.codes/TMC/12.55.080
Section,12.55.090,12.55.090,Use of impact fee proceeds.,12,"Title 12 Streets, Sidewalks and Public Property",12.55,https://topeka.municipal.codes/TMC/12.55.090
Section,12.55.100,12.55.100,Refunds.,12,"Title 12 Streets, Sidewalks and Public Property",12.55,https://topeka.municipal.codes/TMC/12.55.100
Section,12.55.110,12.55.110,Protests.,12,"Title 12 Streets, Sidewalks and Public Property",12.55,https://topeka.municipal.codes/TMC/12.55.110
Section,12.55.120,12.55.120,Statute of limitations.,12,"Title 12 Streets, Sidewalks and Public Property",12.55,https://topeka.municipal.codes/TMC/12.55.120
Section,12.55.130,12.55.130,Exceptions.,12,"Title 12 Streets, Sidewalks and Public Property",12.55,https://topeka.municipal.codes/TMC/12.55.130
Section,12.55.140,12.55.140,Conflicts.,12,"Title 12 Streets, Sidewalks and Public Property",12.55,https://topeka.municipal.codes/TMC/12.55.140
Section,12.55.150,12.55.150,Severability.,12,"Title 12 Streets, Sidewalks and Public Property",12.55,https://topeka.municipal.codes/TMC/12.55.150
Chapter,12.60,12.60,"Vacating Streets, Alleys and Easements",12,"Title 12 Streets, Sidewalks and Public Property",,https://topeka.municipal.codes/TMC/12.60
Section,12.60.010,12.60.010,Petition.,12,"Title 12 Streets, Sidewalks and Public Property",12.60,https://topeka.municipal.codes/TMC/12.60.010
Section,12.60.020,12.60.020,Vacating by ordinance.,12,"Title 12 Streets, Sidewalks and Public Property",12.60,https://topeka.municipal.codes/TMC/12.60.020
Section,12.60.030,12.60.030,Vacating by platting.,12,"Title 12 Streets, Sidewalks and Public Property",12.60,https://topeka.municipal.codes/TMC/12.60.030
Chapter,12.65,12.65,Forestry,12,"Title 12 Streets, Sidewalks and Public Property",,https://topeka.municipal.codes/TMC/12.65
Article,12.65_ArtI,12.65 Art. I,Article I. Generally,12,"Title 12 Streets, Sidewalks and Public Property",12.65,https://topeka.municipal.codes/TMC/12.65_ArtI
Section,12.65.010,12.65.010,Duties and jurisdiction of City Forester.,12,"Title 12 Streets, Sidewalks and Public Property",12.65,https://topeka.municipal.codes/TMC/12.65.010
Section,12.65.020,12.65.020,Function of Forestry Division.,12,"Title 12 Streets, Sidewalks and Public Property",12.65,https://topeka.municipal.codes/TMC/12.65.020
Section,12.65.030,12.65.030,Permits required.,12,"Title 12 Streets, Sidewalks and Public Property",12.65,https://topeka.municipal.codes/TMC/12.65.030
Section,12.65.040,12.65.040,Protection of public trees.,12,"Title 12 Streets, Sidewalks and Public Property",12.65,https://topeka.municipal.codes/TMC/12.65.040
Section,12.65.050,12.65.050,Protecting trees in building operations.,12,"Title 12 Streets, Sidewalks and Public Property",12.65,https://topeka.municipal.codes/TMC/12.65.050
Section,12.65.060,12.65.060,Utility wires.,12,"Title 12 Streets, Sidewalks and Public Property",12.65,https://topeka.municipal.codes/TMC/12.65.060
Section,12.65.070,12.65.070,Appeals – Prosecution.,12,"Title 12 Streets, Sidewalks and Public Property",12.65,https://topeka.municipal.codes/TMC/12.65.070
Article,12.65_ArtII,12.65 Art. II,Article II. Private Property,12,"Title 12 Streets, Sidewalks and Public Property",12.65,https://topeka.municipal.codes/TMC/12.65_ArtII
Section,12.65.080,12.65.080,Duties of private property owners.,12,"Title 12 Streets, Sidewalks and Public Property",12.65,https://topeka.municipal.codes/TMC/12.65.080
Section,12.65.090,12.65.090,Order to treat or remove.,12,"Title 12 Streets, Sidewalks and Public Property",12.65,https://topeka.municipal.codes/TMC/12.65.090
Section,12.65.100,12.65.100,Notice to abate – Contents.,12,"Title 12 Streets, Sidewalks and Public Property",12.65,https://topeka.municipal.codes/TMC/12.65.100
Section,12.65.110,12.65.110,Notice to abate – Service.,12,"Title 12 Streets, Sidewalks and Public Property",12.65,https://topeka.municipal.codes/TMC/12.65.110
Section,12.65.120,12.65.120,Abatement by City.,12,"Title 12 Streets, Sidewalks and Public Property",12.65,https://topeka.municipal.codes/TMC/12.65.120
Section,12.65.130,12.65.130,Assessment of City’s costs.,12,"Title 12 Streets, Sidewalks and Public Property",12.65,https://topeka.municipal.codes/TMC/12.65.130
Chapter,12.70,12.70,Special Events – Parades – Block Parties,12,"Title 12 Streets, Sidewalks and Public Property",,https://topeka.municipal.codes/TMC/12.70
Section,12.70.010,12.70.010,Definitions.,12,"Title 12 Streets, Sidewalks and Public Property",12.70,https://topeka.municipal.codes/TMC/12.70.010
Section,12.70.020,12.70.020,Permit required – Exceptions.,12,"Title 12 Streets, Sidewalks and Public Property",12.70,https://topeka.municipal.codes/TMC/12.70.020
Section,12.70.030,12.70.030,Administration – Regulations.,12,"Title 12 Streets, Sidewalks and Public Property",12.70,https://topeka.municipal.codes/TMC/12.70.030
Section,12.70.040,12.70.040,Fees – Deposit for barricades and debris removal.,12,"Title 12 Streets, Sidewalks and Public Property",12.70,https://topeka.municipal.codes/TMC/12.70.040
Section,12.70.050,12.70.050,Application.,12,"Title 12 Streets, Sidewalks and Public Property",12.70,https://topeka.municipal.codes/TMC/12.70.050
Section,12.70.060,12.70.060,Vendors – Sponsor approval.,12,"Title 12 Streets, Sidewalks and Public Property",12.70,https://topeka.municipal.codes/TMC/12.70.060
Section,12.70.070,12.70.070,Alcohol and cereal malt beverage consumption.,12,"Title 12 Streets, Sidewalks and Public Property",12.70,https://topeka.municipal.codes/TMC/12.70.070
Section,12.70.080,12.70.080,Insurance requirements.,12,"Title 12 Streets, Sidewalks and Public Property",12.70,https://topeka.municipal.codes/TMC/12.70.080
Section,12.70.090,12.70.090,Barricades – Debris removal.,12,"Title 12 Streets, Sidewalks and Public Property",12.70,https://topeka.municipal.codes/TMC/12.70.090
Section,12.70.100,12.70.100,Standards for issuance.,12,"Title 12 Streets, Sidewalks and Public Property",12.70,https://topeka.municipal.codes/TMC/12.70.100
Section,12.70.110,12.70.110,Display of permit.,12,"Title 12 Streets, Sidewalks and Public Property",12.70,https://topeka.municipal.codes/TMC/12.70.110
Section,12.70.120,12.70.120,"Other permits, licenses, fees – Limitations, restrictions.",12,"Title 12 Streets, Sidewalks and Public Property",12.70,https://topeka.municipal.codes/TMC/12.70.120
Section,12.70.130,12.70.130,Denial – Appeal.,12,"Title 12 Streets, Sidewalks and Public Property",12.70,https://topeka.municipal.codes/TMC/12.70.130
Title,13,13,Title 13 Utilities,13,Title 13 Utilities,,https://topeka.municipal.codes/TMC/13
Chapter,13.05,13.05,General Provisions,13,Title 13 Utilities,,https://topeka.municipal.codes/TMC/13.05
Article,13.05_ArtI,13.05 Art. I,Article I. In General,13,Title 13 Utilities,13.05,https://topeka.municipal.codes/TMC/13.05_ArtI
Section,13.05.010,13.05.010,Cable installation near water or sewer lines.,13,Title 13 Utilities,13.05,https://topeka.municipal.codes/TMC/13.05.010
Article,13.05_ArtII,13.05 Art. II,Article II. Utility Rates,13,Title 13 Utilities,13.05,https://topeka.municipal.codes/TMC/13.05_ArtII
Section,13.05.015,13.05.015,Definitions.,13,Title 13 Utilities,13.05,https://topeka.municipal.codes/TMC/13.05.015
Section,13.05.017,13.05.017,"Water, water pollution control, and stormwater utility.",13,Title 13 Utilities,13.05,https://topeka.municipal.codes/TMC/13.05.017
Section,13.05.020,13.05.020,Retail water service rates.,13,Title 13 Utilities,13.05,https://topeka.municipal.codes/TMC/13.05.020
Section,13.05.030,13.05.030,Wholesale water rates.,13,Title 13 Utilities,13.05,https://topeka.municipal.codes/TMC/13.05.030
Section,13.05.040,13.05.040,Fire protection rates.,13,Title 13 Utilities,13.05,https://topeka.municipal.codes/TMC/13.05.040
Section,13.05.050,13.05.050,Sanitary sewer service rates.,13,Title 13 Utilities,13.05,https://topeka.municipal.codes/TMC/13.05.050
Section,13.05.060,13.05.060,ERU rate.,13,Title 13 Utilities,13.05,https://topeka.municipal.codes/TMC/13.05.060
Section,13.05.090,13.05.090,Repealed.,13,Title 13 Utilities,13.05,https://topeka.municipal.codes/TMC/13.05.090
Section,13.05.100,13.05.100,Rates for water consumed from fire hydrants.,13,Title 13 Utilities,13.05,https://topeka.municipal.codes/TMC/13.05.100
Chapter,13.10,13.10,Water System,13,Title 13 Utilities,,https://topeka.municipal.codes/TMC/13.10
Article,13.10_ArtI,13.10 Art. I,Article I. Generally,13,Title 13 Utilities,13.10,https://topeka.municipal.codes/TMC/13.10_ArtI
Section,13.10.010,13.10.010,Definitions.,13,Title 13 Utilities,13.10,https://topeka.municipal.codes/TMC/13.10.010
Section,13.10.030,13.10.030,Utilities Director – Express authority.,13,Title 13 Utilities,13.10,https://topeka.municipal.codes/TMC/13.10.030
Section,13.10.050,13.10.050,Service outside City.,13,Title 13 Utilities,13.10,https://topeka.municipal.codes/TMC/13.10.050
Section,13.10.060,13.10.060,Depth of water pipes – Placement near other pipes.,13,Title 13 Utilities,13.10,https://topeka.municipal.codes/TMC/13.10.060
Section,13.10.070,13.10.070,Application for City water service line connection.,13,Title 13 Utilities,13.10,https://topeka.municipal.codes/TMC/13.10.070
Section,13.10.080,13.10.080,Unlawful acts.,13,Title 13 Utilities,13.10,https://topeka.municipal.codes/TMC/13.10.080
Section,13.10.090,13.10.090,Turning off of water.,13,Title 13 Utilities,13.10,https://topeka.municipal.codes/TMC/13.10.090
Section,13.10.100,13.10.100,Persons or companies who can install City water service lines or water meter service.,13,Title 13 Utilities,13.10,https://topeka.municipal.codes/TMC/13.10.100
Section,13.10.120,13.10.120,Water service to owner of real property outside City limits – Requirements.,13,Title 13 Utilities,13.10,https://topeka.municipal.codes/TMC/13.10.120
Article,13.10_ArtII,13.10 Art. II,Article II. Utility Account,13,Title 13 Utilities,13.10,https://topeka.municipal.codes/TMC/13.10_ArtII
Section,13.10.140,13.10.140,Application.,13,Title 13 Utilities,13.10,https://topeka.municipal.codes/TMC/13.10.140
Section,13.10.150,13.10.150,Deposits fund.,13,Title 13 Utilities,13.10,https://topeka.municipal.codes/TMC/13.10.150
Section,13.10.170,13.10.170,Transfer to water utility fund.,13,Title 13 Utilities,13.10,https://topeka.municipal.codes/TMC/13.10.170
Article,13.10_ArtIII,13.10 Art. III,Article III. Fluoridation,13,Title 13 Utilities,13.10,https://topeka.municipal.codes/TMC/13.10_ArtIII
Section,13.10.190,13.10.190,"Operations, maintenance and funding.",13,Title 13 Utilities,13.10,https://topeka.municipal.codes/TMC/13.10.190
Article,13.10_ArtIV,13.10 Art. IV,Article IV. Water Service Lines,13,Title 13 Utilities,13.10,https://topeka.municipal.codes/TMC/13.10_ArtIV
Section,13.10.240,13.10.240,Size.,13,Title 13 Utilities,13.10,https://topeka.municipal.codes/TMC/13.10.240
Section,13.10.250,13.10.250,"Specifications for installation, materials and inspection.",13,Title 13 Utilities,13.10,https://topeka.municipal.codes/TMC/13.10.250
Section,13.10.270,13.10.270,City water service line termination/abandonment/replacement.,13,Title 13 Utilities,13.10,https://topeka.municipal.codes/TMC/13.10.270
Section,13.10.280,13.10.280,Repair and responsibilities of property owner and City.,13,Title 13 Utilities,13.10,https://topeka.municipal.codes/TMC/13.10.280
Section,13.10.290,13.10.290,Fire protection lines.,13,Title 13 Utilities,13.10,https://topeka.municipal.codes/TMC/13.10.290
Article,13.10_ArtV,13.10 Art. V,Article V. Meters,13,Title 13 Utilities,13.10,https://topeka.municipal.codes/TMC/13.10_ArtV
Section,13.10.300,13.10.300,Definitions.,13,Title 13 Utilities,13.10,https://topeka.municipal.codes/TMC/13.10.300
Section,13.10.310,13.10.310,Installation.,13,Title 13 Utilities,13.10,https://topeka.municipal.codes/TMC/13.10.310
Section,13.10.320,13.10.320,Designation of size.,13,Title 13 Utilities,13.10,https://topeka.municipal.codes/TMC/13.10.320
Section,13.10.340,13.10.340,"Testing, approval.",13,Title 13 Utilities,13.10,https://topeka.municipal.codes/TMC/13.10.340
Section,13.10.350,13.10.350,Repair.,13,Title 13 Utilities,13.10,https://topeka.municipal.codes/TMC/13.10.350
Section,13.10.360,13.10.360,Tampering.,13,Title 13 Utilities,13.10,https://topeka.municipal.codes/TMC/13.10.360
Section,13.10.370,13.10.370,Replacement.,13,Title 13 Utilities,13.10,https://topeka.municipal.codes/TMC/13.10.370
Section,13.10.380,13.10.380,Hydrant meter – Permit required.,13,Title 13 Utilities,13.10,https://topeka.municipal.codes/TMC/13.10.380
Section,13.10.390,13.10.390,Hydrant meter – Deposit required.,13,Title 13 Utilities,13.10,https://topeka.municipal.codes/TMC/13.10.390
Section,13.10.400,13.10.400,Hydrant meter – Fees.,13,Title 13 Utilities,13.10,https://topeka.municipal.codes/TMC/13.10.400
Article,13.10_ArtVI,13.10 Art. VI,Article VI. Fire Hydrants,13,Title 13 Utilities,13.10,https://topeka.municipal.codes/TMC/13.10_ArtVI
Section,13.10.410,13.10.410,Installation.,13,Title 13 Utilities,13.10,https://topeka.municipal.codes/TMC/13.10.410
Section,13.10.415,13.10.415,Requirements.,13,Title 13 Utilities,13.10,https://topeka.municipal.codes/TMC/13.10.415
Section,13.10.420,13.10.420,Obstruction.,13,Title 13 Utilities,13.10,https://topeka.municipal.codes/TMC/13.10.420
Section,13.10.430,13.10.430,Use by City departments and divisions.,13,Title 13 Utilities,13.10,https://topeka.municipal.codes/TMC/13.10.430
Section,13.10.440,13.10.440,Changing location.,13,Title 13 Utilities,13.10,https://topeka.municipal.codes/TMC/13.10.440
Section,13.10.450,13.10.450,Altering color.,13,Title 13 Utilities,13.10,https://topeka.municipal.codes/TMC/13.10.450
Section,13.10.460,13.10.460,Damage to fire hydrant.,13,Title 13 Utilities,13.10,https://topeka.municipal.codes/TMC/13.10.460
Section,13.10.470,13.10.470,Illegal use of a fire hydrant.,13,Title 13 Utilities,13.10,https://topeka.municipal.codes/TMC/13.10.470
Article,13.10_ArtVII,13.10 Art. VII,Article VII. Fees and Charges,13,Title 13 Utilities,13.10,https://topeka.municipal.codes/TMC/13.10_ArtVII
Section,13.10.480,13.10.480,Water protection fees and clean drinking water fees.,13,Title 13 Utilities,13.10,https://topeka.municipal.codes/TMC/13.10.480
Section,13.10.490,13.10.490,Rendering of bills.,13,Title 13 Utilities,13.10,https://topeka.municipal.codes/TMC/13.10.490
Section,13.10.495,13.10.495,Fees and charges.,13,Title 13 Utilities,13.10,https://topeka.municipal.codes/TMC/13.10.495
Section,13.10.497,13.10.497,Water system fees.,13,Title 13 Utilities,13.10,https://topeka.municipal.codes/TMC/13.10.497
Section,13.10.510,13.10.510,Computation of combined utility bill.,13,Title 13 Utilities,13.10,https://topeka.municipal.codes/TMC/13.10.510
Section,13.10.520,13.10.520,Application to contracts.,13,Title 13 Utilities,13.10,https://topeka.municipal.codes/TMC/13.10.520
Section,13.10.560,13.10.560,Delinquent utility account – Restoration of water service.,13,Title 13 Utilities,13.10,https://topeka.municipal.codes/TMC/13.10.560
Section,13.10.580,13.10.580,Unauthorized water service.,13,Title 13 Utilities,13.10,https://topeka.municipal.codes/TMC/13.10.580
Section,13.10.585,13.10.585,Appeals.,13,Title 13 Utilities,13.10,https://topeka.municipal.codes/TMC/13.10.585
Article,13.10_ArtVIII,13.10 Art. VIII,Article VIII. Water Conservation,13,Title 13 Utilities,13.10,https://topeka.municipal.codes/TMC/13.10_ArtVIII
Section,13.10.590,13.10.590,Definitions.,13,Title 13 Utilities,13.10,https://topeka.municipal.codes/TMC/13.10.590
Section,13.10.600,13.10.600,Plan established.,13,Title 13 Utilities,13.10,https://topeka.municipal.codes/TMC/13.10.600
Section,13.10.610,13.10.610,Declaration of policy.,13,Title 13 Utilities,13.10,https://topeka.municipal.codes/TMC/13.10.610
Section,13.10.620,13.10.620,Authorization.,13,Title 13 Utilities,13.10,https://topeka.municipal.codes/TMC/13.10.620
Section,13.10.630,13.10.630,Application.,13,Title 13 Utilities,13.10,https://topeka.municipal.codes/TMC/13.10.630
Section,13.10.640,13.10.640,Wholesale water districts.,13,Title 13 Utilities,13.10,https://topeka.municipal.codes/TMC/13.10.640
Section,13.10.650,13.10.650,Enforcement – Penalty for violations.,13,Title 13 Utilities,13.10,https://topeka.municipal.codes/TMC/13.10.650
Section,13.10.660,13.10.660,Declaration of water emergency.,13,Title 13 Utilities,13.10,https://topeka.municipal.codes/TMC/13.10.660
Section,13.10.670,13.10.670,Prohibitions – Guidelines for implementation of stages.,13,Title 13 Utilities,13.10,https://topeka.municipal.codes/TMC/13.10.670
Section,13.10.680,13.10.680,"Water conservation stages – Stage 1, voluntary conservation measures.",13,Title 13 Utilities,13.10,https://topeka.municipal.codes/TMC/13.10.680
Section,13.10.690,13.10.690,"Water conservation stages – Stage 2, mandatory conservation measures – Water alert.",13,Title 13 Utilities,13.10,https://topeka.municipal.codes/TMC/13.10.690
Section,13.10.700,13.10.700,"Water conservation stages – Stage 3, mandatory conservation measures – Water warning.",13,Title 13 Utilities,13.10,https://topeka.municipal.codes/TMC/13.10.700
Chapter,13.15,13.15,Water Pollution Control,13,Title 13 Utilities,,https://topeka.municipal.codes/TMC/13.15
Article,13.15_ArtI,13.15 Art. I,Article I. Generally,13,Title 13 Utilities,13.15,https://topeka.municipal.codes/TMC/13.15_ArtI
Section,13.15.010,13.15.010,Definitions.,13,Title 13 Utilities,13.15,https://topeka.municipal.codes/TMC/13.15.010
Section,13.15.020,13.15.020,Statement of purpose.,13,Title 13 Utilities,13.15,https://topeka.municipal.codes/TMC/13.15.020
Section,13.15.030,13.15.030,Statement of policy.,13,Title 13 Utilities,13.15,https://topeka.municipal.codes/TMC/13.15.030
Section,13.15.040,13.15.040,Applicability.,13,Title 13 Utilities,13.15,https://topeka.municipal.codes/TMC/13.15.040
Article,13.15_ArtII,13.15 Art. II,Article II. Administration and Enforcement,13,Title 13 Utilities,13.15,https://topeka.municipal.codes/TMC/13.15_ArtII
Section,13.15.100,13.15.100,Powers and duties of the Utilities Director.,13,Title 13 Utilities,13.15,https://topeka.municipal.codes/TMC/13.15.100
Section,13.15.110,13.15.110,Notice of violation.,13,Title 13 Utilities,13.15,https://topeka.municipal.codes/TMC/13.15.110
Section,13.15.120,13.15.120,Enforcement methods.,13,Title 13 Utilities,13.15,https://topeka.municipal.codes/TMC/13.15.120
Section,13.15.130,13.15.130,Administrative search warrants.,13,Title 13 Utilities,13.15,https://topeka.municipal.codes/TMC/13.15.130
Section,13.15.140,13.15.140,Administrative monetary penalties.,13,Title 13 Utilities,13.15,https://topeka.municipal.codes/TMC/13.15.140
Section,13.15.150,13.15.150,Criminal prosecution.,13,Title 13 Utilities,13.15,https://topeka.municipal.codes/TMC/13.15.150
Section,13.15.160,13.15.160,Appeal.,13,Title 13 Utilities,13.15,https://topeka.municipal.codes/TMC/13.15.160
Chapter,13.20,13.20,Sewage and Sewage Disposal,13,Title 13 Utilities,,https://topeka.municipal.codes/TMC/13.20
Article,13.20_ArtI,13.20 Art. I,Article I. Sewer Construction and Connections,13,Title 13 Utilities,13.20,https://topeka.municipal.codes/TMC/13.20_ArtI
Section,13.20.100,13.20.100,Connection required – Enforcement.,13,Title 13 Utilities,13.20,https://topeka.municipal.codes/TMC/13.20.100
Section,13.20.110,13.20.110,Defective private service line or septic system.,13,Title 13 Utilities,13.20,https://topeka.municipal.codes/TMC/13.20.110
Section,13.20.120,13.20.120,"Size, location, plans.",13,Title 13 Utilities,13.20,https://topeka.municipal.codes/TMC/13.20.120
Section,13.20.130,13.20.130,Permit – Required.,13,Title 13 Utilities,13.20,https://topeka.municipal.codes/TMC/13.20.130
Section,13.20.140,13.20.140,Permit – Conditions.,13,Title 13 Utilities,13.20,https://topeka.municipal.codes/TMC/13.20.140
Section,13.20.150,13.20.150,Sanitary sewer failures and repair responsibilities.,13,Title 13 Utilities,13.20,https://topeka.municipal.codes/TMC/13.20.150
Section,13.20.160,13.20.160,"Settling, collapse of public ways due to faulty sewer installation – Repairs – Costs.",13,Title 13 Utilities,13.20,https://topeka.municipal.codes/TMC/13.20.160
Article,13.20_ArtII,13.20 Art. II,Article II. Service Outside City,13,Title 13 Utilities,13.20,https://topeka.municipal.codes/TMC/13.20_ArtII
Section,13.20.170,13.20.170,Approval of connections by engineer – Compliance with applicable laws.,13,Title 13 Utilities,13.20,https://topeka.municipal.codes/TMC/13.20.170
Section,13.20.180,13.20.180,Rates.,13,Title 13 Utilities,13.20,https://topeka.municipal.codes/TMC/13.20.180
Section,13.20.190,13.20.190,Sewer districts – Application.,13,Title 13 Utilities,13.20,https://topeka.municipal.codes/TMC/13.20.190
Section,13.20.200,13.20.200,Sewer districts – License or contract.,13,Title 13 Utilities,13.20,https://topeka.municipal.codes/TMC/13.20.200
Section,13.20.210,13.20.210,Conditions of contracts.,13,Title 13 Utilities,13.20,https://topeka.municipal.codes/TMC/13.20.210
Section,13.20.220,13.20.220,Sewer service to owner of real property outside City limits – Requirements.,13,Title 13 Utilities,13.20,https://topeka.municipal.codes/TMC/13.20.220
Section,13.20.230,13.20.230,Agreement for annexation for future connections.,13,Title 13 Utilities,13.20,https://topeka.municipal.codes/TMC/13.20.230
Article,13.20_ArtIII,13.20 Art. III,Article III. Use Regulations,13,Title 13 Utilities,13.20,https://topeka.municipal.codes/TMC/13.20_ArtIII
Section,13.20.240,13.20.240,Combined sewers not to be approved.,13,Title 13 Utilities,13.20,https://topeka.municipal.codes/TMC/13.20.240
Section,13.20.250,13.20.250,"Unlawful use and/or maintenance of certain drains, discharges and mechanisms.",13,Title 13 Utilities,13.20,https://topeka.municipal.codes/TMC/13.20.250
Section,13.20.260,13.20.260,Prohibitions on storm drainage and groundwater.,13,Title 13 Utilities,13.20,https://topeka.municipal.codes/TMC/13.20.260
Section,13.20.270,13.20.270,Prohibition on unpolluted water.,13,Title 13 Utilities,13.20,https://topeka.municipal.codes/TMC/13.20.270
Section,13.20.280,13.20.280,Unlawful waste discharges in sanitary sewer.,13,Title 13 Utilities,13.20,https://topeka.municipal.codes/TMC/13.20.280
Section,13.20.290,13.20.290,Federal categorical pretreatment standards.,13,Title 13 Utilities,13.20,https://topeka.municipal.codes/TMC/13.20.290
Section,13.20.300,13.20.300,Limitations – Wastewater strength.,13,Title 13 Utilities,13.20,https://topeka.municipal.codes/TMC/13.20.300
Section,13.20.310,13.20.310,Limitations – Radioactive wastes.,13,Title 13 Utilities,13.20,https://topeka.municipal.codes/TMC/13.20.310
Section,13.20.320,13.20.320,Limitations – Use of garbage grinders.,13,Title 13 Utilities,13.20,https://topeka.municipal.codes/TMC/13.20.320
Section,13.20.330,13.20.330,Limitations – Point of discharge.,13,Title 13 Utilities,13.20,https://topeka.municipal.codes/TMC/13.20.330
Section,13.20.350,13.20.350,Certain connections to be sealed with blind plug until area adjacent to foundation backfilled and compacted.,13,Title 13 Utilities,13.20,https://topeka.municipal.codes/TMC/13.20.350
Section,13.20.360,13.20.360,"Basement or excavation water, removal.",13,Title 13 Utilities,13.20,https://topeka.municipal.codes/TMC/13.20.360
Section,13.20.370,13.20.370,Dilution of discharges.,13,Title 13 Utilities,13.20,https://topeka.municipal.codes/TMC/13.20.370
Section,13.20.380,13.20.380,Monitoring facilities.,13,Title 13 Utilities,13.20,https://topeka.municipal.codes/TMC/13.20.380
Section,13.20.390,13.20.390,Pretreatment.,13,Title 13 Utilities,13.20,https://topeka.municipal.codes/TMC/13.20.390
Section,13.20.400,13.20.400,"Accidental discharges, slug loads or treatment bypass.",13,Title 13 Utilities,13.20,https://topeka.municipal.codes/TMC/13.20.400
Article,13.20_ArtIV,13.20 Art. IV,Article IV. Wastewater Discharge Permit,13,Title 13 Utilities,13.20,https://topeka.municipal.codes/TMC/13.20_ArtIV
Section,13.20.410,13.20.410,Wastewater discharge permit – Required.,13,Title 13 Utilities,13.20,https://topeka.municipal.codes/TMC/13.20.410
Section,13.20.420,13.20.420,Optional permits.,13,Title 13 Utilities,13.20,https://topeka.municipal.codes/TMC/13.20.420
Section,13.20.430,13.20.430,Wastewater discharge permit – Application.,13,Title 13 Utilities,13.20,https://topeka.municipal.codes/TMC/13.20.430
Section,13.20.440,13.20.440,Evaluation and acceptance.,13,Title 13 Utilities,13.20,https://topeka.municipal.codes/TMC/13.20.440
Section,13.20.445,13.20.445,Appeal.,13,Title 13 Utilities,13.20,https://topeka.municipal.codes/TMC/13.20.445
Section,13.20.450,13.20.450,Wastewater discharge permits – Contents.,13,Title 13 Utilities,13.20,https://topeka.municipal.codes/TMC/13.20.450
Section,13.20.460,13.20.460,Permit modifications to comply with new pretreatment standards.,13,Title 13 Utilities,13.20,https://topeka.municipal.codes/TMC/13.20.460
Section,13.20.470,13.20.470,Duration.,13,Title 13 Utilities,13.20,https://topeka.municipal.codes/TMC/13.20.470
Section,13.20.475,13.20.475,Wastewater discharge permit – Revocation.,13,Title 13 Utilities,13.20,https://topeka.municipal.codes/TMC/13.20.475
Section,13.20.480,13.20.480,Transfer.,13,Title 13 Utilities,13.20,https://topeka.municipal.codes/TMC/13.20.480
Section,13.20.490,13.20.490,Duties of Utilities Director.,13,Title 13 Utilities,13.20,https://topeka.municipal.codes/TMC/13.20.490
Section,13.20.500,13.20.500,Inspection and sampling.,13,Title 13 Utilities,13.20,https://topeka.municipal.codes/TMC/13.20.500
Section,13.20.510,13.20.510,Trade secrets.,13,Title 13 Utilities,13.20,https://topeka.municipal.codes/TMC/13.20.510
Section,13.20.520,13.20.520,Reporting requirements.,13,Title 13 Utilities,13.20,https://topeka.municipal.codes/TMC/13.20.520
Section,13.20.525,13.20.525,Certification statements.,13,Title 13 Utilities,13.20,https://topeka.municipal.codes/TMC/13.20.525
Section,13.20.530,13.20.530,Notice of hazardous waste discharge.,13,Title 13 Utilities,13.20,https://topeka.municipal.codes/TMC/13.20.530
Section,13.20.540,13.20.540,Significant noncompliance.,13,Title 13 Utilities,13.20,https://topeka.municipal.codes/TMC/13.20.540
Section,13.20.545,13.20.545,Upset.,13,Title 13 Utilities,13.20,https://topeka.municipal.codes/TMC/13.20.545
Section,13.20.550,13.20.550,Record keeping.,13,Title 13 Utilities,13.20,https://topeka.municipal.codes/TMC/13.20.550
Article,13.20_ArtV,13.20 Art. V,Article V. Septic Tank Truck Operators,13,Title 13 Utilities,13.20,https://topeka.municipal.codes/TMC/13.20_ArtV
Section,13.20.560,13.20.560,"Liquid waste haulers, discharge permit required.",13,Title 13 Utilities,13.20,https://topeka.municipal.codes/TMC/13.20.560
Section,13.20.570,13.20.570,"Liquid waste hauler discharge permit application, application fee.",13,Title 13 Utilities,13.20,https://topeka.municipal.codes/TMC/13.20.570
Section,13.20.580,13.20.580,Control authority.,13,Title 13 Utilities,13.20,https://topeka.municipal.codes/TMC/13.20.580
Section,13.20.590,13.20.590,"Permit conditions, renewal.",13,Title 13 Utilities,13.20,https://topeka.municipal.codes/TMC/13.20.590
Section,13.20.600,13.20.600,"Liquid waste discharge location, fees, manifest.",13,Title 13 Utilities,13.20,https://topeka.municipal.codes/TMC/13.20.600
Section,13.20.610,13.20.610,Discharge of contents from holding tanks.,13,Title 13 Utilities,13.20,https://topeka.municipal.codes/TMC/13.20.610
Section,13.20.620,13.20.620,Change in liquid waste profile.,13,Title 13 Utilities,13.20,https://topeka.municipal.codes/TMC/13.20.620
Section,13.20.630,13.20.630,Rights of refusal.,13,Title 13 Utilities,13.20,https://topeka.municipal.codes/TMC/13.20.630
Section,13.20.640,13.20.640,Enforcement.,13,Title 13 Utilities,13.20,https://topeka.municipal.codes/TMC/13.20.640
Section,13.20.650,13.20.650,Liquid waste hauler – Regulatory penalty.,13,Title 13 Utilities,13.20,https://topeka.municipal.codes/TMC/13.20.650
Section,13.20.660,13.20.660,Liquid waste hauler – Damage to facilities.,13,Title 13 Utilities,13.20,https://topeka.municipal.codes/TMC/13.20.660
Section,13.20.670,13.20.670,Liquid waste hauler – Criminal.,13,Title 13 Utilities,13.20,https://topeka.municipal.codes/TMC/13.20.670
Article,13.20_ArtVI,13.20 Art. VI,Article VI. Sewage Connection and Disposal Charges,13,Title 13 Utilities,13.20,https://topeka.municipal.codes/TMC/13.20_ArtVI
Section,13.20.680,13.20.680,Connection fees and monthly rates/charges established.,13,Title 13 Utilities,13.20,https://topeka.municipal.codes/TMC/13.20.680
Section,13.20.690,13.20.690,Calculation of charges and classification of users.,13,Title 13 Utilities,13.20,https://topeka.municipal.codes/TMC/13.20.690
Section,13.20.700,13.20.700,Standard classification charges.,13,Title 13 Utilities,13.20,https://topeka.municipal.codes/TMC/13.20.700
Section,13.20.710,13.20.710,Treatment of liquid waste – Setting of rate.,13,Title 13 Utilities,13.20,https://topeka.municipal.codes/TMC/13.20.710
Section,13.20.720,13.20.720,Special treatment conditions.,13,Title 13 Utilities,13.20,https://topeka.municipal.codes/TMC/13.20.720
Section,13.20.730,13.20.730,Special metering conditions.,13,Title 13 Utilities,13.20,https://topeka.municipal.codes/TMC/13.20.730
Section,13.20.740,13.20.740,Rendering of bills.,13,Title 13 Utilities,13.20,https://topeka.municipal.codes/TMC/13.20.740
Section,13.20.750,13.20.750,Effective date for charges.,13,Title 13 Utilities,13.20,https://topeka.municipal.codes/TMC/13.20.750
Section,13.20.760,13.20.760,Payment required – No discrimination.,13,Title 13 Utilities,13.20,https://topeka.municipal.codes/TMC/13.20.760
Section,13.20.770,13.20.770,Sewage disposal system fund.,13,Title 13 Utilities,13.20,https://topeka.municipal.codes/TMC/13.20.770
Section,13.20.780,13.20.780,Certification of names of water users without sewage connection.,13,Title 13 Utilities,13.20,https://topeka.municipal.codes/TMC/13.20.780
Section,13.20.790,13.20.790,Failure to pay bill.,13,Title 13 Utilities,13.20,https://topeka.municipal.codes/TMC/13.20.790
Section,13.20.800,13.20.800,Charges for restoring service.,13,Title 13 Utilities,13.20,https://topeka.municipal.codes/TMC/13.20.800
Section,13.20.810,13.20.810,Overpayment or underpayment.,13,Title 13 Utilities,13.20,https://topeka.municipal.codes/TMC/13.20.810
Article,13.20_ArtVII,13.20 Art. VII,Article VII. Grease Generators,13,Title 13 Utilities,13.20,https://topeka.municipal.codes/TMC/13.20_ArtVII
Section,13.20.820,13.20.820,Use of grease traps/interceptors.,13,Title 13 Utilities,13.20,https://topeka.municipal.codes/TMC/13.20.820
Section,13.20.830,13.20.830,Quarterly reporting.,13,Title 13 Utilities,13.20,https://topeka.municipal.codes/TMC/13.20.830
Section,13.20.840,13.20.840,Record keeping.,13,Title 13 Utilities,13.20,https://topeka.municipal.codes/TMC/13.20.840
Section,13.20.850,13.20.850,Additives.,13,Title 13 Utilities,13.20,https://topeka.municipal.codes/TMC/13.20.850
Article,13.20_ArtVIII,13.20 Art. VIII,Article VIII. Grease Hauler,13,Title 13 Utilities,13.20,https://topeka.municipal.codes/TMC/13.20_ArtVIII
Section,13.20.860,13.20.860,License required.,13,Title 13 Utilities,13.20,https://topeka.municipal.codes/TMC/13.20.860
Section,13.20.870,13.20.870,Application.,13,Title 13 Utilities,13.20,https://topeka.municipal.codes/TMC/13.20.870
Section,13.20.880,13.20.880,License term.,13,Title 13 Utilities,13.20,https://topeka.municipal.codes/TMC/13.20.880
Section,13.20.890,13.20.890,License fee.,13,Title 13 Utilities,13.20,https://topeka.municipal.codes/TMC/13.20.890
Section,13.20.900,13.20.900,Grease hauler license renewal.,13,Title 13 Utilities,13.20,https://topeka.municipal.codes/TMC/13.20.900
Section,13.20.910,13.20.910,Grease waste inspection.,13,Title 13 Utilities,13.20,https://topeka.municipal.codes/TMC/13.20.910
Section,13.20.920,13.20.920,Record keeping.,13,Title 13 Utilities,13.20,https://topeka.municipal.codes/TMC/13.20.920
Section,13.20.930,13.20.930,Late fees.,13,Title 13 Utilities,13.20,https://topeka.municipal.codes/TMC/13.20.930
Section,13.20.940,13.20.940,Suspension or revocation of license.,13,Title 13 Utilities,13.20,https://topeka.municipal.codes/TMC/13.20.940
Section,13.20.950,13.20.950,Prohibited acts.,13,Title 13 Utilities,13.20,https://topeka.municipal.codes/TMC/13.20.950
Chapter,13.25,13.25,Stormwater Utility,13,Title 13 Utilities,,https://topeka.municipal.codes/TMC/13.25
Article,13.25_ArtI,13.25 Art. I,Article I. Generally,13,Title 13 Utilities,13.25,https://topeka.municipal.codes/TMC/13.25_ArtI
Section,13.25.010,13.25.010,General.,13,Title 13 Utilities,13.25,https://topeka.municipal.codes/TMC/13.25.010
Section,13.25.020,13.25.020,Statement of intent.,13,Title 13 Utilities,13.25,https://topeka.municipal.codes/TMC/13.25.020
Section,13.25.030,13.25.030,"Findings, determinations and powers.",13,Title 13 Utilities,13.25,https://topeka.municipal.codes/TMC/13.25.030
Section,13.25.040,13.25.040,Operating budget.,13,Title 13 Utilities,13.25,https://topeka.municipal.codes/TMC/13.25.040
Article,13.25_ArtII,13.25 Art. II,Article II. Stormwater Drainage Fee,13,Title 13 Utilities,13.25,https://topeka.municipal.codes/TMC/13.25_ArtII
Section,13.25.050,13.25.050,Fee established.,13,Title 13 Utilities,13.25,https://topeka.municipal.codes/TMC/13.25.050
Section,13.25.060,13.25.060,Fee for residential developed property.,13,Title 13 Utilities,13.25,https://topeka.municipal.codes/TMC/13.25.060
Section,13.25.070,13.25.070,Fee for nonresidential developed property.,13,Title 13 Utilities,13.25,https://topeka.municipal.codes/TMC/13.25.070
Section,13.25.080,13.25.080,Dwelling unit and impervious surface calculation – Generally.,13,Title 13 Utilities,13.25,https://topeka.municipal.codes/TMC/13.25.080
Section,13.25.090,13.25.090,Dwelling unit and impervious surface calculation – Appeal.,13,Title 13 Utilities,13.25,https://topeka.municipal.codes/TMC/13.25.090
Section,13.25.100,13.25.100,Collection of fee.,13,Title 13 Utilities,13.25,https://topeka.municipal.codes/TMC/13.25.100
Section,13.25.110,13.25.110,Program responsibility.,13,Title 13 Utilities,13.25,https://topeka.municipal.codes/TMC/13.25.110
Section,13.25.120,13.25.120,Stormwater utility enterprise fund.,13,Title 13 Utilities,13.25,https://topeka.municipal.codes/TMC/13.25.120
Chapter,13.30,13.30,Erosion and Sediment Control,13,Title 13 Utilities,,https://topeka.municipal.codes/TMC/13.30
Section,13.30.010,13.30.010,Statement of purpose.,13,Title 13 Utilities,13.30,https://topeka.municipal.codes/TMC/13.30.010
Section,13.30.020,13.30.020,Prohibition of illicit discharges into the municipal separate storm sewer system.,13,Title 13 Utilities,13.30,https://topeka.municipal.codes/TMC/13.30.020
Section,13.30.030,13.30.030,Exceptions.,13,Title 13 Utilities,13.30,https://topeka.municipal.codes/TMC/13.30.030
Section,13.30.040,13.30.040,Reporting of accidental discharges into the municipal storm sewer system.,13,Title 13 Utilities,13.30,https://topeka.municipal.codes/TMC/13.30.040
Section,13.30.050,13.30.050,Responsibility for costs of accidental discharge.,13,Title 13 Utilities,13.30,https://topeka.municipal.codes/TMC/13.30.050
Section,13.30.060,13.30.060,Erosion and sediment control standards.,13,Title 13 Utilities,13.30,https://topeka.municipal.codes/TMC/13.30.060
Section,13.30.070,13.30.070,General provisions.,13,Title 13 Utilities,13.30,https://topeka.municipal.codes/TMC/13.30.070
Section,13.30.080,13.30.080,Permit.,13,Title 13 Utilities,13.30,https://topeka.municipal.codes/TMC/13.30.080
Section,13.30.090,13.30.090,Fees.,13,Title 13 Utilities,13.30,https://topeka.municipal.codes/TMC/13.30.090
Section,13.30.100,13.30.100,Stormwater pollution prevention plan or erosion and sediment control plan.,13,Title 13 Utilities,13.30,https://topeka.municipal.codes/TMC/13.30.100
Section,13.30.110,13.30.110,Regulation of industrial activities.,13,Title 13 Utilities,13.30,https://topeka.municipal.codes/TMC/13.30.110
Section,13.30.120,13.30.120,Sampling of stormwater runoff by each industry.,13,Title 13 Utilities,13.30,https://topeka.municipal.codes/TMC/13.30.120
Section,13.30.130,13.30.130,Inspection of industrial facilities.,13,Title 13 Utilities,13.30,https://topeka.municipal.codes/TMC/13.30.130
Chapter,13.35,13.35,Stormwater Management,13,Title 13 Utilities,,https://topeka.municipal.codes/TMC/13.35
Section,13.35.005,13.35.005,Design policy handbook and design criteria and drafting standards.,13,Title 13 Utilities,13.35,https://topeka.municipal.codes/TMC/13.35.005
Section,13.35.010,13.35.010,Applicability and performance standards.,13,Title 13 Utilities,13.35,https://topeka.municipal.codes/TMC/13.35.010
Section,13.35.020,13.35.020,Waiver – Exemptions – Mitigations.,13,Title 13 Utilities,13.35,https://topeka.municipal.codes/TMC/13.35.020
Section,13.35.030,13.35.030,Additional or increased performance standards.,13,Title 13 Utilities,13.35,https://topeka.municipal.codes/TMC/13.35.030
Section,13.35.040,13.35.040,General requirements for stormwater management.,13,Title 13 Utilities,13.35,https://topeka.municipal.codes/TMC/13.35.040
Section,13.35.050,13.35.050,General requirements for stormwater management facilities.,13,Title 13 Utilities,13.35,https://topeka.municipal.codes/TMC/13.35.050
Section,13.35.060,13.35.060,Requirements for stormwater management plan approval.,13,Title 13 Utilities,13.35,https://topeka.municipal.codes/TMC/13.35.060
Section,13.35.070,13.35.070,Amendment of an approved stormwater management plan.,13,Title 13 Utilities,13.35,https://topeka.municipal.codes/TMC/13.35.070
Section,13.35.080,13.35.080,Requirements during construction.,13,Title 13 Utilities,13.35,https://topeka.municipal.codes/TMC/13.35.080
Section,13.35.090,13.35.090,Requirements at construction termination.,13,Title 13 Utilities,13.35,https://topeka.municipal.codes/TMC/13.35.090
Chapter,13.40,13.40,Maintenance of Stormwater Management Facilities,13,Title 13 Utilities,,https://topeka.municipal.codes/TMC/13.40
Section,13.40.010,13.40.010,Purpose and intent.,13,Title 13 Utilities,13.40,https://topeka.municipal.codes/TMC/13.40.010
Section,13.40.020,13.40.020,Referenced standards.,13,Title 13 Utilities,13.40,https://topeka.municipal.codes/TMC/13.40.020
Section,13.40.030,13.40.030,Applicability.,13,Title 13 Utilities,13.40,https://topeka.municipal.codes/TMC/13.40.030
Section,13.40.040,13.40.040,Prohibitions.,13,Title 13 Utilities,13.40,https://topeka.municipal.codes/TMC/13.40.040
Section,13.40.050,13.40.050,Property owner responsibilities.,13,Title 13 Utilities,13.40,https://topeka.municipal.codes/TMC/13.40.050
Section,13.40.060,13.40.060,Inspection of stormwater management facilities by the City.,13,Title 13 Utilities,13.40,https://topeka.municipal.codes/TMC/13.40.060
Title,14,14,Title 14 Buildings and Construction,14,Title 14 Buildings and Construction,,https://topeka.municipal.codes/TMC/14
Chapter,14.05,14.05,General Provisions,14,Title 14 Buildings and Construction,,https://topeka.municipal.codes/TMC/14.05
Section,14.05.010,14.05.010,Temporary water closets for workers.,14,Title 14 Buildings and Construction,14.05,https://topeka.municipal.codes/TMC/14.05.010
Section,14.05.020,14.05.020,"Basement, cellar or areaways – Prior construction – Repair of.",14,Title 14 Buildings and Construction,14.05,https://topeka.municipal.codes/TMC/14.05.020
Section,14.05.030,14.05.030,"Basement, cellar or areaways – Duty of City Engineer.",14,Title 14 Buildings and Construction,14.05,https://topeka.municipal.codes/TMC/14.05.030
Section,14.05.040,14.05.040,"Basement, cellar or areaways – Failure to repair.",14,Title 14 Buildings and Construction,14.05,https://topeka.municipal.codes/TMC/14.05.040
Section,14.05.050,14.05.050,Demolition debris.,14,Title 14 Buildings and Construction,14.05,https://topeka.municipal.codes/TMC/14.05.050
Chapter,14.10,14.10,Permits,14,Title 14 Buildings and Construction,,https://topeka.municipal.codes/TMC/14.10
Section,14.10.010,14.10.010,Issuance – Generally.,14,Title 14 Buildings and Construction,14.10,https://topeka.municipal.codes/TMC/14.10.010
Section,14.10.020,14.10.020,Issuance – To unlicensed individuals.,14,Title 14 Buildings and Construction,14.10,https://topeka.municipal.codes/TMC/14.10.020
Section,14.10.030,14.10.030,Inspections and reinspections.,14,Title 14 Buildings and Construction,14.10,https://topeka.municipal.codes/TMC/14.10.030
Section,14.10.040,14.10.040,Not to issue to contractor with outstanding violations.,14,Title 14 Buildings and Construction,14.10,https://topeka.municipal.codes/TMC/14.10.040
Section,14.10.050,14.10.050,Sewage disposal prerequisite to building permit.,14,Title 14 Buildings and Construction,14.10,https://topeka.municipal.codes/TMC/14.10.050
Section,14.10.060,14.10.060,Failure to pay permit fees.,14,Title 14 Buildings and Construction,14.10,https://topeka.municipal.codes/TMC/14.10.060
Section,14.10.070,14.10.070,Grounds for mandatory permit denial.,14,Title 14 Buildings and Construction,14.10,https://topeka.municipal.codes/TMC/14.10.070
Section,14.10.080,14.10.080,Administrative and other fees.,14,Title 14 Buildings and Construction,14.10,https://topeka.municipal.codes/TMC/14.10.080
Chapter,14.15,14.15,Repealed,14,Title 14 Buildings and Construction,,https://topeka.municipal.codes/TMC/14.15
Chapter,14.20,14.20,Building Code,14,Title 14 Buildings and Construction,,https://topeka.municipal.codes/TMC/14.20
Article,14.20_ArtI,14.20 Art. I,Article I. Generally,14,Title 14 Buildings and Construction,14.20,https://topeka.municipal.codes/TMC/14.20_ArtI
Section,14.20.010,14.20.010,Adoption of building code.,14,Title 14 Buildings and Construction,14.20,https://topeka.municipal.codes/TMC/14.20.010
Section,14.20.020,14.20.020,Codes on file in Clerk’s office.,14,Title 14 Buildings and Construction,14.20,https://topeka.municipal.codes/TMC/14.20.020
Section,14.20.030,14.20.030,Adoption of rules and regulations.,14,Title 14 Buildings and Construction,14.20,https://topeka.municipal.codes/TMC/14.20.030
Section,14.20.040,14.20.040,Fence permit.,14,Title 14 Buildings and Construction,14.20,https://topeka.municipal.codes/TMC/14.20.040
Article,14.20_ArtII,14.20 Art. II,Article II. International Building Code Amendments,14,Title 14 Buildings and Construction,14.20,https://topeka.municipal.codes/TMC/14.20_ArtII
Section,14.20.050,14.20.050,Generally.,14,Title 14 Buildings and Construction,14.20,https://topeka.municipal.codes/TMC/14.20.050
Section,14.20.060,14.20.060,Amendments.,14,Title 14 Buildings and Construction,14.20,https://topeka.municipal.codes/TMC/14.20.060
Article,14.20_ArtIII,14.20 Art. III,Article III. Storage of Construction Materials on Public Property,14,Title 14 Buildings and Construction,14.20,https://topeka.municipal.codes/TMC/14.20_ArtIII
Section,14.20.070,14.20.070,Scope.,14,Title 14 Buildings and Construction,14.20,https://topeka.municipal.codes/TMC/14.20.070
Section,14.20.080,14.20.080,Permitting authority.,14,Title 14 Buildings and Construction,14.20,https://topeka.municipal.codes/TMC/14.20.080
Section,14.20.090,14.20.090,Plans.,14,Title 14 Buildings and Construction,14.20,https://topeka.municipal.codes/TMC/14.20.090
Section,14.20.100,14.20.100,Fees.,14,Title 14 Buildings and Construction,14.20,https://topeka.municipal.codes/TMC/14.20.100
Chapter,14.25,14.25,Existing Building Code,14,Title 14 Buildings and Construction,,https://topeka.municipal.codes/TMC/14.25
Section,14.25.010,14.25.010,International Existing Building Code (IEBC) – Adopted.,14,Title 14 Buildings and Construction,14.25,https://topeka.municipal.codes/TMC/14.25.010
Section,14.25.020,14.25.020,IEBC – Copies on file in Clerk’s office.,14,Title 14 Buildings and Construction,14.25,https://topeka.municipal.codes/TMC/14.25.020
Section,14.25.030,14.25.030,Generally.,14,Title 14 Buildings and Construction,14.25,https://topeka.municipal.codes/TMC/14.25.030
Section,14.25.040,14.25.040,"Section 103, Code Compliance Agency.",14,Title 14 Buildings and Construction,14.25,https://topeka.municipal.codes/TMC/14.25.040
Section,14.25.050,14.25.050,"Section 104.2.1, Determination of substantially improved or substantially damaged existing buildings and structures in flood hazard areas.",14,Title 14 Buildings and Construction,14.25,https://topeka.municipal.codes/TMC/14.25.050
Section,14.25.060,14.25.060,"Section 104.10.1, Flood hazard areas.",14,Title 14 Buildings and Construction,14.25,https://topeka.municipal.codes/TMC/14.25.060
Section,14.25.070,14.25.070,"Section 105, Permits.",14,Title 14 Buildings and Construction,14.25,https://topeka.municipal.codes/TMC/14.25.070
Section,14.25.080,14.25.080,"Section 109.3.3, Lowest floor elevation.",14,Title 14 Buildings and Construction,14.25,https://topeka.municipal.codes/TMC/14.25.080
Section,14.25.090,14.25.090,"Section 112, Means of Appeals.",14,Title 14 Buildings and Construction,14.25,https://topeka.municipal.codes/TMC/14.25.090
Section,14.25.100,14.25.100,"Section 113.4, Violation penalties.",14,Title 14 Buildings and Construction,14.25,https://topeka.municipal.codes/TMC/14.25.100
Section,14.25.110,14.25.110,"Section 115, Unsafe Structures and Equipment; Section 116, Emergency Measures; Section 117, Demolition.",14,Title 14 Buildings and Construction,14.25,https://topeka.municipal.codes/TMC/14.25.110
Section,14.25.120,14.25.120,"Section 201.3, Terms defined in other codes.",14,Title 14 Buildings and Construction,14.25,https://topeka.municipal.codes/TMC/14.25.120
Section,14.25.130,14.25.130,"Section 302.2, Additional codes.",14,Title 14 Buildings and Construction,14.25,https://topeka.municipal.codes/TMC/14.25.130
Section,14.25.140,14.25.140,"Section 306, Accessibility for Existing Buildings.",14,Title 14 Buildings and Construction,14.25,https://topeka.municipal.codes/TMC/14.25.140
Section,14.25.150,14.25.150,"Section 502.3, Flood hazard areas.",14,Title 14 Buildings and Construction,14.25,https://topeka.municipal.codes/TMC/14.25.150
Section,14.25.160,14.25.160,"Section 503.2, Flood hazard areas.",14,Title 14 Buildings and Construction,14.25,https://topeka.municipal.codes/TMC/14.25.160
Section,14.25.170,14.25.170,"Section 507.3, Flood hazard areas.",14,Title 14 Buildings and Construction,14.25,https://topeka.municipal.codes/TMC/14.25.170
Section,14.25.180,14.25.180,"Section 701.3, Flood hazard areas.",14,Title 14 Buildings and Construction,14.25,https://topeka.municipal.codes/TMC/14.25.180
Section,14.25.190,14.25.190,"Section 702.7.1, International Fuel Gas Code.",14,Title 14 Buildings and Construction,14.25,https://topeka.municipal.codes/TMC/14.25.190
Section,14.25.200,14.25.200,"Section 705, Reroofing.",14,Title 14 Buildings and Construction,14.25,https://topeka.municipal.codes/TMC/14.25.200
Section,14.25.210,14.25.210,"Section 708.1, Minimum requirements.",14,Title 14 Buildings and Construction,14.25,https://topeka.municipal.codes/TMC/14.25.210
Section,14.25.220,14.25.220,"Section 1103.3, Flood hazard areas.",14,Title 14 Buildings and Construction,14.25,https://topeka.municipal.codes/TMC/14.25.220
Section,14.25.230,14.25.230,"Section 1201.4, Flood hazard areas.",14,Title 14 Buildings and Construction,14.25,https://topeka.municipal.codes/TMC/14.25.230
Section,14.25.240,14.25.240,"Section 1402.6, Flood hazard areas.",14,Title 14 Buildings and Construction,14.25,https://topeka.municipal.codes/TMC/14.25.240
Section,14.25.250,14.25.250,"Section 1301.4.1, Structural analysis.",14,Title 14 Buildings and Construction,14.25,https://topeka.municipal.codes/TMC/14.25.250
Section,14.25.260,14.25.260,"Section 1508.1, Construction sites.",14,Title 14 Buildings and Construction,14.25,https://topeka.municipal.codes/TMC/14.25.260
Chapter,14.30,14.30,Electrical Code,14,Title 14 Buildings and Construction,,https://topeka.municipal.codes/TMC/14.30
Article,14.30_ArtI,14.30 Art. I,Article I. Generally,14,Title 14 Buildings and Construction,14.30,https://topeka.municipal.codes/TMC/14.30_ArtI
Section,14.30.010,14.30.010,National Electrical Code – Adopted.,14,Title 14 Buildings and Construction,14.30,https://topeka.municipal.codes/TMC/14.30.010
Section,14.30.020,14.30.020,National Electrical Code – On file in Clerk’s office.,14,Title 14 Buildings and Construction,14.30,https://topeka.municipal.codes/TMC/14.30.020
Section,14.30.030,14.30.030,Interpretation.,14,Title 14 Buildings and Construction,14.30,https://topeka.municipal.codes/TMC/14.30.030
Section,14.30.040,14.30.040,Adoption of rules and regulations.,14,Title 14 Buildings and Construction,14.30,https://topeka.municipal.codes/TMC/14.30.040
Section,14.30.050,14.30.050,Authority having jurisdiction designated.,14,Title 14 Buildings and Construction,14.30,https://topeka.municipal.codes/TMC/14.30.050
Article,14.30_ArtII,14.30 Art. II,Article II. Administration and Enforcement,14,Title 14 Buildings and Construction,14.30,https://topeka.municipal.codes/TMC/14.30_ArtII
Subarticle,14.30_ArtII_SubArtI,14.30 Art. II Subart. I,Subarticle I. Development Services Division,14,Title 14 Buildings and Construction,14.30,https://topeka.municipal.codes/TMC/14.30_ArtII_SubArtI
Section,14.30.070,14.30.070,Duties generally.,14,Title 14 Buildings and Construction,14.30,https://topeka.municipal.codes/TMC/14.30.070
Section,14.30.080,14.30.080,Enforcement authority.,14,Title 14 Buildings and Construction,14.30,https://topeka.municipal.codes/TMC/14.30.080
Section,14.30.090,14.30.090,Right to enter buildings.,14,Title 14 Buildings and Construction,14.30,https://topeka.municipal.codes/TMC/14.30.090
Section,14.30.100,14.30.100,Inspections.,14,Title 14 Buildings and Construction,14.30,https://topeka.municipal.codes/TMC/14.30.100
Section,14.30.110,14.30.110,Defective work.,14,Title 14 Buildings and Construction,14.30,https://topeka.municipal.codes/TMC/14.30.110
Section,14.30.120,14.30.120,Removal of wires interfering with Fire Department.,14,Title 14 Buildings and Construction,14.30,https://topeka.municipal.codes/TMC/14.30.120
Subarticle,14.30_ArtII_SubArtII,14.30 Art. II Subart. II,Subarticle II. Permit,14,Title 14 Buildings and Construction,14.30,https://topeka.municipal.codes/TMC/14.30_ArtII_SubArtII
Section,14.30.130,14.30.130,Permit.,14,Title 14 Buildings and Construction,14.30,https://topeka.municipal.codes/TMC/14.30.130
Chapter,14.35,14.35,Plumbing Code,14,Title 14 Buildings and Construction,,https://topeka.municipal.codes/TMC/14.35
Article,14.35_ArtI,14.35 Art. I,Article I. Generally,14,Title 14 Buildings and Construction,14.35,https://topeka.municipal.codes/TMC/14.35_ArtI
Section,14.35.010,14.35.010,Uniform Plumbing Code – Adopted.,14,Title 14 Buildings and Construction,14.35,https://topeka.municipal.codes/TMC/14.35.010
Section,14.35.020,14.35.020,Authority having jurisdiction designated.,14,Title 14 Buildings and Construction,14.35,https://topeka.municipal.codes/TMC/14.35.020
Section,14.35.030,14.35.030,Uniform Plumbing Code – Copies on file in Clerk’s office.,14,Title 14 Buildings and Construction,14.35,https://topeka.municipal.codes/TMC/14.35.030
Article,14.35_ArtII,14.35 Art. II,Article II. Amendments,14,Title 14 Buildings and Construction,14.35,https://topeka.municipal.codes/TMC/14.35_ArtII
Section,14.35.040,14.35.040,Generally.,14,Title 14 Buildings and Construction,14.35,https://topeka.municipal.codes/TMC/14.35.040
Section,14.35.050,14.35.050,"102.7, Moved Structures.",14,Title 14 Buildings and Construction,14.35,https://topeka.municipal.codes/TMC/14.35.050
Section,14.35.060,14.35.060,"103.1, Authority Having Jurisdiction.",14,Title 14 Buildings and Construction,14.35,https://topeka.municipal.codes/TMC/14.35.060
Section,14.35.070,14.35.070,"104.5, Fees.",14,Title 14 Buildings and Construction,14.35,https://topeka.municipal.codes/TMC/14.35.070
Section,14.35.075,14.35.075,Repealed.,14,Title 14 Buildings and Construction,14.35,https://topeka.municipal.codes/TMC/14.35.075
Section,14.35.080,14.35.080,"107.0, Board of Appeals.",14,Title 14 Buildings and Construction,14.35,https://topeka.municipal.codes/TMC/14.35.080
Section,14.35.090,14.35.090,"312.12.3, Tub Waste Openings.",14,Title 14 Buildings and Construction,14.35,https://topeka.municipal.codes/TMC/14.35.090
Section,14.35.100,14.35.100,"314.4, Excavations.",14,Title 14 Buildings and Construction,14.35,https://topeka.municipal.codes/TMC/14.35.100
Section,14.35.110,14.35.110,"314.4.1, Installation of Thermoplastic Pipe and Fittings.",14,Title 14 Buildings and Construction,14.35,https://topeka.municipal.codes/TMC/14.35.110
Section,14.35.120,14.35.120,"407.4, Transient public lavatories.",14,Title 14 Buildings and Construction,14.35,https://topeka.municipal.codes/TMC/14.35.120
Section,14.35.130,14.35.130,"414.3, Drainage Connections.",14,Title 14 Buildings and Construction,14.35,https://topeka.municipal.codes/TMC/14.35.130
Section,14.35.140,14.35.140,"418.3, Location of Floor Drains.",14,Title 14 Buildings and Construction,14.35,https://topeka.municipal.codes/TMC/14.35.140
Section,14.35.150,14.35.150,"418.6, Special Provisions.",14,Title 14 Buildings and Construction,14.35,https://topeka.municipal.codes/TMC/14.35.150
Section,14.35.160,14.35.160,"422, Minimum Number of Required Fixtures.",14,Title 14 Buildings and Construction,14.35,https://topeka.municipal.codes/TMC/14.35.160
Section,14.35.170,14.35.170,"507.2, Seismic Provisions.",14,Title 14 Buildings and Construction,14.35,https://topeka.municipal.codes/TMC/14.35.170
Section,14.35.180,14.35.180,"603.5.6, Protection from Lawn Sprinklers and Irrigation Systems.",14,Title 14 Buildings and Construction,14.35,https://topeka.municipal.codes/TMC/14.35.180
Section,14.35.190,14.35.190,"605.0, Joints and Connections; 605.05, Generally.",14,Title 14 Buildings and Construction,14.35,https://topeka.municipal.codes/TMC/14.35.190
Section,14.35.200,14.35.200,"606.2, Fullway Valve.",14,Title 14 Buildings and Construction,14.35,https://topeka.municipal.codes/TMC/14.35.200
Section,14.35.210,14.35.210,"606.5, Control Valve.",14,Title 14 Buildings and Construction,14.35,https://topeka.municipal.codes/TMC/14.35.210
Section,14.35.220,14.35.220,"608.5, Discharge Piping, Subsection (7).",14,Title 14 Buildings and Construction,14.35,https://topeka.municipal.codes/TMC/14.35.220
Section,14.35.230,14.35.230,"609.1, Installation; Exception.",14,Title 14 Buildings and Construction,14.35,https://topeka.municipal.codes/TMC/14.35.230
Section,14.35.240,14.35.240,"609.12.2, Pipe Installation Wall Thickness.",14,Title 14 Buildings and Construction,14.35,https://topeka.municipal.codes/TMC/14.35.240
Section,14.35.250,14.35.250,Table 610.3.,14,Title 14 Buildings and Construction,14.35,https://topeka.municipal.codes/TMC/14.35.250
Section,14.35.260,14.35.260,"705.6.2, Solvent Cement Joints.",14,Title 14 Buildings and Construction,14.35,https://topeka.municipal.codes/TMC/14.35.260
Section,14.35.270,14.35.270,"705.8.1.1, ETCO “T” Cone and Couple Adapters.",14,Title 14 Buildings and Construction,14.35,https://topeka.municipal.codes/TMC/14.35.270
Section,14.35.280,14.35.280,"710.1, Backflow Protection.",14,Title 14 Buildings and Construction,14.35,https://topeka.municipal.codes/TMC/14.35.280
Section,14.35.290,14.35.290,"712.2, Water Test.",14,Title 14 Buildings and Construction,14.35,https://topeka.municipal.codes/TMC/14.35.290
Section,14.35.300,14.35.300,"723.1, Building Sewer Test, General.",14,Title 14 Buildings and Construction,14.35,https://topeka.municipal.codes/TMC/14.35.300
Section,14.35.310,14.35.310,"807.3, Domestic Dishwashing Machines.",14,Title 14 Buildings and Construction,14.35,https://topeka.municipal.codes/TMC/14.35.310
Section,14.35.320,14.35.320,"905.2, Horizontal Drainage Pipes.",14,Title 14 Buildings and Construction,14.35,https://topeka.municipal.codes/TMC/14.35.320
Section,14.35.330,14.35.330,"1001.1.1, Domestic Kitchen Sink Exception.",14,Title 14 Buildings and Construction,14.35,https://topeka.municipal.codes/TMC/14.35.330
Section,14.35.340,14.35.340,"1014.1.4, Exceptions.",14,Title 14 Buildings and Construction,14.35,https://topeka.municipal.codes/TMC/14.35.340
Section,14.35.350,14.35.350,"1101.10, Filling Stations and Motor Vehicle Washing Establishments.",14,Title 14 Buildings and Construction,14.35,https://topeka.municipal.codes/TMC/14.35.350
Section,14.35.360,14.35.360,"1211.3, Arc-Resistant Jacketed CSST.",14,Title 14 Buildings and Construction,14.35,https://topeka.municipal.codes/TMC/14.35.360
Section,14.35.410,14.35.410,Repealed.,14,Title 14 Buildings and Construction,14.35,https://topeka.municipal.codes/TMC/14.35.410
Section,14.35.420,14.35.420,Repealed.,14,Title 14 Buildings and Construction,14.35,https://topeka.municipal.codes/TMC/14.35.420
Section,14.35.430,14.35.430,Repealed.,14,Title 14 Buildings and Construction,14.35,https://topeka.municipal.codes/TMC/14.35.430
Section,14.35.440,14.35.440,Repealed.,14,Title 14 Buildings and Construction,14.35,https://topeka.municipal.codes/TMC/14.35.440
Section,14.35.450,14.35.450,Repealed.,14,Title 14 Buildings and Construction,14.35,https://topeka.municipal.codes/TMC/14.35.450
Section,14.35.460,14.35.460,Repealed.,14,Title 14 Buildings and Construction,14.35,https://topeka.municipal.codes/TMC/14.35.460
Section,14.35.480,14.35.480,Repealed.,14,Title 14 Buildings and Construction,14.35,https://topeka.municipal.codes/TMC/14.35.480
Article,14.35_ArtIII,14.35 Art. III,Article III. Backflow Prevention and Cross Connection Control,14,Title 14 Buildings and Construction,14.35,https://topeka.municipal.codes/TMC/14.35_ArtIII
Section,14.35.490,14.35.490,Definitions.,14,Title 14 Buildings and Construction,14.35,https://topeka.municipal.codes/TMC/14.35.490
Section,14.35.500,14.35.500,Purpose.,14,Title 14 Buildings and Construction,14.35,https://topeka.municipal.codes/TMC/14.35.500
Section,14.35.510,14.35.510,Responsibility for enforcement.,14,Title 14 Buildings and Construction,14.35,https://topeka.municipal.codes/TMC/14.35.510
Section,14.35.520,14.35.520,Cross connections – In general.,14,Title 14 Buildings and Construction,14.35,https://topeka.municipal.codes/TMC/14.35.520
Section,14.35.530,14.35.530,Approval of devices or assemblies.,14,Title 14 Buildings and Construction,14.35,https://topeka.municipal.codes/TMC/14.35.530
Section,14.35.540,14.35.540,Types of devices or assemblies – Installation and replacement.,14,Title 14 Buildings and Construction,14.35,https://topeka.municipal.codes/TMC/14.35.540
Section,14.35.550,14.35.550,Maintenance requirements.,14,Title 14 Buildings and Construction,14.35,https://topeka.municipal.codes/TMC/14.35.550
Section,14.35.560,14.35.560,Automatic fire suppression systems.,14,Title 14 Buildings and Construction,14.35,https://topeka.municipal.codes/TMC/14.35.560
Section,14.35.570,14.35.570,Installation permit and fees.,14,Title 14 Buildings and Construction,14.35,https://topeka.municipal.codes/TMC/14.35.570
Section,14.35.580,14.35.580,Notification.,14,Title 14 Buildings and Construction,14.35,https://topeka.municipal.codes/TMC/14.35.580
Chapter,14.40,14.40,Fire Code,14,Title 14 Buildings and Construction,,https://topeka.municipal.codes/TMC/14.40
Article,14.40_ArtI,14.40 Art. I,Article I. General Provisions,14,Title 14 Buildings and Construction,14.40,https://topeka.municipal.codes/TMC/14.40_ArtI
Section,14.40.010,14.40.010,Adoption of 2021 International Fire Code.,14,Title 14 Buildings and Construction,14.40,https://topeka.municipal.codes/TMC/14.40.010
Section,14.40.020,14.40.020,Copies on file in Clerk’s office.,14,Title 14 Buildings and Construction,14.40,https://topeka.municipal.codes/TMC/14.40.020
Article,14.40_ArtII,14.40 Art. II,Article II. Amendments,14,Title 14 Buildings and Construction,14.40,https://topeka.municipal.codes/TMC/14.40_ArtII
Section,14.40.030,14.40.030,Generally.,14,Title 14 Buildings and Construction,14.40,https://topeka.municipal.codes/TMC/14.40.030
Section,14.40.040,14.40.040,"Chapter 1, Section 102.4, Application of building code.",14,Title 14 Buildings and Construction,14.40,https://topeka.municipal.codes/TMC/14.40.040
Section,14.40.050,14.40.050,"Chapter 1, Section 105.5.34, Open burning.",14,Title 14 Buildings and Construction,14.40,https://topeka.municipal.codes/TMC/14.40.050
Section,14.40.055,14.40.055,"Chapter 1, Section 107.2, Schedule of permit fees.",14,Title 14 Buildings and Construction,14.40,https://topeka.municipal.codes/TMC/14.40.055
Section,14.40.060,14.40.060,"Chapter 1, Section 111, Board of appeals.",14,Title 14 Buildings and Construction,14.40,https://topeka.municipal.codes/TMC/14.40.060
Section,14.40.070,14.40.070,"Chapter 1, Section 109.3, Recordkeeping.",14,Title 14 Buildings and Construction,14.40,https://topeka.municipal.codes/TMC/14.40.070
Section,14.40.080,14.40.080,"Chapter 3, Section 319.1, General.",14,Title 14 Buildings and Construction,14.40,https://topeka.municipal.codes/TMC/14.40.080
Section,14.40.090,14.40.090,"Chapter 6, Section 605.8, Incinerators.",14,Title 14 Buildings and Construction,14.40,https://topeka.municipal.codes/TMC/14.40.090
Section,14.40.100,14.40.100,"Chapter 6, Section 605.8.1, Residential incinerators.",14,Title 14 Buildings and Construction,14.40,https://topeka.municipal.codes/TMC/14.40.100
Section,14.40.110,14.40.110,"Chapter 9, Section 903.2.1.2, Group A-2.",14,Title 14 Buildings and Construction,14.40,https://topeka.municipal.codes/TMC/14.40.110
Section,14.40.115,14.40.115,Repealed.,14,Title 14 Buildings and Construction,14.40,https://topeka.municipal.codes/TMC/14.40.115
Section,14.40.120,14.40.120,"Chapter 9, Section 903.2.8, Group R.",14,Title 14 Buildings and Construction,14.40,https://topeka.municipal.codes/TMC/14.40.120
Section,14.40.130,14.40.130,"Chapter 9, Section 912.3, Fire hose threads.",14,Title 14 Buildings and Construction,14.40,https://topeka.municipal.codes/TMC/14.40.130
Chapter,14.45,14.45,Life Safety Code,14,Title 14 Buildings and Construction,,https://topeka.municipal.codes/TMC/14.45
Section,14.45.010,14.45.010,Adopted.,14,Title 14 Buildings and Construction,14.45,https://topeka.municipal.codes/TMC/14.45.010
Chapter,14.50,14.50,Mechanical Code,14,Title 14 Buildings and Construction,,https://topeka.municipal.codes/TMC/14.50
Article,14.50_ArtI,14.50 Art. I,Article I. Generally,14,Title 14 Buildings and Construction,14.50,https://topeka.municipal.codes/TMC/14.50_ArtI
Section,14.50.010,14.50.010,Uniform Mechanical Code – Adopted.,14,Title 14 Buildings and Construction,14.50,https://topeka.municipal.codes/TMC/14.50.010
Section,14.50.020,14.50.020,Uniform Mechanical Code – Copies on file in Clerk’s office.,14,Title 14 Buildings and Construction,14.50,https://topeka.municipal.codes/TMC/14.50.020
Section,14.50.030,14.50.030,Adoption of rules and regulations.,14,Title 14 Buildings and Construction,14.50,https://topeka.municipal.codes/TMC/14.50.030
Section,14.50.040,14.50.040,Incinerator air quality standards.,14,Title 14 Buildings and Construction,14.50,https://topeka.municipal.codes/TMC/14.50.040
Article,14.50_ArtII,14.50 Art. II,Article II. Amendments,14,Title 14 Buildings and Construction,14.50,https://topeka.municipal.codes/TMC/14.50_ArtII
Section,14.50.050,14.50.050,"Chapter 5, Section 508.1.",14,Title 14 Buildings and Construction,14.50,https://topeka.municipal.codes/TMC/14.50.050
Section,14.50.060,14.50.060,"Chapter 5, Section 510.3.1.",14,Title 14 Buildings and Construction,14.50,https://topeka.municipal.codes/TMC/14.50.060
Section,14.50.070,14.50.070,"Chapter 5, Sections 513.0 through 513.13, Fire-Extinguishing Equipment.",14,Title 14 Buildings and Construction,14.50,https://topeka.municipal.codes/TMC/14.50.070
Section,14.50.080,14.50.080,"Chapter 5, Sections 514.0 through 514.5.1, Procedures for Use and Maintenance of Equipment.",14,Title 14 Buildings and Construction,14.50,https://topeka.municipal.codes/TMC/14.50.080
Section,14.50.090,14.50.090,"Chapter 5, Sections 515.0 through 515.2, Minimum Safety Requirements for Cooking Equipment.",14,Title 14 Buildings and Construction,14.50,https://topeka.municipal.codes/TMC/14.50.090
Section,14.50.100,14.50.100,"Chapter 5, Sections 516.0 through 516.6.6, Recirculating Systems.",14,Title 14 Buildings and Construction,14.50,https://topeka.municipal.codes/TMC/14.50.100
Section,14.50.110,14.50.110,"Chapter 5, Section 517.7, Fire-Extinguishing Equipment for Solid-Fuel Cooking.",14,Title 14 Buildings and Construction,14.50,https://topeka.municipal.codes/TMC/14.50.110
Section,14.50.115,14.50.115,Repealed.,14,Title 14 Buildings and Construction,14.50,https://topeka.municipal.codes/TMC/14.50.115
Section,14.50.120,14.50.120,"Chapter 5, Section 517.8.3.",14,Title 14 Buildings and Construction,14.50,https://topeka.municipal.codes/TMC/14.50.120
Section,14.50.130,14.50.130,"Chapter 9, Section 915.3.1.1.",14,Title 14 Buildings and Construction,14.50,https://topeka.municipal.codes/TMC/14.50.130
Section,14.50.140,14.50.140,"Chapter 13, Section 1311.3, Arc Resistant Jacketed CSST.",14,Title 14 Buildings and Construction,14.50,https://topeka.municipal.codes/TMC/14.50.140
Section,14.50.150,14.50.150,"Chapter 16, Section 1602.0, Stationary Gas Engines.",14,Title 14 Buildings and Construction,14.50,https://topeka.municipal.codes/TMC/14.50.150
Section,14.50.210,14.50.210,Repealed.,14,Title 14 Buildings and Construction,14.50,https://topeka.municipal.codes/TMC/14.50.210
Section,14.50.215,14.50.215,Repealed.,14,Title 14 Buildings and Construction,14.50,https://topeka.municipal.codes/TMC/14.50.215
Section,14.50.220,14.50.220,Repealed.,14,Title 14 Buildings and Construction,14.50,https://topeka.municipal.codes/TMC/14.50.220
Section,14.50.230,14.50.230,Repealed.,14,Title 14 Buildings and Construction,14.50,https://topeka.municipal.codes/TMC/14.50.230
Section,14.50.240,14.50.240,Repealed.,14,Title 14 Buildings and Construction,14.50,https://topeka.municipal.codes/TMC/14.50.240
Section,14.50.250,14.50.250,Repealed.,14,Title 14 Buildings and Construction,14.50,https://topeka.municipal.codes/TMC/14.50.250
Section,14.50.255,14.50.255,Repealed.,14,Title 14 Buildings and Construction,14.50,https://topeka.municipal.codes/TMC/14.50.255
Section,14.50.260,14.50.260,Repealed.,14,Title 14 Buildings and Construction,14.50,https://topeka.municipal.codes/TMC/14.50.260
Section,14.50.285,14.50.285,Repealed.,14,Title 14 Buildings and Construction,14.50,https://topeka.municipal.codes/TMC/14.50.285
Section,14.50.290,14.50.290,Repealed.,14,Title 14 Buildings and Construction,14.50,https://topeka.municipal.codes/TMC/14.50.290
Section,14.50.300,14.50.300,Repealed.,14,Title 14 Buildings and Construction,14.50,https://topeka.municipal.codes/TMC/14.50.300
Chapter,14.55,14.55,One- and Two-Family Dwelling Code,14,Title 14 Buildings and Construction,,https://topeka.municipal.codes/TMC/14.55
Article,14.55_ArtI,14.55 Art. I,Article I. Generally,14,Title 14 Buildings and Construction,14.55,https://topeka.municipal.codes/TMC/14.55_ArtI
Section,14.55.010,14.55.010,International Residential Code.,14,Title 14 Buildings and Construction,14.55,https://topeka.municipal.codes/TMC/14.55.010
Section,14.55.020,14.55.020,International Residential Code – On file in the Clerk’s office.,14,Title 14 Buildings and Construction,14.55,https://topeka.municipal.codes/TMC/14.55.020
Section,14.55.030,14.55.030,Adoption of rules and regulations.,14,Title 14 Buildings and Construction,14.55,https://topeka.municipal.codes/TMC/14.55.030
Article,14.55_ArtII,14.55 Art. II,Article II. Amendments,14,Title 14 Buildings and Construction,14.55,https://topeka.municipal.codes/TMC/14.55_ArtII
Section,14.55.040,14.55.040,Generally.,14,Title 14 Buildings and Construction,14.55,https://topeka.municipal.codes/TMC/14.55.040
Section,14.55.050,14.55.050,Scope.,14,Title 14 Buildings and Construction,14.55,https://topeka.municipal.codes/TMC/14.55.050
Section,14.55.060,14.55.060,Referenced codes and standards.,14,Title 14 Buildings and Construction,14.55,https://topeka.municipal.codes/TMC/14.55.060
Section,14.55.070,14.55.070,General.,14,Title 14 Buildings and Construction,14.55,https://topeka.municipal.codes/TMC/14.55.070
Section,14.55.080,14.55.080,Lot lines and setback lines.,14,Title 14 Buildings and Construction,14.55,https://topeka.municipal.codes/TMC/14.55.080
Section,14.55.090,14.55.090,Permit required.,14,Title 14 Buildings and Construction,14.55,https://topeka.municipal.codes/TMC/14.55.090
Section,14.55.100,14.55.100,Work exempt from permit.,14,Title 14 Buildings and Construction,14.55,https://topeka.municipal.codes/TMC/14.55.100
Section,14.55.110,14.55.110,Expiration.,14,Title 14 Buildings and Construction,14.55,https://topeka.municipal.codes/TMC/14.55.110
Section,14.55.120,14.55.120,Premises identification.,14,Title 14 Buildings and Construction,14.55,https://topeka.municipal.codes/TMC/14.55.120
Section,14.55.130,14.55.130,Submittal documents.,14,Title 14 Buildings and Construction,14.55,https://topeka.municipal.codes/TMC/14.55.130
Section,14.55.140,14.55.140,Manufacturer’s installation instructions and specifications.,14,Title 14 Buildings and Construction,14.55,https://topeka.municipal.codes/TMC/14.55.140
Section,14.55.150,14.55.150,Schedule of permit fees – Waiver.,14,Title 14 Buildings and Construction,14.55,https://topeka.municipal.codes/TMC/14.55.150
Section,14.55.160,14.55.160,Building permit valuations.,14,Title 14 Buildings and Construction,14.55,https://topeka.municipal.codes/TMC/14.55.160
Section,14.55.170,14.55.170,Types of inspections.,14,Title 14 Buildings and Construction,14.55,https://topeka.municipal.codes/TMC/14.55.170
Section,14.55.180,14.55.180,Permit completion.,14,Title 14 Buildings and Construction,14.55,https://topeka.municipal.codes/TMC/14.55.180
Section,14.55.190,14.55.190,Notice of violation.,14,Title 14 Buildings and Construction,14.55,https://topeka.municipal.codes/TMC/14.55.190
Section,14.55.200,14.55.200,Violation penalties.,14,Title 14 Buildings and Construction,14.55,https://topeka.municipal.codes/TMC/14.55.200
Section,14.55.210,14.55.210,Failure to comply.,14,Title 14 Buildings and Construction,14.55,https://topeka.municipal.codes/TMC/14.55.210
Section,14.55.220,14.55.220,Definitions.,14,Title 14 Buildings and Construction,14.55,https://topeka.municipal.codes/TMC/14.55.220
Section,14.55.230,14.55.230,IRC Table R301.2(1).,14,Title 14 Buildings and Construction,14.55,https://topeka.municipal.codes/TMC/14.55.230
Section,14.55.240,14.55.240,Townhouses.,14,Title 14 Buildings and Construction,14.55,https://topeka.municipal.codes/TMC/14.55.240
Section,14.55.250,14.55.250,Structural independence.,14,Title 14 Buildings and Construction,14.55,https://topeka.municipal.codes/TMC/14.55.250
Section,14.55.260,14.55.260,Repealed.,14,Title 14 Buildings and Construction,14.55,https://topeka.municipal.codes/TMC/14.55.260
Section,14.55.270,14.55.270,Repealed.,14,Title 14 Buildings and Construction,14.55,https://topeka.municipal.codes/TMC/14.55.270
Section,14.55.280,14.55.280,Habitable rooms.,14,Title 14 Buildings and Construction,14.55,https://topeka.municipal.codes/TMC/14.55.280
Section,14.55.290,14.55.290,Bathrooms.,14,Title 14 Buildings and Construction,14.55,https://topeka.municipal.codes/TMC/14.55.290
Section,14.55.300,14.55.300,Adjoining rooms.,14,Title 14 Buildings and Construction,14.55,https://topeka.municipal.codes/TMC/14.55.300
Section,14.55.310,14.55.310,Exterior stairway illumination.,14,Title 14 Buildings and Construction,14.55,https://topeka.municipal.codes/TMC/14.55.310
Section,14.55.320,14.55.320,Repealed.,14,Title 14 Buildings and Construction,14.55,https://topeka.municipal.codes/TMC/14.55.320
Section,14.55.330,14.55.330,Repealed.,14,Title 14 Buildings and Construction,14.55,https://topeka.municipal.codes/TMC/14.55.330
Section,14.55.340,14.55.340,Repealed.,14,Title 14 Buildings and Construction,14.55,https://topeka.municipal.codes/TMC/14.55.340
Section,14.55.350,14.55.350,Minimum room areas.,14,Title 14 Buildings and Construction,14.55,https://topeka.municipal.codes/TMC/14.55.350
Section,14.55.360,14.55.360,Private garage fire sprinkler design.,14,Title 14 Buildings and Construction,14.55,https://topeka.municipal.codes/TMC/14.55.360
Section,14.55.370,14.55.370,Riser height.,14,Title 14 Buildings and Construction,14.55,https://topeka.municipal.codes/TMC/14.55.370
Section,14.55.380,14.55.380,Continuity.,14,Title 14 Buildings and Construction,14.55,https://topeka.municipal.codes/TMC/14.55.380
Section,14.55.390,14.55.390,Seat or bench elements.,14,Title 14 Buildings and Construction,14.55,https://topeka.municipal.codes/TMC/14.55.390
Section,14.55.400,14.55.400,Automatic fire sprinkler systems.,14,Title 14 Buildings and Construction,14.55,https://topeka.municipal.codes/TMC/14.55.400
Section,14.55.410,14.55.410,Repealed.,14,Title 14 Buildings and Construction,14.55,https://topeka.municipal.codes/TMC/14.55.410
Section,14.55.420,14.55.420,Footings – General.,14,Title 14 Buildings and Construction,14.55,https://topeka.municipal.codes/TMC/14.55.420
Section,14.55.430,14.55.430,Footings – Table R403.1.,14,Title 14 Buildings and Construction,14.55,https://topeka.municipal.codes/TMC/14.55.430
Section,14.55.440,14.55.440,Minimum size.,14,Title 14 Buildings and Construction,14.55,https://topeka.municipal.codes/TMC/14.55.440
Section,14.55.450,14.55.450,Continuous footing.,14,Title 14 Buildings and Construction,14.55,https://topeka.municipal.codes/TMC/14.55.450
Section,14.55.460,14.55.460,Foundations and stem walls.,14,Title 14 Buildings and Construction,14.55,https://topeka.municipal.codes/TMC/14.55.460
Section,14.55.470,14.55.470,Minimum depth.,14,Title 14 Buildings and Construction,14.55,https://topeka.municipal.codes/TMC/14.55.470
Section,14.55.480,14.55.480,Frost protection.,14,Title 14 Buildings and Construction,14.55,https://topeka.municipal.codes/TMC/14.55.480
Section,14.55.490,14.55.490,Repealed.,14,Title 14 Buildings and Construction,14.55,https://topeka.municipal.codes/TMC/14.55.490
Section,14.55.500,14.55.500,Repealed.,14,Title 14 Buildings and Construction,14.55,https://topeka.municipal.codes/TMC/14.55.500
Section,14.55.510,14.55.510,Concrete encased electrode.,14,Title 14 Buildings and Construction,14.55,https://topeka.municipal.codes/TMC/14.55.510
Section,14.55.520,14.55.520,Shallow foundations.,14,Title 14 Buildings and Construction,14.55,https://topeka.municipal.codes/TMC/14.55.520
Section,14.55.530,14.55.530,Foundation and retaining walls.,14,Title 14 Buildings and Construction,14.55,https://topeka.municipal.codes/TMC/14.55.530
Section,14.55.540,14.55.540,Repealed.,14,Title 14 Buildings and Construction,14.55,https://topeka.municipal.codes/TMC/14.55.540
Section,14.55.550,14.55.550,Repealed.,14,Title 14 Buildings and Construction,14.55,https://topeka.municipal.codes/TMC/14.55.550
Section,14.55.560,14.55.560,Repealed.,14,Title 14 Buildings and Construction,14.55,https://topeka.municipal.codes/TMC/14.55.560
Section,14.55.570,14.55.570,Repealed.,14,Title 14 Buildings and Construction,14.55,https://topeka.municipal.codes/TMC/14.55.570
Section,14.55.580,14.55.580,Braced wall panel connections.,14,Title 14 Buildings and Construction,14.55,https://topeka.municipal.codes/TMC/14.55.580
Section,14.55.590,14.55.590,Attic access.,14,Title 14 Buildings and Construction,14.55,https://topeka.municipal.codes/TMC/14.55.590
Section,14.55.600,14.55.600,Overflow drains and scuppers.,14,Title 14 Buildings and Construction,14.55,https://topeka.municipal.codes/TMC/14.55.600
Section,14.55.610,14.55.610,Repealed.,14,Title 14 Buildings and Construction,14.55,https://topeka.municipal.codes/TMC/14.55.610
Section,14.55.620,14.55.620,Gas appliances.,14,Title 14 Buildings and Construction,14.55,https://topeka.municipal.codes/TMC/14.55.620
Section,14.55.630,14.55.630,Flue area (appliance).,14,Title 14 Buildings and Construction,14.55,https://topeka.municipal.codes/TMC/14.55.630
Section,14.55.640,14.55.640,Appendix AF.,14,Title 14 Buildings and Construction,14.55,https://topeka.municipal.codes/TMC/14.55.640
Chapter,14.60,14.60,Weights and Measures Code,14,Title 14 Buildings and Construction,,https://topeka.municipal.codes/TMC/14.60
Section,14.60.010,14.60.010,"Part A, Section 5.5 repealed.",14,Title 14 Buildings and Construction,14.60,https://topeka.municipal.codes/TMC/14.60.010
Section,14.60.020,14.60.020,"Part C, Section 2 repealed.",14,Title 14 Buildings and Construction,14.60,https://topeka.municipal.codes/TMC/14.60.020
Section,14.60.030,14.60.030,"Part C, Section 18 repealed.",14,Title 14 Buildings and Construction,14.60,https://topeka.municipal.codes/TMC/14.60.030
Section,14.60.040,14.60.040,Part D repealed.,14,Title 14 Buildings and Construction,14.60,https://topeka.municipal.codes/TMC/14.60.040
Section,14.60.050,14.60.050,Part E repealed.,14,Title 14 Buildings and Construction,14.60,https://topeka.municipal.codes/TMC/14.60.050
Chapter,14.65,14.65,Manufactured Homes and Trailers,14,Title 14 Buildings and Construction,,https://topeka.municipal.codes/TMC/14.65
Article,14.65_ArtI,14.65 Art. I,Article I. In General,14,Title 14 Buildings and Construction,14.65,https://topeka.municipal.codes/TMC/14.65_ArtI
Section,14.65.010,14.65.010,Definitions.,14,Title 14 Buildings and Construction,14.65,https://topeka.municipal.codes/TMC/14.65.010
Section,14.65.020,14.65.020,Enforcing official designated – Duties.,14,Title 14 Buildings and Construction,14.65,https://topeka.municipal.codes/TMC/14.65.020
Section,14.65.030,14.65.030,Location of mobile homes outside of parks.,14,Title 14 Buildings and Construction,14.65,https://topeka.municipal.codes/TMC/14.65.030
Article,14.65_ArtII,14.65 Art. II,Article II. Administration and Enforcement – Permit,14,Title 14 Buildings and Construction,14.65,https://topeka.municipal.codes/TMC/14.65_ArtII
Section,14.65.040,14.65.040,"Required for installation, repair, utility connections.",14,Title 14 Buildings and Construction,14.65,https://topeka.municipal.codes/TMC/14.65.040
Section,14.65.050,14.65.050,Fee for move-in and/or utility connection established.,14,Title 14 Buildings and Construction,14.65,https://topeka.municipal.codes/TMC/14.65.050
Section,14.65.060,14.65.060,Payment of fee – Failure to pay.,14,Title 14 Buildings and Construction,14.65,https://topeka.municipal.codes/TMC/14.65.060
Section,14.65.070,14.65.070,Code Enforcement Director to inspect.,14,Title 14 Buildings and Construction,14.65,https://topeka.municipal.codes/TMC/14.65.070
Section,14.65.080,14.65.080,Authorization required before supply of utilities.,14,Title 14 Buildings and Construction,14.65,https://topeka.municipal.codes/TMC/14.65.080
Article,14.65_ArtIII,14.65 Art. III,Article III. Mobile Home Parks,14,Title 14 Buildings and Construction,14.65,https://topeka.municipal.codes/TMC/14.65_ArtIII
Subarticle,14.65_ArtIII_SubArtI,14.65 Art. III Subart. I,Subarticle I. Generally,14,Title 14 Buildings and Construction,14.65,https://topeka.municipal.codes/TMC/14.65_ArtIII_SubArtI
Section,14.65.090,14.65.090,Variances.,14,Title 14 Buildings and Construction,14.65,https://topeka.municipal.codes/TMC/14.65.090
Section,14.65.100,14.65.100,Nonconforming uses.,14,Title 14 Buildings and Construction,14.65,https://topeka.municipal.codes/TMC/14.65.100
Section,14.65.110,14.65.110,Applicability of other codes.,14,Title 14 Buildings and Construction,14.65,https://topeka.municipal.codes/TMC/14.65.110
Section,14.65.120,14.65.120,Securing mobile homes to ground.,14,Title 14 Buildings and Construction,14.65,https://topeka.municipal.codes/TMC/14.65.120
Section,14.65.125,14.65.125,Skirting.,14,Title 14 Buildings and Construction,14.65,https://topeka.municipal.codes/TMC/14.65.125
Subarticle,14.65_ArtIII_SubArtII,14.65 Art. III Subart. II,Subarticle II. Location and Space Requirements,14,Title 14 Buildings and Construction,14.65,https://topeka.municipal.codes/TMC/14.65_ArtIII_SubArtII
Section,14.65.130,14.65.130,Development plans.,14,Title 14 Buildings and Construction,14.65,https://topeka.municipal.codes/TMC/14.65.130
Section,14.65.140,14.65.140,Setbacks.,14,Title 14 Buildings and Construction,14.65,https://topeka.municipal.codes/TMC/14.65.140
Section,14.65.150,14.65.150,Location.,14,Title 14 Buildings and Construction,14.65,https://topeka.municipal.codes/TMC/14.65.150
Section,14.65.160,14.65.160,Space requirements.,14,Title 14 Buildings and Construction,14.65,https://topeka.municipal.codes/TMC/14.65.160
Subarticle,14.65_ArtIII_SubArtIII,14.65 Art. III Subart. III,Subarticle III. Street System,14,Title 14 Buildings and Construction,14.65,https://topeka.municipal.codes/TMC/14.65_ArtIII_SubArtIII
Section,14.65.170,14.65.170,Roadways.,14,Title 14 Buildings and Construction,14.65,https://topeka.municipal.codes/TMC/14.65.170
Section,14.65.180,14.65.180,Street widths.,14,Title 14 Buildings and Construction,14.65,https://topeka.municipal.codes/TMC/14.65.180
Section,14.65.190,14.65.190,Driveways.,14,Title 14 Buildings and Construction,14.65,https://topeka.municipal.codes/TMC/14.65.190
Section,14.65.200,14.65.200,Walkways.,14,Title 14 Buildings and Construction,14.65,https://topeka.municipal.codes/TMC/14.65.200
Section,14.65.210,14.65.210,Parking.,14,Title 14 Buildings and Construction,14.65,https://topeka.municipal.codes/TMC/14.65.210
Section,14.65.220,14.65.220,Street name.,14,Title 14 Buildings and Construction,14.65,https://topeka.municipal.codes/TMC/14.65.220
Section,14.65.230,14.65.230,Site address.,14,Title 14 Buildings and Construction,14.65,https://topeka.municipal.codes/TMC/14.65.230
Section,14.65.240,14.65.240,Park address.,14,Title 14 Buildings and Construction,14.65,https://topeka.municipal.codes/TMC/14.65.240
Subarticle,14.65_ArtIII_SubArtIV,14.65 Art. III Subart. IV,Subarticle IV. Utilities,14,Title 14 Buildings and Construction,14.65,https://topeka.municipal.codes/TMC/14.65_ArtIII_SubArtIV
Section,14.65.250,14.65.250,Water.,14,Title 14 Buildings and Construction,14.65,https://topeka.municipal.codes/TMC/14.65.250
Section,14.65.260,14.65.260,Drainage.,14,Title 14 Buildings and Construction,14.65,https://topeka.municipal.codes/TMC/14.65.260
Section,14.65.270,14.65.270,Sewage disposal.,14,Title 14 Buildings and Construction,14.65,https://topeka.municipal.codes/TMC/14.65.270
Section,14.65.280,14.65.280,Plumbing for sewer lines.,14,Title 14 Buildings and Construction,14.65,https://topeka.municipal.codes/TMC/14.65.280
Section,14.65.290,14.65.290,"Refuse accumulation, storage and disposal.",14,Title 14 Buildings and Construction,14.65,https://topeka.municipal.codes/TMC/14.65.290
Section,14.65.300,14.65.300,Lighting.,14,Title 14 Buildings and Construction,14.65,https://topeka.municipal.codes/TMC/14.65.300
Section,14.65.310,14.65.310,Electrical power supply.,14,Title 14 Buildings and Construction,14.65,https://topeka.municipal.codes/TMC/14.65.310
Section,14.65.320,14.65.320,Overhead electrical wiring.,14,Title 14 Buildings and Construction,14.65,https://topeka.municipal.codes/TMC/14.65.320
Subarticle,14.65_ArtIII_SubArtV,14.65 Art. III Subart. V,Subarticle V. Fire Protection,14,Title 14 Buildings and Construction,14.65,https://topeka.municipal.codes/TMC/14.65_ArtIII_SubArtV
Section,14.65.330,14.65.330,Application of fire code.,14,Title 14 Buildings and Construction,14.65,https://topeka.municipal.codes/TMC/14.65.330
Section,14.65.340,14.65.340,Accumulation of inflammable materials.,14,Title 14 Buildings and Construction,14.65,https://topeka.municipal.codes/TMC/14.65.340
Section,14.65.350,14.65.350,Storage of natural and liquefied petroleum gas.,14,Title 14 Buildings and Construction,14.65,https://topeka.municipal.codes/TMC/14.65.350
Section,14.65.360,14.65.360,Making of fires.,14,Title 14 Buildings and Construction,14.65,https://topeka.municipal.codes/TMC/14.65.360
Subarticle,14.65_ArtIII_SubArtVI,14.65 Art. III Subart. VI,Subarticle VI. Responsibilities of Park Management,14,Title 14 Buildings and Construction,14.65,https://topeka.municipal.codes/TMC/14.65_ArtIII_SubArtVI
Section,14.65.370,14.65.370,Compliance with article – Maintenance.,14,Title 14 Buildings and Construction,14.65,https://topeka.municipal.codes/TMC/14.65.370
Section,14.65.380,14.65.380,Keeping of register.,14,Title 14 Buildings and Construction,14.65,https://topeka.municipal.codes/TMC/14.65.380
Section,14.65.390,14.65.390,Notification of occupants of article contents.,14,Title 14 Buildings and Construction,14.65,https://topeka.municipal.codes/TMC/14.65.390
Section,14.65.400,14.65.400,Supervision of placement of each unit.,14,Title 14 Buildings and Construction,14.65,https://topeka.municipal.codes/TMC/14.65.400
Subarticle,14.65_ArtIII_SubArtVII,14.65 Art. III Subart. VII,Subarticle VII. Trees,14,Title 14 Buildings and Construction,14.65,https://topeka.municipal.codes/TMC/14.65_ArtIII_SubArtVII
Section,14.65.410,14.65.410,Definitions.,14,Title 14 Buildings and Construction,14.65,https://topeka.municipal.codes/TMC/14.65.410
Section,14.65.420,14.65.420,Tree nuisance.,14,Title 14 Buildings and Construction,14.65,https://topeka.municipal.codes/TMC/14.65.420
Section,14.65.430,14.65.430,Failure to remove or prune – Abatement – Fees.,14,Title 14 Buildings and Construction,14.65,https://topeka.municipal.codes/TMC/14.65.430
Section,14.65.440,14.65.440,Notice of violation.,14,Title 14 Buildings and Construction,14.65,https://topeka.municipal.codes/TMC/14.65.440
Section,14.65.450,14.65.450,Method of service.,14,Title 14 Buildings and Construction,14.65,https://topeka.municipal.codes/TMC/14.65.450
Section,14.65.460,14.65.460,Administrative appeal hearing – Appeal to district court.,14,Title 14 Buildings and Construction,14.65,https://topeka.municipal.codes/TMC/14.65.460
Chapter,14.70,14.70,Moving of Structures,14,Title 14 Buildings and Construction,,https://topeka.municipal.codes/TMC/14.70
Article,14.70_ArtI,14.70 Art. I,Article I. Generally,14,Title 14 Buildings and Construction,14.70,https://topeka.municipal.codes/TMC/14.70_ArtI
Section,14.70.010,14.70.010,Definitions.,14,Title 14 Buildings and Construction,14.70,https://topeka.municipal.codes/TMC/14.70.010
Section,14.70.020,14.70.020,Responsibility of permittee.,14,Title 14 Buildings and Construction,14.70,https://topeka.municipal.codes/TMC/14.70.020
Section,14.70.030,14.70.030,Notification of Fire Chief and Police Chief – Schedule and escort.,14,Title 14 Buildings and Construction,14.70,https://topeka.municipal.codes/TMC/14.70.030
Section,14.70.040,14.70.040,Use of warning lights and barricades.,14,Title 14 Buildings and Construction,14.70,https://topeka.municipal.codes/TMC/14.70.040
Section,14.70.050,14.70.050,Vehicle support.,14,Title 14 Buildings and Construction,14.70,https://topeka.municipal.codes/TMC/14.70.050
Section,14.70.060,14.70.060,Use of planking.,14,Title 14 Buildings and Construction,14.70,https://topeka.municipal.codes/TMC/14.70.060
Section,14.70.070,14.70.070,"Driving stakes into streets, sidewalks or alleys prohibited.",14,Title 14 Buildings and Construction,14.70,https://topeka.municipal.codes/TMC/14.70.070
Section,14.70.080,14.70.080,Stopping and standing in public places.,14,Title 14 Buildings and Construction,14.70,https://topeka.municipal.codes/TMC/14.70.080
Section,14.70.090,14.70.090,Damage to public places.,14,Title 14 Buildings and Construction,14.70,https://topeka.municipal.codes/TMC/14.70.090
Section,14.70.100,14.70.100,Cutting of trees on private property.,14,Title 14 Buildings and Construction,14.70,https://topeka.municipal.codes/TMC/14.70.100
Section,14.70.110,14.70.110,"Wires, cables – Notice of move.",14,Title 14 Buildings and Construction,14.70,https://topeka.municipal.codes/TMC/14.70.110
Section,14.70.120,14.70.120,"Wires, cables – Duties of utilities.",14,Title 14 Buildings and Construction,14.70,https://topeka.municipal.codes/TMC/14.70.120
Section,14.70.130,14.70.130,Exceptions for small buildings and vehicles.,14,Title 14 Buildings and Construction,14.70,https://topeka.municipal.codes/TMC/14.70.130
Article,14.70_ArtII,14.70 Art. II,Article II. Moving Permit,14,Title 14 Buildings and Construction,14.70,https://topeka.municipal.codes/TMC/14.70_ArtII
Section,14.70.140,14.70.140,Required.,14,Title 14 Buildings and Construction,14.70,https://topeka.municipal.codes/TMC/14.70.140
Section,14.70.150,14.70.150,Application – Fee.,14,Title 14 Buildings and Construction,14.70,https://topeka.municipal.codes/TMC/14.70.150
Section,14.70.160,14.70.160,Denial.,14,Title 14 Buildings and Construction,14.70,https://topeka.municipal.codes/TMC/14.70.160
Section,14.70.170,14.70.170,Display.,14,Title 14 Buildings and Construction,14.70,https://topeka.municipal.codes/TMC/14.70.170
Section,14.70.180,14.70.180,Transfer.,14,Title 14 Buildings and Construction,14.70,https://topeka.municipal.codes/TMC/14.70.180
Chapter,14.75,14.75,Numbering of Buildings,14,Title 14 Buildings and Construction,,https://topeka.municipal.codes/TMC/14.75
Section,14.75.010,14.75.010,Dividing streets – Method of numbering.,14,Title 14 Buildings and Construction,14.75,https://topeka.municipal.codes/TMC/14.75.010
Section,14.75.020,14.75.020,Short streets.,14,Title 14 Buildings and Construction,14.75,https://topeka.municipal.codes/TMC/14.75.020
Section,14.75.030,14.75.030,Designation of number.,14,Title 14 Buildings and Construction,14.75,https://topeka.municipal.codes/TMC/14.75.030
Section,14.75.040,14.75.040,Exceptions to system.,14,Title 14 Buildings and Construction,14.75,https://topeka.municipal.codes/TMC/14.75.040
Section,14.75.050,14.75.050,Neglect or failure to number – Penalty.,14,Title 14 Buildings and Construction,14.75,https://topeka.municipal.codes/TMC/14.75.050
Chapter,14.80,14.80,International Energy Conservation Code,14,Title 14 Buildings and Construction,,https://topeka.municipal.codes/TMC/14.80
Section,14.80.010,14.80.010,International Energy Conservation Code – Adopted.,14,Title 14 Buildings and Construction,14.80,https://topeka.municipal.codes/TMC/14.80.010
Section,14.80.020,14.80.020,International Energy Conservation Code – On file in Clerk’s office.,14,Title 14 Buildings and Construction,14.80,https://topeka.municipal.codes/TMC/14.80.020
Section,14.80.030,14.80.030,Code Official designated.,14,Title 14 Buildings and Construction,14.80,https://topeka.municipal.codes/TMC/14.80.030
Section,14.80.040,14.80.040,Amendments – Generally.,14,Title 14 Buildings and Construction,14.80,https://topeka.municipal.codes/TMC/14.80.040
Section,14.80.050,14.80.050,Amendments to Chapter 1.,14,Title 14 Buildings and Construction,14.80,https://topeka.municipal.codes/TMC/14.80.050
Section,14.80.060,14.80.060,Amendments to Chapter 2.,14,Title 14 Buildings and Construction,14.80,https://topeka.municipal.codes/TMC/14.80.060
Section,14.80.070,14.80.070,Amendments to Chapter 3.,14,Title 14 Buildings and Construction,14.80,https://topeka.municipal.codes/TMC/14.80.070
Section,14.80.080,14.80.080,Amendments to Chapter 4.,14,Title 14 Buildings and Construction,14.80,https://topeka.municipal.codes/TMC/14.80.080
Section,14.80.090,14.80.090,Amendments to Chapter 5.,14,Title 14 Buildings and Construction,14.80,https://topeka.municipal.codes/TMC/14.80.090
Chapter,14.85,14.85,Energy Conservation Code (Commercial),14,Title 14 Buildings and Construction,,https://topeka.municipal.codes/TMC/14.85
Section,14.85.010,14.85.010,International Energy Conservation Code (Commercial) (IECC) – Adopted.,14,Title 14 Buildings and Construction,14.85,https://topeka.municipal.codes/TMC/14.85.010
Section,14.85.020,14.85.020,IECC – Copies on file in Clerk’s office.,14,Title 14 Buildings and Construction,14.85,https://topeka.municipal.codes/TMC/14.85.020
Section,14.85.030,14.85.030,Code Official designated.,14,Title 14 Buildings and Construction,14.85,https://topeka.municipal.codes/TMC/14.85.030
Section,14.85.040,14.85.040,Amendments – Generally.,14,Title 14 Buildings and Construction,14.85,https://topeka.municipal.codes/TMC/14.85.040
Section,14.85.050,14.85.050,General references to adopted codes.,14,Title 14 Buildings and Construction,14.85,https://topeka.municipal.codes/TMC/14.85.050
Section,14.85.060,14.85.060,Amendments to Chapter 1 [CE].,14,Title 14 Buildings and Construction,14.85,https://topeka.municipal.codes/TMC/14.85.060
Section,14.85.070,14.85.070,Amendments to Chapter 3 [CE].,14,Title 14 Buildings and Construction,14.85,https://topeka.municipal.codes/TMC/14.85.070
Section,14.85.080,14.85.080,Amendments to Chapter 4 [CE].,14,Title 14 Buildings and Construction,14.85,https://topeka.municipal.codes/TMC/14.85.080
Section,14.85.090,14.85.090,Amendments to Chapter 5 [CE].,14,Title 14 Buildings and Construction,14.85,https://topeka.municipal.codes/TMC/14.85.090
Title,15,15,Title 15 (Reserved),15,Title 15 (Reserved),,https://topeka.municipal.codes/TMC/15
Title,16,16,Title 16 (Reserved),16,Title 16 (Reserved),,https://topeka.municipal.codes/TMC/16
Title,17,17,Title 17 Environment,17,Title 17 Environment,,https://topeka.municipal.codes/TMC/17
Chapter,17.05,17.05,Excavations,17,Title 17 Environment,,https://topeka.municipal.codes/TMC/17.05
Article,17.05_ArtI,17.05 Art. I,Article I. Generally,17,Title 17 Environment,17.05,https://topeka.municipal.codes/TMC/17.05_ArtI
Section,17.05.010,17.05.010,Purpose.,17,Title 17 Environment,17.05,https://topeka.municipal.codes/TMC/17.05.010
Section,17.05.020,17.05.020,Scope.,17,Title 17 Environment,17.05,https://topeka.municipal.codes/TMC/17.05.020
Section,17.05.030,17.05.030,Penalty for violation of chapter.,17,Title 17 Environment,17.05,https://topeka.municipal.codes/TMC/17.05.030
Section,17.05.040,17.05.040,Grading inspections.,17,Title 17 Environment,17.05,https://topeka.municipal.codes/TMC/17.05.040
Section,17.05.050,17.05.050,Completion of work.,17,Title 17 Environment,17.05,https://topeka.municipal.codes/TMC/17.05.050
Article,17.05_ArtII,17.05 Art. II,Article II. Permit,17,Title 17 Environment,17.05,https://topeka.municipal.codes/TMC/17.05_ArtII
Section,17.05.060,17.05.060,Required – Exceptions.,17,Title 17 Environment,17.05,https://topeka.municipal.codes/TMC/17.05.060
Section,17.05.070,17.05.070,Application.,17,Title 17 Environment,17.05,https://topeka.municipal.codes/TMC/17.05.070
Section,17.05.080,17.05.080,Fees.,17,Title 17 Environment,17.05,https://topeka.municipal.codes/TMC/17.05.080
Section,17.05.090,17.05.090,Criteria for approval.,17,Title 17 Environment,17.05,https://topeka.municipal.codes/TMC/17.05.090
Section,17.05.100,17.05.100,Conditions of approval.,17,Title 17 Environment,17.05,https://topeka.municipal.codes/TMC/17.05.100
Section,17.05.110,17.05.110,Duration.,17,Title 17 Environment,17.05,https://topeka.municipal.codes/TMC/17.05.110
Section,17.05.120,17.05.120,Extension and renewal.,17,Title 17 Environment,17.05,https://topeka.municipal.codes/TMC/17.05.120
Section,17.05.130,17.05.130,Revocation.,17,Title 17 Environment,17.05,https://topeka.municipal.codes/TMC/17.05.130
Article,17.05_ArtIII,17.05 Art. III,Article III. Minimum Standards,17,Title 17 Environment,17.05,https://topeka.municipal.codes/TMC/17.05_ArtIII
Section,17.05.140,17.05.140,Time limit.,17,Title 17 Environment,17.05,https://topeka.municipal.codes/TMC/17.05.140
Section,17.05.150,17.05.150,Dust control.,17,Title 17 Environment,17.05,https://topeka.municipal.codes/TMC/17.05.150
Section,17.05.160,17.05.160,Slope of cut surfaces.,17,Title 17 Environment,17.05,https://topeka.municipal.codes/TMC/17.05.160
Section,17.05.170,17.05.170,Fills.,17,Title 17 Environment,17.05,https://topeka.municipal.codes/TMC/17.05.170
Section,17.05.180,17.05.180,Stockpiling and temporary fills.,17,Title 17 Environment,17.05,https://topeka.municipal.codes/TMC/17.05.180
Section,17.05.190,17.05.190,Setbacks.,17,Title 17 Environment,17.05,https://topeka.municipal.codes/TMC/17.05.190
Section,17.05.200,17.05.200,Drainage and terracing.,17,Title 17 Environment,17.05,https://topeka.municipal.codes/TMC/17.05.200
Section,17.05.210,17.05.210,Erosion control.,17,Title 17 Environment,17.05,https://topeka.municipal.codes/TMC/17.05.210
Chapter,17.10,17.10,Buffer Areas,17,Title 17 Environment,,https://topeka.municipal.codes/TMC/17.10
Section,17.10.010,17.10.010,Purpose and intent.,17,Title 17 Environment,17.10,https://topeka.municipal.codes/TMC/17.10.010
Section,17.10.020,17.10.020,Definitions.,17,Title 17 Environment,17.10,https://topeka.municipal.codes/TMC/17.10.020
Section,17.10.030,17.10.030,Scope.,17,Title 17 Environment,17.10,https://topeka.municipal.codes/TMC/17.10.030
Section,17.10.040,17.10.040,Plan requirements.,17,Title 17 Environment,17.10,https://topeka.municipal.codes/TMC/17.10.040
Section,17.10.050,17.10.050,Design standards for buffers.,17,Title 17 Environment,17.10,https://topeka.municipal.codes/TMC/17.10.050
Section,17.10.060,17.10.060,"Buffer establishment, management, and maintenance.",17,Title 17 Environment,17.10,https://topeka.municipal.codes/TMC/17.10.060
Section,17.10.070,17.10.070,Enforcement procedures.,17,Title 17 Environment,17.10,https://topeka.municipal.codes/TMC/17.10.070
Section,17.10.080,17.10.080,Waivers – Variances.,17,Title 17 Environment,17.10,https://topeka.municipal.codes/TMC/17.10.080
Section,17.10.090,17.10.090,Conflict with other regulations.,17,Title 17 Environment,17.10,https://topeka.municipal.codes/TMC/17.10.090
Chapter,17.20,17.20,Construction Adjacent to Flood Control Levees,17,Title 17 Environment,,https://topeka.municipal.codes/TMC/17.20
Article,17.20_ArtI,17.20 Art. I,Article I. Generally,17,Title 17 Environment,17.20,https://topeka.municipal.codes/TMC/17.20_ArtI
Section,17.20.010,17.20.010,Penalty for violation of chapter.,17,Title 17 Environment,17.20,https://topeka.municipal.codes/TMC/17.20.010
Article,17.20_ArtII,17.20 Art. II,Article II. Permit,17,Title 17 Environment,17.20,https://topeka.municipal.codes/TMC/17.20_ArtII
Section,17.20.020,17.20.020,Required.,17,Title 17 Environment,17.20,https://topeka.municipal.codes/TMC/17.20.020
Section,17.20.030,17.20.030,Engineer to review plans.,17,Title 17 Environment,17.20,https://topeka.municipal.codes/TMC/17.20.030
Section,17.20.040,17.20.040,Application of zoning laws and building code.,17,Title 17 Environment,17.20,https://topeka.municipal.codes/TMC/17.20.040
Section,17.20.050,17.20.050,Appeal when permit refused.,17,Title 17 Environment,17.20,https://topeka.municipal.codes/TMC/17.20.050
Chapter,17.25,17.25,Demolition,17,Title 17 Environment,,https://topeka.municipal.codes/TMC/17.25
Section,17.25.010,17.25.010,Permit.,17,Title 17 Environment,17.25,https://topeka.municipal.codes/TMC/17.25.010
Section,17.25.020,17.25.020,Sewer line to be capped.,17,Title 17 Environment,17.25,https://topeka.municipal.codes/TMC/17.25.020
Section,17.25.030,17.25.030,Deposit.,17,Title 17 Environment,17.25,https://topeka.municipal.codes/TMC/17.25.030
Section,17.25.040,17.25.040,Penalty for noncompliance.,17,Title 17 Environment,17.25,https://topeka.municipal.codes/TMC/17.25.040
Chapter,17.30,17.30,Floodplain Management,17,Title 17 Environment,,https://topeka.municipal.codes/TMC/17.30
Article,17.30_ArtI,17.30 Art. I,Article I. Generally,17,Title 17 Environment,17.30,https://topeka.municipal.codes/TMC/17.30_ArtI
Section,17.30.010,17.30.010,Definitions.,17,Title 17 Environment,17.30,https://topeka.municipal.codes/TMC/17.30.010
Section,17.30.020,17.30.020,Violations – Penalties.,17,Title 17 Environment,17.30,https://topeka.municipal.codes/TMC/17.30.020
Section,17.30.030,17.30.030,Statutory authorization.,17,Title 17 Environment,17.30,https://topeka.municipal.codes/TMC/17.30.030
Section,17.30.040,17.30.040,Findings of fact.,17,Title 17 Environment,17.30,https://topeka.municipal.codes/TMC/17.30.040
Section,17.30.050,17.30.050,Statement of purpose.,17,Title 17 Environment,17.30,https://topeka.municipal.codes/TMC/17.30.050
Section,17.30.060,17.30.060,Compliance.,17,Title 17 Environment,17.30,https://topeka.municipal.codes/TMC/17.30.060
Section,17.30.070,17.30.070,Lands to which this chapter applies.,17,Title 17 Environment,17.30,https://topeka.municipal.codes/TMC/17.30.070
Section,17.30.080,17.30.080,Abrogation.,17,Title 17 Environment,17.30,https://topeka.municipal.codes/TMC/17.30.080
Section,17.30.090,17.30.090,Interpretation.,17,Title 17 Environment,17.30,https://topeka.municipal.codes/TMC/17.30.090
Section,17.30.100,17.30.100,Warning; disclaimer of liability.,17,Title 17 Environment,17.30,https://topeka.municipal.codes/TMC/17.30.100
Section,17.30.110,17.30.110,Severability.,17,Title 17 Environment,17.30,https://topeka.municipal.codes/TMC/17.30.110
Section,17.30.120,17.30.120,Amendments.,17,Title 17 Environment,17.30,https://topeka.municipal.codes/TMC/17.30.120
Article,17.30_ArtII,17.30 Art. II,Article II. Administration,17,Title 17 Environment,17.30,https://topeka.municipal.codes/TMC/17.30_ArtII
Section,17.30.130,17.30.130,Designation of Floodplain Administrator.,17,Title 17 Environment,17.30,https://topeka.municipal.codes/TMC/17.30.130
Section,17.30.140,17.30.140,Floodplain Administrator – Duties.,17,Title 17 Environment,17.30,https://topeka.municipal.codes/TMC/17.30.140
Section,17.30.150,17.30.150,Floodplain development permit.,17,Title 17 Environment,17.30,https://topeka.municipal.codes/TMC/17.30.150
Section,17.30.160,17.30.160,Application.,17,Title 17 Environment,17.30,https://topeka.municipal.codes/TMC/17.30.160
Section,17.30.170,17.30.170,Nonconforming uses.,17,Title 17 Environment,17.30,https://topeka.municipal.codes/TMC/17.30.170
Section,17.30.180,17.30.180,General standards.,17,Title 17 Environment,17.30,https://topeka.municipal.codes/TMC/17.30.180
Article,17.30_ArtIII,17.30 Art. III,Article III. Flood Hazard Reduction,17,Title 17 Environment,17.30,https://topeka.municipal.codes/TMC/17.30_ArtIII
Section,17.30.190,17.30.190,Specific standards.,17,Title 17 Environment,17.30,https://topeka.municipal.codes/TMC/17.30.190
Section,17.30.200,17.30.200,Manufactured or mobile homes.,17,Title 17 Environment,17.30,https://topeka.municipal.codes/TMC/17.30.200
Section,17.30.210,17.30.210,Areas of shallow flooding (AO and AH zones).,17,Title 17 Environment,17.30,https://topeka.municipal.codes/TMC/17.30.210
Section,17.30.220,17.30.220,Floodway.,17,Title 17 Environment,17.30,https://topeka.municipal.codes/TMC/17.30.220
Section,17.30.230,17.30.230,Recreational vehicles.,17,Title 17 Environment,17.30,https://topeka.municipal.codes/TMC/17.30.230
Article,17.30_ArtIV,17.30 Art. IV,Article IV. Floodplain Management Variance Procedures,17,Title 17 Environment,17.30,https://topeka.municipal.codes/TMC/17.30_ArtIV
Section,17.30.240,17.30.240,Establishment of appeal board.,17,Title 17 Environment,17.30,https://topeka.municipal.codes/TMC/17.30.240
Section,17.30.250,17.30.250,Floodplain management variance criteria.,17,Title 17 Environment,17.30,https://topeka.municipal.codes/TMC/17.30.250
Section,17.30.260,17.30.260,Conditions for approving variances.,17,Title 17 Environment,17.30,https://topeka.municipal.codes/TMC/17.30.260
Title,18,18,Title 18 Development Code,18,Title 18 Development Code,,https://topeka.municipal.codes/TMC/18
Division,18_Div1,18 Div. 1,Division 1. Comprehensive Plan,18,Title 18 Development Code,,https://topeka.municipal.codes/TMC/18_Div1
Chapter,18.05,18.05,Comprehensive Metropolitan Plan,18,Title 18 Development Code,,https://topeka.municipal.codes/TMC/18.05
Section,18.05.010,18.05.010,Plan required.,18,Title 18 Development Code,18.05,https://topeka.municipal.codes/TMC/18.05.010
Section,18.05.020,18.05.020,Content of plan.,18,Title 18 Development Code,18.05,https://topeka.municipal.codes/TMC/18.05.020
Section,18.05.030,18.05.030,Adoption of statement of goals.,18,Title 18 Development Code,18.05,https://topeka.municipal.codes/TMC/18.05.030
Section,18.05.040,18.05.040,Procedure for adoption.,18,Title 18 Development Code,18.05,https://topeka.municipal.codes/TMC/18.05.040
Section,18.05.050,18.05.050,Effect of adoption.,18,Title 18 Development Code,18.05,https://topeka.municipal.codes/TMC/18.05.050
Division,18_Div2,18 Div. 2,Division 2. Signs,18,Title 18 Development Code,,https://topeka.municipal.codes/TMC/18_Div2
Chapter,18.10,18.10,Signs,18,Title 18 Development Code,,https://topeka.municipal.codes/TMC/18.10
Section,18.10.010,18.10.010,Definitions.,18,Title 18 Development Code,18.10,https://topeka.municipal.codes/TMC/18.10.010
Section,18.10.020,18.10.020,Purpose.,18,Title 18 Development Code,18.10,https://topeka.municipal.codes/TMC/18.10.020
Section,18.10.030,18.10.030,Applicability.,18,Title 18 Development Code,18.10,https://topeka.municipal.codes/TMC/18.10.030
Section,18.10.040,18.10.040,Prohibited signs.,18,Title 18 Development Code,18.10,https://topeka.municipal.codes/TMC/18.10.040
Section,18.10.050,18.10.050,Sign permits and inspections.,18,Title 18 Development Code,18.10,https://topeka.municipal.codes/TMC/18.10.050
Section,18.10.060,18.10.060,Enforcement.,18,Title 18 Development Code,18.10,https://topeka.municipal.codes/TMC/18.10.060
Section,18.10.070,18.10.070,Design and construction.,18,Title 18 Development Code,18.10,https://topeka.municipal.codes/TMC/18.10.070
Section,18.10.080,18.10.080,Sign area and height measurements.,18,Title 18 Development Code,18.10,https://topeka.municipal.codes/TMC/18.10.080
Section,18.10.090,18.10.090,Maintenance.,18,Title 18 Development Code,18.10,https://topeka.municipal.codes/TMC/18.10.090
Section,18.10.100,18.10.100,Abandoned signs.,18,Title 18 Development Code,18.10,https://topeka.municipal.codes/TMC/18.10.100
Section,18.10.110,18.10.110,Nonconforming signs.,18,Title 18 Development Code,18.10,https://topeka.municipal.codes/TMC/18.10.110
Section,18.10.120,18.10.120,Variances.,18,Title 18 Development Code,18.10,https://topeka.municipal.codes/TMC/18.10.120
Section,18.10.130,18.10.130,On-premises sign standards by type and district.,18,Title 18 Development Code,18.10,https://topeka.municipal.codes/TMC/18.10.130
Section,18.10.140,18.10.140,Master sign plans.,18,Title 18 Development Code,18.10,https://topeka.municipal.codes/TMC/18.10.140
Section,18.10.150,18.10.150,Other on-premises signs.,18,Title 18 Development Code,18.10,https://topeka.municipal.codes/TMC/18.10.150
Section,18.10.160,18.10.160,Electronic message centers (EMCs).,18,Title 18 Development Code,18.10,https://topeka.municipal.codes/TMC/18.10.160
Section,18.10.170,18.10.170,Temporary signs and banners.,18,Title 18 Development Code,18.10,https://topeka.municipal.codes/TMC/18.10.170
Section,18.10.180,18.10.180,Off-premises signs.,18,Title 18 Development Code,18.10,https://topeka.municipal.codes/TMC/18.10.180
Division,18_Div3,18 Div. 3,Division 3. Subdivisions,18,Title 18 Development Code,,https://topeka.municipal.codes/TMC/18_Div3
Chapter,18.30,18.30,General Provisions,18,Title 18 Development Code,,https://topeka.municipal.codes/TMC/18.30
Section,18.30.010,18.30.010,Definitions.,18,Title 18 Development Code,18.30,https://topeka.municipal.codes/TMC/18.30.010
Section,18.30.020,18.30.020,Scope.,18,Title 18 Development Code,18.30,https://topeka.municipal.codes/TMC/18.30.020
Section,18.30.030,18.30.030,Application to building permits.,18,Title 18 Development Code,18.30,https://topeka.municipal.codes/TMC/18.30.030
Section,18.30.040,18.30.040,Design variances.,18,Title 18 Development Code,18.30,https://topeka.municipal.codes/TMC/18.30.040
Chapter,18.35,18.35,Platting,18,Title 18 Development Code,,https://topeka.municipal.codes/TMC/18.35
Article,18.35_ArtI,18.35 Art. I,Article I. Administrative Minor Plat Approval Process,18,Title 18 Development Code,18.35,https://topeka.municipal.codes/TMC/18.35_ArtI
Section,18.35.010,18.35.010,"Administrative approval process – Minor plats, lot line adjustments and splits.",18,Title 18 Development Code,18.35,https://topeka.municipal.codes/TMC/18.35.010
Section,18.35.020,18.35.020,Administrative minor plat rules and regulations.,18,Title 18 Development Code,18.35,https://topeka.municipal.codes/TMC/18.35.020
Section,18.35.030,18.35.030,Submission/contents.,18,Title 18 Development Code,18.35,https://topeka.municipal.codes/TMC/18.35.030
Section,18.35.040,18.35.040,Filing fees.,18,Title 18 Development Code,18.35,https://topeka.municipal.codes/TMC/18.35.040
Section,18.35.050,18.35.050,Action by the Planning and Public Works Directors.,18,Title 18 Development Code,18.35,https://topeka.municipal.codes/TMC/18.35.050
Section,18.35.060,18.35.060,Recording.,18,Title 18 Development Code,18.35,https://topeka.municipal.codes/TMC/18.35.060
Article,18.35_ArtII,18.35 Art. II,Article II. Preapplication,18,Title 18 Development Code,18.35,https://topeka.municipal.codes/TMC/18.35_ArtII
Section,18.35.070,18.35.070,Submission of plans and data to Planning Commission.,18,Title 18 Development Code,18.35,https://topeka.municipal.codes/TMC/18.35.070
Section,18.35.080,18.35.080,Sewers.,18,Title 18 Development Code,18.35,https://topeka.municipal.codes/TMC/18.35.080
Section,18.35.090,18.35.090,Water.,18,Title 18 Development Code,18.35,https://topeka.municipal.codes/TMC/18.35.090
Section,18.35.100,18.35.100,Location map.,18,Title 18 Development Code,18.35,https://topeka.municipal.codes/TMC/18.35.100
Section,18.35.110,18.35.110,Filing of proposed plat.,18,Title 18 Development Code,18.35,https://topeka.municipal.codes/TMC/18.35.110
Section,18.35.120,18.35.120,Planning Commission to report in 15 days.,18,Title 18 Development Code,18.35,https://topeka.municipal.codes/TMC/18.35.120
Section,18.35.130,18.35.130,Filing of preliminary and final plat together.,18,Title 18 Development Code,18.35,https://topeka.municipal.codes/TMC/18.35.130
Article,18.35_ArtIII,18.35 Art. III,Article III. Preliminary Plat,18,Title 18 Development Code,18.35,https://topeka.municipal.codes/TMC/18.35_ArtIII
Section,18.35.140,18.35.140,Filing.,18,Title 18 Development Code,18.35,https://topeka.municipal.codes/TMC/18.35.140
Section,18.35.150,18.35.150,Contents.,18,Title 18 Development Code,18.35,https://topeka.municipal.codes/TMC/18.35.150
Section,18.35.160,18.35.160,Approval or disapproval by Planning Commission.,18,Title 18 Development Code,18.35,https://topeka.municipal.codes/TMC/18.35.160
Article,18.35_ArtIV,18.35 Art. IV,Article IV. Final Plat,18,Title 18 Development Code,18.35,https://topeka.municipal.codes/TMC/18.35_ArtIV
Section,18.35.170,18.35.170,Submission.,18,Title 18 Development Code,18.35,https://topeka.municipal.codes/TMC/18.35.170
Section,18.35.180,18.35.180,Filing fee.,18,Title 18 Development Code,18.35,https://topeka.municipal.codes/TMC/18.35.180
Section,18.35.190,18.35.190,Scale.,18,Title 18 Development Code,18.35,https://topeka.municipal.codes/TMC/18.35.190
Section,18.35.200,18.35.200,Contents.,18,Title 18 Development Code,18.35,https://topeka.municipal.codes/TMC/18.35.200
Section,18.35.210,18.35.210,Certification.,18,Title 18 Development Code,18.35,https://topeka.municipal.codes/TMC/18.35.210
Section,18.35.220,18.35.220,Supplementary documents and information.,18,Title 18 Development Code,18.35,https://topeka.municipal.codes/TMC/18.35.220
Section,18.35.230,18.35.230,Approvals necessary for proposed subdivisions.,18,Title 18 Development Code,18.35,https://topeka.municipal.codes/TMC/18.35.230
Section,18.35.240,18.35.240,Approval or disapproval.,18,Title 18 Development Code,18.35,https://topeka.municipal.codes/TMC/18.35.240
Section,18.35.250,18.35.250,Recording.,18,Title 18 Development Code,18.35,https://topeka.municipal.codes/TMC/18.35.250
Chapter,18.40,18.40,Design Standards,18,Title 18 Development Code,,https://topeka.municipal.codes/TMC/18.40
Section,18.40.010,18.40.010,Classification of subdivisions.,18,Title 18 Development Code,18.40,https://topeka.municipal.codes/TMC/18.40.010
Section,18.40.020,18.40.020,Size and shape determined by availability of water and sewer facilities.,18,Title 18 Development Code,18.40,https://topeka.municipal.codes/TMC/18.40.020
Section,18.40.030,18.40.030,Building site area determined by percolation tests.,18,Title 18 Development Code,18.40,https://topeka.municipal.codes/TMC/18.40.030
Section,18.40.040,18.40.040,Block dimensions.,18,Title 18 Development Code,18.40,https://topeka.municipal.codes/TMC/18.40.040
Section,18.40.050,18.40.050,"Streets, alleys and public ways – Design.",18,Title 18 Development Code,18.40,https://topeka.municipal.codes/TMC/18.40.050
Section,18.40.060,18.40.060,Minimum street dimensions.,18,Title 18 Development Code,18.40,https://topeka.municipal.codes/TMC/18.40.060
Section,18.40.070,18.40.070,Drainage easements.,18,Title 18 Development Code,18.40,https://topeka.municipal.codes/TMC/18.40.070
Section,18.40.080,18.40.080,Street grades.,18,Title 18 Development Code,18.40,https://topeka.municipal.codes/TMC/18.40.080
Section,18.40.090,18.40.090,Pavement widths.,18,Title 18 Development Code,18.40,https://topeka.municipal.codes/TMC/18.40.090
Section,18.40.100,18.40.100,Pavement alignment.,18,Title 18 Development Code,18.40,https://topeka.municipal.codes/TMC/18.40.100
Section,18.40.110,18.40.110,Lot dimensions.,18,Title 18 Development Code,18.40,https://topeka.municipal.codes/TMC/18.40.110
Section,18.40.120,18.40.120,Easements required.,18,Title 18 Development Code,18.40,https://topeka.municipal.codes/TMC/18.40.120
Section,18.40.130,18.40.130,"Dedication, reservation and acquisition of public sites and open spaces.",18,Title 18 Development Code,18.40,https://topeka.municipal.codes/TMC/18.40.130
Section,18.40.140,18.40.140,Adopted plans.,18,Title 18 Development Code,18.40,https://topeka.municipal.codes/TMC/18.40.140
Section,18.40.150,18.40.150,Stream buffers.,18,Title 18 Development Code,18.40,https://topeka.municipal.codes/TMC/18.40.150
Chapter,18.45,18.45,Improvements,18,Title 18 Development Code,,https://topeka.municipal.codes/TMC/18.45
Section,18.45.010,18.45.010,Required.,18,Title 18 Development Code,18.45,https://topeka.municipal.codes/TMC/18.45.010
Section,18.45.020,18.45.020,Procedure for developer project.,18,Title 18 Development Code,18.45,https://topeka.municipal.codes/TMC/18.45.020
Section,18.45.030,18.45.030,Subdivisions not adjoining City.,18,Title 18 Development Code,18.45,https://topeka.municipal.codes/TMC/18.45.030
Section,18.45.040,18.45.040,Streets.,18,Title 18 Development Code,18.45,https://topeka.municipal.codes/TMC/18.45.040
Section,18.45.050,18.45.050,Intersections.,18,Title 18 Development Code,18.45,https://topeka.municipal.codes/TMC/18.45.050
Section,18.45.060,18.45.060,Water lines.,18,Title 18 Development Code,18.45,https://topeka.municipal.codes/TMC/18.45.060
Section,18.45.070,18.45.070,Sewers.,18,Title 18 Development Code,18.45,https://topeka.municipal.codes/TMC/18.45.070
Section,18.45.080,18.45.080,Sidewalks.,18,Title 18 Development Code,18.45,https://topeka.municipal.codes/TMC/18.45.080
Section,18.45.090,18.45.090,Permanent monuments.,18,Title 18 Development Code,18.45,https://topeka.municipal.codes/TMC/18.45.090
Section,18.45.100,18.45.100,Streetlights.,18,Title 18 Development Code,18.45,https://topeka.municipal.codes/TMC/18.45.100
Division,18_Div4,18 Div. 4,Division 4. Zoning Code,18,Title 18 Development Code,,https://topeka.municipal.codes/TMC/18_Div4
Chapter,18.50,18.50,General Provisions,18,Title 18 Development Code,,https://topeka.municipal.codes/TMC/18.50
Section,18.50.010,18.50.010,Purpose.,18,Title 18 Development Code,18.50,https://topeka.municipal.codes/TMC/18.50.010
Section,18.50.020,18.50.020,District classification.,18,Title 18 Development Code,18.50,https://topeka.municipal.codes/TMC/18.50.020
Section,18.50.030,18.50.030,Conversion of existing districts.,18,Title 18 Development Code,18.50,https://topeka.municipal.codes/TMC/18.50.030
Section,18.50.040,18.50.040,Application of regulations to existing legal conforming uses.,18,Title 18 Development Code,18.50,https://topeka.municipal.codes/TMC/18.50.040
Section,18.50.050,18.50.050,District map.,18,Title 18 Development Code,18.50,https://topeka.municipal.codes/TMC/18.50.050
Section,18.50.060,18.50.060,Determining zoning district boundaries.,18,Title 18 Development Code,18.50,https://topeka.municipal.codes/TMC/18.50.060
Section,18.50.070,18.50.070,Annexed territory.,18,Title 18 Development Code,18.50,https://topeka.municipal.codes/TMC/18.50.070
Section,18.50.080,18.50.080,"Vacated streets, alleys, etc.",18,Title 18 Development Code,18.50,https://topeka.municipal.codes/TMC/18.50.080
Section,18.50.090,18.50.090,Vesting of development rights.,18,Title 18 Development Code,18.50,https://topeka.municipal.codes/TMC/18.50.090
Section,18.50.100,18.50.100,Use and building restrictions.,18,Title 18 Development Code,18.50,https://topeka.municipal.codes/TMC/18.50.100
Section,18.50.110,18.50.110,Interpretation.,18,Title 18 Development Code,18.50,https://topeka.municipal.codes/TMC/18.50.110
Section,18.50.120,18.50.120,Enforcement.,18,Title 18 Development Code,18.50,https://topeka.municipal.codes/TMC/18.50.120
Section,18.50.130,18.50.130,Validity.,18,Title 18 Development Code,18.50,https://topeka.municipal.codes/TMC/18.50.130
Chapter,18.55,18.55,Definitions,18,Title 18 Development Code,,https://topeka.municipal.codes/TMC/18.55
Section,18.55.005,18.55.005,Generally.,18,Title 18 Development Code,18.55,https://topeka.municipal.codes/TMC/18.55.005
Section,18.55.010,18.55.010,“A” definitions.,18,Title 18 Development Code,18.55,https://topeka.municipal.codes/TMC/18.55.010
Section,18.55.020,18.55.020,“B” definitions.,18,Title 18 Development Code,18.55,https://topeka.municipal.codes/TMC/18.55.020
Section,18.55.030,18.55.030,“C” definitions.,18,Title 18 Development Code,18.55,https://topeka.municipal.codes/TMC/18.55.030
Section,18.55.040,18.55.040,“D” definitions.,18,Title 18 Development Code,18.55,https://topeka.municipal.codes/TMC/18.55.040
Section,18.55.050,18.55.050,“E” definitions.,18,Title 18 Development Code,18.55,https://topeka.municipal.codes/TMC/18.55.050
Section,18.55.060,18.55.060,“F” definitions.,18,Title 18 Development Code,18.55,https://topeka.municipal.codes/TMC/18.55.060
Section,18.55.070,18.55.070,“G” definitions.,18,Title 18 Development Code,18.55,https://topeka.municipal.codes/TMC/18.55.070
Section,18.55.080,18.55.080,“H” definitions.,18,Title 18 Development Code,18.55,https://topeka.municipal.codes/TMC/18.55.080
Section,18.55.090,18.55.090,“I” definitions.,18,Title 18 Development Code,18.55,https://topeka.municipal.codes/TMC/18.55.090
Section,18.55.100,18.55.100,“J” definitions.,18,Title 18 Development Code,18.55,https://topeka.municipal.codes/TMC/18.55.100
Section,18.55.110,18.55.110,“K” definitions.,18,Title 18 Development Code,18.55,https://topeka.municipal.codes/TMC/18.55.110
Section,18.55.120,18.55.120,“L” definitions.,18,Title 18 Development Code,18.55,https://topeka.municipal.codes/TMC/18.55.120
Section,18.55.130,18.55.130,“M” definitions.,18,Title 18 Development Code,18.55,https://topeka.municipal.codes/TMC/18.55.130
Section,18.55.140,18.55.140,“N” definitions.,18,Title 18 Development Code,18.55,https://topeka.municipal.codes/TMC/18.55.140
Section,18.55.150,18.55.150,“O” definitions.,18,Title 18 Development Code,18.55,https://topeka.municipal.codes/TMC/18.55.150
Section,18.55.160,18.55.160,“P” definitions.,18,Title 18 Development Code,18.55,https://topeka.municipal.codes/TMC/18.55.160
Section,18.55.170,18.55.170,“Q” definitions.,18,Title 18 Development Code,18.55,https://topeka.municipal.codes/TMC/18.55.170
Section,18.55.180,18.55.180,“R” definitions.,18,Title 18 Development Code,18.55,https://topeka.municipal.codes/TMC/18.55.180
Section,18.55.190,18.55.190,“S” definitions.,18,Title 18 Development Code,18.55,https://topeka.municipal.codes/TMC/18.55.190
Section,18.55.200,18.55.200,“T” definitions.,18,Title 18 Development Code,18.55,https://topeka.municipal.codes/TMC/18.55.200
Section,18.55.210,18.55.210,“U” definitions.,18,Title 18 Development Code,18.55,https://topeka.municipal.codes/TMC/18.55.210
Section,18.55.220,18.55.220,“V” definitions.,18,Title 18 Development Code,18.55,https://topeka.municipal.codes/TMC/18.55.220
Section,18.55.230,18.55.230,“W” definitions.,18,Title 18 Development Code,18.55,https://topeka.municipal.codes/TMC/18.55.230
Section,18.55.240,18.55.240,“X” definitions.,18,Title 18 Development Code,18.55,https://topeka.municipal.codes/TMC/18.55.240
Section,18.55.250,18.55.250,“Y” definitions.,18,Title 18 Development Code,18.55,https://topeka.municipal.codes/TMC/18.55.250
Section,18.55.260,18.55.260,“Z” definitions.,18,Title 18 Development Code,18.55,https://topeka.municipal.codes/TMC/18.55.260
Chapter,18.60,18.60,Use Tables – Density/Dimensional Standards,18,Title 18 Development Code,,https://topeka.municipal.codes/TMC/18.60
Section,18.60.010,18.60.010,Use tables.,18,Title 18 Development Code,18.60,https://topeka.municipal.codes/TMC/18.60.010
Section,18.60.020,18.60.020,Density/dimensional standards.,18,Title 18 Development Code,18.60,https://topeka.municipal.codes/TMC/18.60.020
Chapter,18.65,18.65,RR-1 Residential Reserve District,18,Title 18 Development Code,,https://topeka.municipal.codes/TMC/18.65
Section,18.65.010,18.65.010,Purpose – Intent.,18,Title 18 Development Code,18.65,https://topeka.municipal.codes/TMC/18.65.010
Section,18.65.030,18.65.030,"Principal, special, and conditional uses.",18,Title 18 Development Code,18.65,https://topeka.municipal.codes/TMC/18.65.030
Section,18.65.040,18.65.040,Density and dimensional requirements.,18,Title 18 Development Code,18.65,https://topeka.municipal.codes/TMC/18.65.040
Section,18.65.050,18.65.050,Other regulations.,18,Title 18 Development Code,18.65,https://topeka.municipal.codes/TMC/18.65.050
Chapter,18.70,18.70,R-1 Single-Family Dwelling District,18,Title 18 Development Code,,https://topeka.municipal.codes/TMC/18.70
Section,18.70.010,18.70.010,Purpose – Intent.,18,Title 18 Development Code,18.70,https://topeka.municipal.codes/TMC/18.70.010
Section,18.70.030,18.70.030,"Principal, special, and conditional uses.",18,Title 18 Development Code,18.70,https://topeka.municipal.codes/TMC/18.70.030
Section,18.70.040,18.70.040,Density and dimensional requirements.,18,Title 18 Development Code,18.70,https://topeka.municipal.codes/TMC/18.70.040
Section,18.70.050,18.70.050,Other regulations.,18,Title 18 Development Code,18.70,https://topeka.municipal.codes/TMC/18.70.050
Chapter,18.75,18.75,R-2 Single-Family Dwelling District,18,Title 18 Development Code,,https://topeka.municipal.codes/TMC/18.75
Section,18.75.010,18.75.010,Purpose – Intent.,18,Title 18 Development Code,18.75,https://topeka.municipal.codes/TMC/18.75.010
Section,18.75.030,18.75.030,"Principal, special, and conditional uses.",18,Title 18 Development Code,18.75,https://topeka.municipal.codes/TMC/18.75.030
Section,18.75.040,18.75.040,Density and dimensional requirements.,18,Title 18 Development Code,18.75,https://topeka.municipal.codes/TMC/18.75.040
Section,18.75.050,18.75.050,Other regulations.,18,Title 18 Development Code,18.75,https://topeka.municipal.codes/TMC/18.75.050
Chapter,18.80,18.80,R-3 Single-Family Dwelling District,18,Title 18 Development Code,,https://topeka.municipal.codes/TMC/18.80
Section,18.80.010,18.80.010,Purpose – Intent.,18,Title 18 Development Code,18.80,https://topeka.municipal.codes/TMC/18.80.010
Section,18.80.030,18.80.030,"Principal, special, and conditional uses.",18,Title 18 Development Code,18.80,https://topeka.municipal.codes/TMC/18.80.030
Section,18.80.040,18.80.040,Density and dimensional requirements.,18,Title 18 Development Code,18.80,https://topeka.municipal.codes/TMC/18.80.040
Section,18.80.050,18.80.050,Other regulations.,18,Title 18 Development Code,18.80,https://topeka.municipal.codes/TMC/18.80.050
Chapter,18.85,18.85,R-4 Manufactured Home District,18,Title 18 Development Code,,https://topeka.municipal.codes/TMC/18.85
Section,18.85.010,18.85.010,Purpose – Intent.,18,Title 18 Development Code,18.85,https://topeka.municipal.codes/TMC/18.85.010
Section,18.85.030,18.85.030,"Principal, special, and conditional uses.",18,Title 18 Development Code,18.85,https://topeka.municipal.codes/TMC/18.85.030
Section,18.85.040,18.85.040,Density and dimensional requirements.,18,Title 18 Development Code,18.85,https://topeka.municipal.codes/TMC/18.85.040
Section,18.85.050,18.85.050,Other regulations.,18,Title 18 Development Code,18.85,https://topeka.municipal.codes/TMC/18.85.050
Chapter,18.90,18.90,M-1 Two-Family Dwelling District,18,Title 18 Development Code,,https://topeka.municipal.codes/TMC/18.90
Section,18.90.010,18.90.010,Purpose – Intent.,18,Title 18 Development Code,18.90,https://topeka.municipal.codes/TMC/18.90.010
Section,18.90.030,18.90.030,"Principal, special, and conditional uses.",18,Title 18 Development Code,18.90,https://topeka.municipal.codes/TMC/18.90.030
Section,18.90.040,18.90.040,Density and dimensional requirements.,18,Title 18 Development Code,18.90,https://topeka.municipal.codes/TMC/18.90.040
Section,18.90.050,18.90.050,Other regulations.,18,Title 18 Development Code,18.90,https://topeka.municipal.codes/TMC/18.90.050
Chapter,18.95,18.95,M-1a Limited Multiple-Family Dwelling District,18,Title 18 Development Code,,https://topeka.municipal.codes/TMC/18.95
Section,18.95.010,18.95.010,Purpose – Intent.,18,Title 18 Development Code,18.95,https://topeka.municipal.codes/TMC/18.95.010
Section,18.95.030,18.95.030,"Principal, special, and conditional uses.",18,Title 18 Development Code,18.95,https://topeka.municipal.codes/TMC/18.95.030
Section,18.95.040,18.95.040,Density and dimensional requirements.,18,Title 18 Development Code,18.95,https://topeka.municipal.codes/TMC/18.95.040
Section,18.95.050,18.95.050,Other regulations.,18,Title 18 Development Code,18.95,https://topeka.municipal.codes/TMC/18.95.050
Chapter,18.100,18.100,M-2 Multiple-Family Dwelling District,18,Title 18 Development Code,,https://topeka.municipal.codes/TMC/18.100
Section,18.100.010,18.100.010,Purpose – Intent.,18,Title 18 Development Code,18.100,https://topeka.municipal.codes/TMC/18.100.010
Section,18.100.030,18.100.030,"Principal, special, and conditional uses.",18,Title 18 Development Code,18.100,https://topeka.municipal.codes/TMC/18.100.030
Section,18.100.040,18.100.040,Density and dimensional requirements.,18,Title 18 Development Code,18.100,https://topeka.municipal.codes/TMC/18.100.040
Section,18.100.050,18.100.050,Other regulations.,18,Title 18 Development Code,18.100,https://topeka.municipal.codes/TMC/18.100.050
Chapter,18.105,18.105,M-3 Multiple-Family Dwelling District,18,Title 18 Development Code,,https://topeka.municipal.codes/TMC/18.105
Section,18.105.010,18.105.010,Purpose – Intent.,18,Title 18 Development Code,18.105,https://topeka.municipal.codes/TMC/18.105.010
Section,18.105.030,18.105.030,"Principal, special, and conditional uses.",18,Title 18 Development Code,18.105,https://topeka.municipal.codes/TMC/18.105.030
Section,18.105.040,18.105.040,Density and dimensional requirements.,18,Title 18 Development Code,18.105,https://topeka.municipal.codes/TMC/18.105.040
Section,18.105.050,18.105.050,Other regulations.,18,Title 18 Development Code,18.105,https://topeka.municipal.codes/TMC/18.105.050
Chapter,18.125,18.125,O&I-1 Office and Institutional District,18,Title 18 Development Code,,https://topeka.municipal.codes/TMC/18.125
Section,18.125.010,18.125.010,Purpose – Intent.,18,Title 18 Development Code,18.125,https://topeka.municipal.codes/TMC/18.125.010
Section,18.125.030,18.125.030,"Principal, special, and conditional uses.",18,Title 18 Development Code,18.125,https://topeka.municipal.codes/TMC/18.125.030
Section,18.125.040,18.125.040,Density and dimensional requirements.,18,Title 18 Development Code,18.125,https://topeka.municipal.codes/TMC/18.125.040
Section,18.125.050,18.125.050,Other regulations.,18,Title 18 Development Code,18.125,https://topeka.municipal.codes/TMC/18.125.050
Chapter,18.130,18.130,O&I-2 Office and Institutional District,18,Title 18 Development Code,,https://topeka.municipal.codes/TMC/18.130
Section,18.130.010,18.130.010,Purpose – Intent.,18,Title 18 Development Code,18.130,https://topeka.municipal.codes/TMC/18.130.010
Section,18.130.030,18.130.030,"Principal, special, and conditional uses.",18,Title 18 Development Code,18.130,https://topeka.municipal.codes/TMC/18.130.030
Section,18.130.040,18.130.040,Density and dimensional requirements.,18,Title 18 Development Code,18.130,https://topeka.municipal.codes/TMC/18.130.040
Section,18.130.050,18.130.050,Other regulations.,18,Title 18 Development Code,18.130,https://topeka.municipal.codes/TMC/18.130.050
Chapter,18.135,18.135,O&I-3 Office and Institutional District,18,Title 18 Development Code,,https://topeka.municipal.codes/TMC/18.135
Section,18.135.010,18.135.010,Purpose – Intent.,18,Title 18 Development Code,18.135,https://topeka.municipal.codes/TMC/18.135.010
Section,18.135.030,18.135.030,"Principal, special, and conditional uses.",18,Title 18 Development Code,18.135,https://topeka.municipal.codes/TMC/18.135.030
Section,18.135.040,18.135.040,Density and dimensional requirements.,18,Title 18 Development Code,18.135,https://topeka.municipal.codes/TMC/18.135.040
Section,18.135.050,18.135.050,Other regulations.,18,Title 18 Development Code,18.135,https://topeka.municipal.codes/TMC/18.135.050
Chapter,18.140,18.140,C-1 Commercial District,18,Title 18 Development Code,,https://topeka.municipal.codes/TMC/18.140
Section,18.140.010,18.140.010,Purpose – Intent.,18,Title 18 Development Code,18.140,https://topeka.municipal.codes/TMC/18.140.010
Section,18.140.030,18.140.030,"Principal, special, and conditional uses.",18,Title 18 Development Code,18.140,https://topeka.municipal.codes/TMC/18.140.030
Section,18.140.050,18.140.050,Density and dimensional requirements.,18,Title 18 Development Code,18.140,https://topeka.municipal.codes/TMC/18.140.050
Section,18.140.060,18.140.060,Other regulations.,18,Title 18 Development Code,18.140,https://topeka.municipal.codes/TMC/18.140.060
Chapter,18.145,18.145,C-2 Commercial District,18,Title 18 Development Code,,https://topeka.municipal.codes/TMC/18.145
Section,18.145.010,18.145.010,Purpose – Intent.,18,Title 18 Development Code,18.145,https://topeka.municipal.codes/TMC/18.145.010
Section,18.145.030,18.145.030,"Principal, special, and conditional uses.",18,Title 18 Development Code,18.145,https://topeka.municipal.codes/TMC/18.145.030
Section,18.145.040,18.145.040,Density and dimensional requirements.,18,Title 18 Development Code,18.145,https://topeka.municipal.codes/TMC/18.145.040
Section,18.145.050,18.145.050,Other regulations.,18,Title 18 Development Code,18.145,https://topeka.municipal.codes/TMC/18.145.050
Chapter,18.150,18.150,C-3 Commercial District,18,Title 18 Development Code,,https://topeka.municipal.codes/TMC/18.150
Section,18.150.010,18.150.010,Purpose – Intent.,18,Title 18 Development Code,18.150,https://topeka.municipal.codes/TMC/18.150.010
Section,18.150.030,18.150.030,"Principal, special, and conditional uses.",18,Title 18 Development Code,18.150,https://topeka.municipal.codes/TMC/18.150.030
Section,18.150.040,18.150.040,Density and dimensional requirements.,18,Title 18 Development Code,18.150,https://topeka.municipal.codes/TMC/18.150.040
Section,18.150.050,18.150.050,Other regulations.,18,Title 18 Development Code,18.150,https://topeka.municipal.codes/TMC/18.150.050
Chapter,18.155,18.155,C-4 Commercial District,18,Title 18 Development Code,,https://topeka.municipal.codes/TMC/18.155
Section,18.155.010,18.155.010,Purpose – Intent.,18,Title 18 Development Code,18.155,https://topeka.municipal.codes/TMC/18.155.010
Section,18.155.030,18.155.030,"Principal, special, and conditional uses.",18,Title 18 Development Code,18.155,https://topeka.municipal.codes/TMC/18.155.030
Section,18.155.040,18.155.040,Density and dimensional requirements.,18,Title 18 Development Code,18.155,https://topeka.municipal.codes/TMC/18.155.040
Section,18.155.050,18.155.050,Other regulations.,18,Title 18 Development Code,18.155,https://topeka.municipal.codes/TMC/18.155.050
Chapter,18.165,18.165,I-1 Light Industrial District,18,Title 18 Development Code,,https://topeka.municipal.codes/TMC/18.165
Section,18.165.010,18.165.010,Purpose – Intent.,18,Title 18 Development Code,18.165,https://topeka.municipal.codes/TMC/18.165.010
Section,18.165.030,18.165.030,"Principal, special, and conditional uses.",18,Title 18 Development Code,18.165,https://topeka.municipal.codes/TMC/18.165.030
Section,18.165.040,18.165.040,Density and dimensional requirements.,18,Title 18 Development Code,18.165,https://topeka.municipal.codes/TMC/18.165.040
Section,18.165.050,18.165.050,Other regulations.,18,Title 18 Development Code,18.165,https://topeka.municipal.codes/TMC/18.165.050
Chapter,18.170,18.170,I-2 Heavy Industrial District,18,Title 18 Development Code,,https://topeka.municipal.codes/TMC/18.170
Section,18.170.010,18.170.010,Purpose – Intent.,18,Title 18 Development Code,18.170,https://topeka.municipal.codes/TMC/18.170.010
Section,18.170.030,18.170.030,"Principal, special, and conditional uses.",18,Title 18 Development Code,18.170,https://topeka.municipal.codes/TMC/18.170.030
Section,18.170.040,18.170.040,Density and dimensional requirements.,18,Title 18 Development Code,18.170,https://topeka.municipal.codes/TMC/18.170.040
Section,18.170.050,18.170.050,Other regulations.,18,Title 18 Development Code,18.170,https://topeka.municipal.codes/TMC/18.170.050
Chapter,18.175,18.175,U-1 University District,18,Title 18 Development Code,,https://topeka.municipal.codes/TMC/18.175
Section,18.175.010,18.175.010,Purpose – Intent.,18,Title 18 Development Code,18.175,https://topeka.municipal.codes/TMC/18.175.010
Section,18.175.030,18.175.030,"Principal, special, and conditional uses.",18,Title 18 Development Code,18.175,https://topeka.municipal.codes/TMC/18.175.030
Section,18.175.040,18.175.040,Density and dimensional requirements.,18,Title 18 Development Code,18.175,https://topeka.municipal.codes/TMC/18.175.040
Section,18.175.050,18.175.050,Other regulations.,18,Title 18 Development Code,18.175,https://topeka.municipal.codes/TMC/18.175.050
Chapter,18.180,18.180,MS-1 Medical Service District,18,Title 18 Development Code,,https://topeka.municipal.codes/TMC/18.180
Section,18.180.010,18.180.010,Purpose – Intent.,18,Title 18 Development Code,18.180,https://topeka.municipal.codes/TMC/18.180.010
Section,18.180.030,18.180.030,"Principal, special, and conditional uses.",18,Title 18 Development Code,18.180,https://topeka.municipal.codes/TMC/18.180.030
Section,18.180.040,18.180.040,Density and dimensional requirements.,18,Title 18 Development Code,18.180,https://topeka.municipal.codes/TMC/18.180.040
Section,18.180.050,18.180.050,Other regulations.,18,Title 18 Development Code,18.180,https://topeka.municipal.codes/TMC/18.180.050
Chapter,18.185,18.185,X Mixed Use Districts,18,Title 18 Development Code,,https://topeka.municipal.codes/TMC/18.185
Section,18.185.010,18.185.010,Purpose and regulations.,18,Title 18 Development Code,18.185,https://topeka.municipal.codes/TMC/18.185.010
Section,18.185.020,18.185.020,Mixed use district classifications.,18,Title 18 Development Code,18.185,https://topeka.municipal.codes/TMC/18.185.020
Section,18.185.030,18.185.030,Applicability of mixed use districts.,18,Title 18 Development Code,18.185,https://topeka.municipal.codes/TMC/18.185.030
Section,18.185.040,18.185.040,"Principal, special, and conditional use regulations for X-1 mixed use district.",18,Title 18 Development Code,18.185,https://topeka.municipal.codes/TMC/18.185.040
Section,18.185.050,18.185.050,"Principal, special, and conditional use regulations for X-2 mixed use district.",18,Title 18 Development Code,18.185,https://topeka.municipal.codes/TMC/18.185.050
Section,18.185.060,18.185.060,"Principal, special, and conditional use regulations for X-3 mixed use district.",18,Title 18 Development Code,18.185,https://topeka.municipal.codes/TMC/18.185.060
Section,18.185.070,18.185.070,Dimensional and performance standards.,18,Title 18 Development Code,18.185,https://topeka.municipal.codes/TMC/18.185.070
Section,18.185.080,18.185.080,Parking.,18,Title 18 Development Code,18.185,https://topeka.municipal.codes/TMC/18.185.080
Section,18.185.090,18.185.090,Additional requirements for mixed use district.,18,Title 18 Development Code,18.185,https://topeka.municipal.codes/TMC/18.185.090
Section,18.185.100,18.185.100,Legal nonconforming uses for the X mixed use districts.,18,Title 18 Development Code,18.185,https://topeka.municipal.codes/TMC/18.185.100
Chapter,18.190,18.190,PUD Planned Unit Development District,18,Title 18 Development Code,,https://topeka.municipal.codes/TMC/18.190
Section,18.190.010,18.190.010,Purpose – Intent.,18,Title 18 Development Code,18.190,https://topeka.municipal.codes/TMC/18.190.010
Section,18.190.020,18.190.020,Regulations generally.,18,Title 18 Development Code,18.190,https://topeka.municipal.codes/TMC/18.190.020
Section,18.190.030,18.190.030,Use regulations.,18,Title 18 Development Code,18.190,https://topeka.municipal.codes/TMC/18.190.030
Section,18.190.040,18.190.040,Requirements and development standards for the planned unit development district.,18,Title 18 Development Code,18.190,https://topeka.municipal.codes/TMC/18.190.040
Section,18.190.050,18.190.050,Procedure for securing approval of a planned development and the establishment of a planned development district.,18,Title 18 Development Code,18.190,https://topeka.municipal.codes/TMC/18.190.050
Section,18.190.060,18.190.060,Planned unit development approval by the Governing Body.,18,Title 18 Development Code,18.190,https://topeka.municipal.codes/TMC/18.190.060
Section,18.190.070,18.190.070,Amendments to planned unit development plans.,18,Title 18 Development Code,18.190,https://topeka.municipal.codes/TMC/18.190.070
Section,18.190.080,18.190.080,Planned unit development plan variance procedures.,18,Title 18 Development Code,18.190,https://topeka.municipal.codes/TMC/18.190.080
Chapter,18.195,18.195,OS-1 Open Space District,18,Title 18 Development Code,,https://topeka.municipal.codes/TMC/18.195
Section,18.195.010,18.195.010,Purpose and regulations.,18,Title 18 Development Code,18.195,https://topeka.municipal.codes/TMC/18.195.010
Section,18.195.020,18.195.020,"Principal, special, and conditional uses.",18,Title 18 Development Code,18.195,https://topeka.municipal.codes/TMC/18.195.020
Chapter,18.200,18.200,D Downtown Districts,18,Title 18 Development Code,,https://topeka.municipal.codes/TMC/18.200
Section,18.200.010,18.200.010,Purpose and regulations.,18,Title 18 Development Code,18.200,https://topeka.municipal.codes/TMC/18.200.010
Section,18.200.020,18.200.020,Downtown district classifications.,18,Title 18 Development Code,18.200,https://topeka.municipal.codes/TMC/18.200.020
Section,18.200.030,18.200.030,"Principal, special and conditional uses.",18,Title 18 Development Code,18.200,https://topeka.municipal.codes/TMC/18.200.030
Section,18.200.060,18.200.060,Dimensional and performance standards.,18,Title 18 Development Code,18.200,https://topeka.municipal.codes/TMC/18.200.060
Section,18.200.070,18.200.070,Parking.,18,Title 18 Development Code,18.200,https://topeka.municipal.codes/TMC/18.200.070
Section,18.200.080,18.200.080,Legal nonconforming uses.,18,Title 18 Development Code,18.200,https://topeka.municipal.codes/TMC/18.200.080
Section,18.200.090,18.200.090,Design standards.,18,Title 18 Development Code,18.200,https://topeka.municipal.codes/TMC/18.200.090
Chapter,18.205,18.205,Forbes Field and Philip Billard Airports Hazard Zoning,18,Title 18 Development Code,,https://topeka.municipal.codes/TMC/18.205
Section,18.205.010,18.205.010,Short title.,18,Title 18 Development Code,18.205,https://topeka.municipal.codes/TMC/18.205.010
Section,18.205.020,18.205.020,Definitions.,18,Title 18 Development Code,18.205,https://topeka.municipal.codes/TMC/18.205.020
Section,18.205.030,18.205.030,Airport zones established.,18,Title 18 Development Code,18.205,https://topeka.municipal.codes/TMC/18.205.030
Section,18.205.040,18.205.040,Airport zone height limitations.,18,Title 18 Development Code,18.205,https://topeka.municipal.codes/TMC/18.205.040
Section,18.205.050,18.205.050,Use restrictions.,18,Title 18 Development Code,18.205,https://topeka.municipal.codes/TMC/18.205.050
Section,18.205.060,18.205.060,Nonconforming uses.,18,Title 18 Development Code,18.205,https://topeka.municipal.codes/TMC/18.205.060
Section,18.205.070,18.205.070,Permits.,18,Title 18 Development Code,18.205,https://topeka.municipal.codes/TMC/18.205.070
Section,18.205.080,18.205.080,Enforcement of chapter.,18,Title 18 Development Code,18.205,https://topeka.municipal.codes/TMC/18.205.080
Section,18.205.090,18.205.090,Penalty for violation of chapter.,18,Title 18 Development Code,18.205,https://topeka.municipal.codes/TMC/18.205.090
Section,18.205.100,18.205.100,Conflicting regulations.,18,Title 18 Development Code,18.205,https://topeka.municipal.codes/TMC/18.205.100
Chapter,18.210,18.210,Accessory Uses,18,Title 18 Development Code,,https://topeka.municipal.codes/TMC/18.210
Section,18.210.010,18.210.010,Accessory uses.,18,Title 18 Development Code,18.210,https://topeka.municipal.codes/TMC/18.210.010
Section,18.210.020,18.210.020,Permitted uses.,18,Title 18 Development Code,18.210,https://topeka.municipal.codes/TMC/18.210.020
Section,18.210.030,18.210.030,Garage sales.,18,Title 18 Development Code,18.210,https://topeka.municipal.codes/TMC/18.210.030
Section,18.210.035,18.210.035,Home occupations.,18,Title 18 Development Code,18.210,https://topeka.municipal.codes/TMC/18.210.035
Section,18.210.040,18.210.040,Fences.,18,Title 18 Development Code,18.210,https://topeka.municipal.codes/TMC/18.210.040
Section,18.210.050,18.210.050,Cargo containers.,18,Title 18 Development Code,18.210,https://topeka.municipal.codes/TMC/18.210.050
Chapter,18.215,18.215,Conditional Use Permits,18,Title 18 Development Code,,https://topeka.municipal.codes/TMC/18.215
Section,18.215.010,18.215.010,Purpose – Procedure.,18,Title 18 Development Code,18.215,https://topeka.municipal.codes/TMC/18.215.010
Section,18.215.020,18.215.020,Application.,18,Title 18 Development Code,18.215,https://topeka.municipal.codes/TMC/18.215.020
Section,18.215.030,18.215.030,Guidelines for evaluation.,18,Title 18 Development Code,18.215,https://topeka.municipal.codes/TMC/18.215.030
Section,18.215.040,18.215.040,Recommendation of Planning Commission.,18,Title 18 Development Code,18.215,https://topeka.municipal.codes/TMC/18.215.040
Section,18.215.050,18.215.050,Failure to commence permitted use.,18,Title 18 Development Code,18.215,https://topeka.municipal.codes/TMC/18.215.050
Section,18.215.060,18.215.060,Revocation.,18,Title 18 Development Code,18.215,https://topeka.municipal.codes/TMC/18.215.060
Section,18.215.070,18.215.070,Amendments.,18,Title 18 Development Code,18.215,https://topeka.municipal.codes/TMC/18.215.070
Chapter,18.220,18.220,Legal Nonconforming Uses,18,Title 18 Development Code,,https://topeka.municipal.codes/TMC/18.220
Section,18.220.010,18.220.010,Purpose – Intent.,18,Title 18 Development Code,18.220,https://topeka.municipal.codes/TMC/18.220.010
Section,18.220.020,18.220.020,Continuance of nonconforming uses.,18,Title 18 Development Code,18.220,https://topeka.municipal.codes/TMC/18.220.020
Section,18.220.030,18.220.030,Destruction of structures.,18,Title 18 Development Code,18.220,https://topeka.municipal.codes/TMC/18.220.030
Section,18.220.040,18.220.040,Use discontinued.,18,Title 18 Development Code,18.220,https://topeka.municipal.codes/TMC/18.220.040
Section,18.220.050,18.220.050,Reconstruction – Alteration – Enlargement.,18,Title 18 Development Code,18.220,https://topeka.municipal.codes/TMC/18.220.050
Chapter,18.225,18.225,Specific Use Requirements,18,Title 18 Development Code,,https://topeka.municipal.codes/TMC/18.225
Section,18.225.010,18.225.010,Special use requirements.,18,Title 18 Development Code,18.225,https://topeka.municipal.codes/TMC/18.225.010
Chapter,18.230,18.230,Dimensional Requirements,18,Title 18 Development Code,,https://topeka.municipal.codes/TMC/18.230
Section,18.230.010,18.230.010,General.,18,Title 18 Development Code,18.230,https://topeka.municipal.codes/TMC/18.230.010
Section,18.230.020,18.230.020,General lot requirements.,18,Title 18 Development Code,18.230,https://topeka.municipal.codes/TMC/18.230.020
Section,18.230.030,18.230.030,General yard requirements.,18,Title 18 Development Code,18.230,https://topeka.municipal.codes/TMC/18.230.030
Section,18.230.040,18.230.040,Permitted encroachments in required yards.,18,Title 18 Development Code,18.230,https://topeka.municipal.codes/TMC/18.230.040
Section,18.230.050,18.230.050,Exceptions to height limitations.,18,Title 18 Development Code,18.230,https://topeka.municipal.codes/TMC/18.230.050
Section,18.230.060,18.230.060,Restrictions on access.,18,Title 18 Development Code,18.230,https://topeka.municipal.codes/TMC/18.230.060
Chapter,18.235,18.235,Landscape Requirements,18,Title 18 Development Code,,https://topeka.municipal.codes/TMC/18.235
Section,18.235.010,18.235.010,Purpose.,18,Title 18 Development Code,18.235,https://topeka.municipal.codes/TMC/18.235.010
Section,18.235.020,18.235.020,Definitions.,18,Title 18 Development Code,18.235,https://topeka.municipal.codes/TMC/18.235.020
Section,18.235.030,18.235.030,Applicability.,18,Title 18 Development Code,18.235,https://topeka.municipal.codes/TMC/18.235.030
Section,18.235.040,18.235.040,Exceptions.,18,Title 18 Development Code,18.235,https://topeka.municipal.codes/TMC/18.235.040
Section,18.235.050,18.235.050,Landscape plans.,18,Title 18 Development Code,18.235,https://topeka.municipal.codes/TMC/18.235.050
Section,18.235.060,18.235.060,Landscape requirements.,18,Title 18 Development Code,18.235,https://topeka.municipal.codes/TMC/18.235.060
Section,18.235.070,18.235.070,Existing trees.,18,Title 18 Development Code,18.235,https://topeka.municipal.codes/TMC/18.235.070
Section,18.235.080,18.235.080,Irrigation system credits.,18,Title 18 Development Code,18.235,https://topeka.municipal.codes/TMC/18.235.080
Section,18.235.090,18.235.090,Stormwater best management practice credits.,18,Title 18 Development Code,18.235,https://topeka.municipal.codes/TMC/18.235.090
Section,18.235.100,18.235.100,Enforcement.,18,Title 18 Development Code,18.235,https://topeka.municipal.codes/TMC/18.235.100
Section,18.235.110,18.235.110,General information.,18,Title 18 Development Code,18.235,https://topeka.municipal.codes/TMC/18.235.110
Section,18.235.120,18.235.120,Size and quality requirements.,18,Title 18 Development Code,18.235,https://topeka.municipal.codes/TMC/18.235.120
Section,18.235.130,18.235.130,Recommended species.,18,Title 18 Development Code,18.235,https://topeka.municipal.codes/TMC/18.235.130
Chapter,18.240,18.240,Off-Street Parking Requirements,18,Title 18 Development Code,,https://topeka.municipal.codes/TMC/18.240
Section,18.240.010,18.240.010,Scope and application.,18,Title 18 Development Code,18.240,https://topeka.municipal.codes/TMC/18.240.010
Section,18.240.020,18.240.020,Off-street parking requirements.,18,Title 18 Development Code,18.240,https://topeka.municipal.codes/TMC/18.240.020
Section,18.240.030,18.240.030,Required number of off-street parking spaces.,18,Title 18 Development Code,18.240,https://topeka.municipal.codes/TMC/18.240.030
Section,18.240.040,18.240.040,Approval of off-street parking facilities.,18,Title 18 Development Code,18.240,https://topeka.municipal.codes/TMC/18.240.040
Chapter,18.245,18.245,Amendments,18,Title 18 Development Code,,https://topeka.municipal.codes/TMC/18.245
Section,18.245.010,18.245.010,Amendments initiated.,18,Title 18 Development Code,18.245,https://topeka.municipal.codes/TMC/18.245.010
Section,18.245.020,18.245.020,Procedure.,18,Title 18 Development Code,18.245,https://topeka.municipal.codes/TMC/18.245.020
Section,18.245.030,18.245.030,Restriction on filing.,18,Title 18 Development Code,18.245,https://topeka.municipal.codes/TMC/18.245.030
Section,18.245.040,18.245.040,Certificate of ownership.,18,Title 18 Development Code,18.245,https://topeka.municipal.codes/TMC/18.245.040
Section,18.245.050,18.245.050,Legal protest.,18,Title 18 Development Code,18.245,https://topeka.municipal.codes/TMC/18.245.050
Section,18.245.060,18.245.060,Building and development permit issuance.,18,Title 18 Development Code,18.245,https://topeka.municipal.codes/TMC/18.245.060
Section,18.245.070,18.245.070,Filing fees.,18,Title 18 Development Code,18.245,https://topeka.municipal.codes/TMC/18.245.070
Chapter,18.250,18.250,Communication Towers,18,Title 18 Development Code,,https://topeka.municipal.codes/TMC/18.250
Section,18.250.010,18.250.010,Statement of purpose.,18,Title 18 Development Code,18.250,https://topeka.municipal.codes/TMC/18.250.010
Section,18.250.020,18.250.020,Regulations.,18,Title 18 Development Code,18.250,https://topeka.municipal.codes/TMC/18.250.020
Chapter,18.255,18.255,Historic Preservation,18,Title 18 Development Code,,https://topeka.municipal.codes/TMC/18.255
Section,18.255.010,18.255.010,Declaration of policy.,18,Title 18 Development Code,18.255,https://topeka.municipal.codes/TMC/18.255.010
Section,18.255.020,18.255.020,Definitions.,18,Title 18 Development Code,18.255,https://topeka.municipal.codes/TMC/18.255.020
Section,18.255.030,18.255.030,Local historic landmark – Local historic district designation.,18,Title 18 Development Code,18.255,https://topeka.municipal.codes/TMC/18.255.030
Section,18.255.040,18.255.040,Historic landmark or local historic district designation criteria.,18,Title 18 Development Code,18.255,https://topeka.municipal.codes/TMC/18.255.040
Section,18.255.060,18.255.060,Local historic landmark or local historic district nomination process.,18,Title 18 Development Code,18.255,https://topeka.municipal.codes/TMC/18.255.060
Section,18.255.070,18.255.070,Local historic landmark or district denomination process.,18,Title 18 Development Code,18.255,https://topeka.municipal.codes/TMC/18.255.070
Section,18.255.090,18.255.090,Design review guidelines.,18,Title 18 Development Code,18.255,https://topeka.municipal.codes/TMC/18.255.090
Section,18.255.110,18.255.110,Certificate of appropriateness review – Minor and major projects – No demolition.,18,Title 18 Development Code,18.255,https://topeka.municipal.codes/TMC/18.255.110
Section,18.255.120,18.255.120,Certificate of appropriateness review – Demolition – Historic landmark and contributing feature.,18,Title 18 Development Code,18.255,https://topeka.municipal.codes/TMC/18.255.120
Section,18.255.150,18.255.150,Penalty.,18,Title 18 Development Code,18.255,https://topeka.municipal.codes/TMC/18.255.150
Section,18.255.160,18.255.160,Concurrent use of Topeka Landmarks Commission by the County Commission.,18,Title 18 Development Code,18.255,https://topeka.municipal.codes/TMC/18.255.160
Section,18.255.170,18.255.170,Continuation of existing designation.,18,Title 18 Development Code,18.255,https://topeka.municipal.codes/TMC/18.255.170
Section,18.255.180,18.255.180,Severability.,18,Title 18 Development Code,18.255,https://topeka.municipal.codes/TMC/18.255.180
Section,18.255.190,18.255.190,Saving clause.,18,Title 18 Development Code,18.255,https://topeka.municipal.codes/TMC/18.255.190
Chapter,18.260,18.260,Site Plan Regulations,18,Title 18 Development Code,,https://topeka.municipal.codes/TMC/18.260
Section,18.260.010,18.260.010,General provisions.,18,Title 18 Development Code,18.260,https://topeka.municipal.codes/TMC/18.260.010
Section,18.260.020,18.260.020,Intent – Purpose.,18,Title 18 Development Code,18.260,https://topeka.municipal.codes/TMC/18.260.020
Section,18.260.030,18.260.030,Applicability.,18,Title 18 Development Code,18.260,https://topeka.municipal.codes/TMC/18.260.030
Section,18.260.040,18.260.040,Procedures for site plan review – Applications.,18,Title 18 Development Code,18.260,https://topeka.municipal.codes/TMC/18.260.040
Section,18.260.050,18.260.050,Contents of site plan.,18,Title 18 Development Code,18.260,https://topeka.municipal.codes/TMC/18.260.050
Section,18.260.060,18.260.060,General performance guidelines.,18,Title 18 Development Code,18.260,https://topeka.municipal.codes/TMC/18.260.060
Chapter,18.265,18.265,Wind Energy,18,Title 18 Development Code,,https://topeka.municipal.codes/TMC/18.265
Section,18.265.010,18.265.010,Statement of purpose.,18,Title 18 Development Code,18.265,https://topeka.municipal.codes/TMC/18.265.010
Section,18.265.020,18.265.020,Definitions.,18,Title 18 Development Code,18.265,https://topeka.municipal.codes/TMC/18.265.020
Section,18.265.030,18.265.030,Standards.,18,Title 18 Development Code,18.265,https://topeka.municipal.codes/TMC/18.265.030
Section,18.265.040,18.265.040,Permit requirements.,18,Title 18 Development Code,18.265,https://topeka.municipal.codes/TMC/18.265.040
Chapter,18.270,18.270,Neighborhood Conservation Districts,18,Title 18 Development Code,,https://topeka.municipal.codes/TMC/18.270
Section,18.270.010,18.270.010,Purpose.,18,Title 18 Development Code,18.270,https://topeka.municipal.codes/TMC/18.270.010
Section,18.270.020,18.270.020,Designation.,18,Title 18 Development Code,18.270,https://topeka.municipal.codes/TMC/18.270.020
Section,18.270.030,18.270.030,Criteria for designation.,18,Title 18 Development Code,18.270,https://topeka.municipal.codes/TMC/18.270.030
Section,18.270.040,18.270.040,Boundaries.,18,Title 18 Development Code,18.270,https://topeka.municipal.codes/TMC/18.270.040
Section,18.270.050,18.270.050,Design standards.,18,Title 18 Development Code,18.270,https://topeka.municipal.codes/TMC/18.270.050
Section,18.270.060,18.270.060,Procedure.,18,Title 18 Development Code,18.270,https://topeka.municipal.codes/TMC/18.270.060
Section,18.270.070,18.270.070,Dissolution.,18,Title 18 Development Code,18.270,https://topeka.municipal.codes/TMC/18.270.070
Section,18.270.080,18.270.080,Administration.,18,Title 18 Development Code,18.270,https://topeka.municipal.codes/TMC/18.270.080
Section,18.270.090,18.270.090,Penalty.,18,Title 18 Development Code,18.270,https://topeka.municipal.codes/TMC/18.270.090
Section,18.270.100,18.270.100,Severability.,18,Title 18 Development Code,18.270,https://topeka.municipal.codes/TMC/18.270.100
Chapter,18.275,18.275,Nonresidential Design Standards,18,Title 18 Development Code,,https://topeka.municipal.codes/TMC/18.275
Section,18.275.010,18.275.010,Purpose – Intent.,18,Title 18 Development Code,18.275,https://topeka.municipal.codes/TMC/18.275.010
Section,18.275.020,18.275.020,Application of design standards.,18,Title 18 Development Code,18.275,https://topeka.municipal.codes/TMC/18.275.020
Section,18.275.030,18.275.030,Exemptions – Alternative compliance.,18,Title 18 Development Code,18.275,https://topeka.municipal.codes/TMC/18.275.030
Section,18.275.040,18.275.040,Design considerations.,18,Title 18 Development Code,18.275,https://topeka.municipal.codes/TMC/18.275.040
Section,18.275.050,18.275.050,"Building design standards – Type A, B, and C nonresidential buildings.",18,Title 18 Development Code,18.275,https://topeka.municipal.codes/TMC/18.275.050
Section,18.275.060,18.275.060,Appeal.,18,Title 18 Development Code,18.275,https://topeka.municipal.codes/TMC/18.275.060
Chapter,18.280,18.280,Monroe School Overlay District (MO),18,Title 18 Development Code,,https://topeka.municipal.codes/TMC/18.280
Section,18.280.010,18.280.010,Purpose.,18,Title 18 Development Code,18.280,https://topeka.municipal.codes/TMC/18.280.010
Section,18.280.020,18.280.020,Boundaries of Monroe School overlay district.,18,Title 18 Development Code,18.280,https://topeka.municipal.codes/TMC/18.280.020
Section,18.280.030,18.280.030,Standards generally.,18,Title 18 Development Code,18.280,https://topeka.municipal.codes/TMC/18.280.030
Section,18.280.040,18.280.040,Use standards.,18,Title 18 Development Code,18.280,https://topeka.municipal.codes/TMC/18.280.040
Section,18.280.050,18.280.050,Dimensional standards.,18,Title 18 Development Code,18.280,https://topeka.municipal.codes/TMC/18.280.050
Appendix,AxA,AxA,Appendix A: Compilation of Charter Ordinances,AxA,Appendix A: Compilation of Charter Ordinances,,https://topeka.municipal.codes/TMC/AxA
Article,AxA_ArtI,AxA Art. I,I In General,AxA,Appendix A: Compilation of Charter Ordinances,,https://topeka.municipal.codes/TMC/AxA_ArtI
Article,AxA_ArtII,AxA Art. II,II Administration (Home Rule Charter),AxA,Appendix A: Compilation of Charter Ordinances,,https://topeka.municipal.codes/TMC/AxA_ArtII
Division,AxA_ArtII_Div1,AxA Art. II Div. 1,Division 1. Form of Government – Powers,AxA,Appendix A: Compilation of Charter Ordinances,,https://topeka.municipal.codes/TMC/AxA_ArtII_Div1
Section,A2-1,A2-1,Sec. A2-1. Statutes made inapplicable.,AxA,Appendix A: Compilation of Charter Ordinances,,https://topeka.municipal.codes/TMC/A2-1
Section,A2-2,A2-2,"Sec. A2-2. Name, boundaries.",AxA,Appendix A: Compilation of Charter Ordinances,,https://topeka.municipal.codes/TMC/A2-2
Section,A2-3,A2-3,Sec. A2-3. General powers.,AxA,Appendix A: Compilation of Charter Ordinances,,https://topeka.municipal.codes/TMC/A2-3
Section,A2-4,A2-4,Sec. A2-4. Form of government.,AxA,Appendix A: Compilation of Charter Ordinances,,https://topeka.municipal.codes/TMC/A2-4
Section,A2-5,A2-5,Sec. A2-5. Succession to rights and liabilities.,AxA,Appendix A: Compilation of Charter Ordinances,,https://topeka.municipal.codes/TMC/A2-5
Section,A2-6,A2-6,Sec. A2-6. Powers of city.,AxA,Appendix A: Compilation of Charter Ordinances,,https://topeka.municipal.codes/TMC/A2-6
Section,A2-7,A2-7,Sec. A2-7 – A2-20. Reserved.,AxA,Appendix A: Compilation of Charter Ordinances,,https://topeka.municipal.codes/TMC/A2-7
Division,AxA_ArtII_Div2,AxA Art. II Div. 2,Division 2. City Council and Mayor,AxA,Appendix A: Compilation of Charter Ordinances,,https://topeka.municipal.codes/TMC/AxA_ArtII_Div2
Section,A2-21,A2-21,Sec. A2-21. Composition and eligibility.,AxA,Appendix A: Compilation of Charter Ordinances,,https://topeka.municipal.codes/TMC/A2-21
Section,A2-21.5,A2-21.5,Sec. A2-21.5. Eligibility for office.,AxA,Appendix A: Compilation of Charter Ordinances,,https://topeka.municipal.codes/TMC/A2-21.5
Section,A2-22,A2-22,Sec. A2-22. Election and terms.,AxA,Appendix A: Compilation of Charter Ordinances,,https://topeka.municipal.codes/TMC/A2-22
Section,A2-23,A2-23,Sec. A2-23. Council districts.,AxA,Appendix A: Compilation of Charter Ordinances,,https://topeka.municipal.codes/TMC/A2-23
Section,A2-24,A2-24,"Sec. A2-24. Mayor – Functions, powers and duties.",AxA,Appendix A: Compilation of Charter Ordinances,,https://topeka.municipal.codes/TMC/A2-24
Section,A2-25,A2-25,Sec. A2-25. Powers of the governing body.,AxA,Appendix A: Compilation of Charter Ordinances,,https://topeka.municipal.codes/TMC/A2-25
Section,A2-26,A2-26,Sec. A2-26. Meetings – Deputy Mayor.,AxA,Appendix A: Compilation of Charter Ordinances,,https://topeka.municipal.codes/TMC/A2-26
Section,A2-27,A2-27,Sec. A2-27. Compensation – Expenses.,AxA,Appendix A: Compilation of Charter Ordinances,,https://topeka.municipal.codes/TMC/A2-27
Section,A2-28,A2-28,Sec. A2-28. Prohibitions.,AxA,Appendix A: Compilation of Charter Ordinances,,https://topeka.municipal.codes/TMC/A2-28
Section,A2-29,A2-29,Sec. A2-29. Vacancies – Forfeiture of office – Filling of vacancies.,AxA,Appendix A: Compilation of Charter Ordinances,,https://topeka.municipal.codes/TMC/A2-29
Section,A2-30,A2-30,Sec. A2-30. Governing body rules of procedure.,AxA,Appendix A: Compilation of Charter Ordinances,,https://topeka.municipal.codes/TMC/A2-30
Section,A2-31,A2-31,Sec. A2-31 – A2-40. Reserved.,AxA,Appendix A: Compilation of Charter Ordinances,,https://topeka.municipal.codes/TMC/A2-31
Division,AxA_ArtII_Div3,AxA Art. II Div. 3,Division 3. City Officers,AxA,Appendix A: Compilation of Charter Ordinances,,https://topeka.municipal.codes/TMC/AxA_ArtII_Div3
Section,A2-41,A2-41,Sec. A2-41. Designation as officers.,AxA,Appendix A: Compilation of Charter Ordinances,,https://topeka.municipal.codes/TMC/A2-41
Section,A2-42,A2-42,Sec. A2-42 – A2-50. Reserved.,AxA,Appendix A: Compilation of Charter Ordinances,,https://topeka.municipal.codes/TMC/A2-42
Division,AxA_ArtII_Div4,AxA Art. II Div. 4,Division 4. City Manager,AxA,Appendix A: Compilation of Charter Ordinances,,https://topeka.municipal.codes/TMC/AxA_ArtII_Div4
Section,A2-51,A2-51,Sec. A2-51. Appointment.,AxA,Appendix A: Compilation of Charter Ordinances,,https://topeka.municipal.codes/TMC/A2-51
Section,A2-52,A2-52,Sec. A2-52. Acting City Manager.,AxA,Appendix A: Compilation of Charter Ordinances,,https://topeka.municipal.codes/TMC/A2-52
Section,A2-53,A2-53,Sec. A2-53. Tenure.,AxA,Appendix A: Compilation of Charter Ordinances,,https://topeka.municipal.codes/TMC/A2-53
Section,A2-54,A2-54,Sec. A2-54. Powers of appointment and removal.,AxA,Appendix A: Compilation of Charter Ordinances,,https://topeka.municipal.codes/TMC/A2-54
Section,A2-55,A2-55,Sec. A2-55. Duties.,AxA,Appendix A: Compilation of Charter Ordinances,,https://topeka.municipal.codes/TMC/A2-55
Section,A2-56,A2-56,Sec. A2-56 – A2-70. Reserved.,AxA,Appendix A: Compilation of Charter Ordinances,,https://topeka.municipal.codes/TMC/A2-56
Division,AxA_ArtII_Div5,AxA Art. II Div. 5,Division 5. Administrative Organization,AxA,Appendix A: Compilation of Charter Ordinances,,https://topeka.municipal.codes/TMC/AxA_ArtII_Div5
Section,A2-71,A2-71,Sec. A2-71. Administrative organization authorized.,AxA,Appendix A: Compilation of Charter Ordinances,,https://topeka.municipal.codes/TMC/A2-71
Section,A2-72,A2-72,Sec. A2-72. Boards and commissions.,AxA,Appendix A: Compilation of Charter Ordinances,,https://topeka.municipal.codes/TMC/A2-72
Section,A2-73,A2-73,Sec. A2-73 – A2-80. Reserved.,AxA,Appendix A: Compilation of Charter Ordinances,,https://topeka.municipal.codes/TMC/A2-73
Division,AxA_ArtII_Div6,AxA Art. II Div. 6,Division 6. Transition Provisions,AxA,Appendix A: Compilation of Charter Ordinances,,https://topeka.municipal.codes/TMC/AxA_ArtII_Div6
Section,A2-81,A2-81,Sec. A2-81. Interim governing body.,AxA,Appendix A: Compilation of Charter Ordinances,,https://topeka.municipal.codes/TMC/A2-81
Section,A2-82,A2-82,Sec. A2-82. Transition to new form.,AxA,Appendix A: Compilation of Charter Ordinances,,https://topeka.municipal.codes/TMC/A2-82
Section,A2-83,A2-83,Sec. A2-83. Schedule of implementation.,AxA,Appendix A: Compilation of Charter Ordinances,,https://topeka.municipal.codes/TMC/A2-83
Section,A2-84,A2-84,Sec. A2-84. Preservation of existing offices.,AxA,Appendix A: Compilation of Charter Ordinances,,https://topeka.municipal.codes/TMC/A2-84
Section,A2-85,A2-85,Sec. A2-85. Preservation of civil service commission.,AxA,Appendix A: Compilation of Charter Ordinances,,https://topeka.municipal.codes/TMC/A2-85
Section,A2-86,A2-86,Sec. A2-86. Preservation of rights and privileges.,AxA,Appendix A: Compilation of Charter Ordinances,,https://topeka.municipal.codes/TMC/A2-86
Section,A2-87,A2-87,Sec. A2-87. Ordinances to remain in effect.,AxA,Appendix A: Compilation of Charter Ordinances,,https://topeka.municipal.codes/TMC/A2-87
Section,A2-88,A2-88,Sec. A2-88. Pending actions and proceedings.,AxA,Appendix A: Compilation of Charter Ordinances,,https://topeka.municipal.codes/TMC/A2-88
Section,A2-89,A2-89,"Sec. A2-89. Continuation of contracts, public improvements, and taxes.",AxA,Appendix A: Compilation of Charter Ordinances,,https://topeka.municipal.codes/TMC/A2-89
Article,AxA_ArtIII,AxA Art. III,III Alcoholic Beverages,AxA,Appendix A: Compilation of Charter Ordinances,,https://topeka.municipal.codes/TMC/AxA_ArtIII
Section,A3-1,A3-1,Sec. A3-1. Reserved.,AxA,Appendix A: Compilation of Charter Ordinances,,https://topeka.municipal.codes/TMC/A3-1
Section,A3-2,A3-2,Sec. A3-2. Reserved.,AxA,Appendix A: Compilation of Charter Ordinances,,https://topeka.municipal.codes/TMC/A3-2
Section,A3-3,A3-3,Sec. A3-3. Reserved.,AxA,Appendix A: Compilation of Charter Ordinances,,https://topeka.municipal.codes/TMC/A3-3
Article,AxA_ArtIV,AxA Art. IV,IV Buildings and Building Regulations,AxA,Appendix A: Compilation of Charter Ordinances,,https://topeka.municipal.codes/TMC/AxA_ArtIV
Division,AxA_ArtIV_Div1,AxA Art. IV Div. 1,Division 1. Generally,AxA,Appendix A: Compilation of Charter Ordinances,,https://topeka.municipal.codes/TMC/AxA_ArtIV_Div1
Section,A4-1,A4-1,Sec. A4-1 – A4-15. Reserved.,AxA,Appendix A: Compilation of Charter Ordinances,,https://topeka.municipal.codes/TMC/A4-1
Division,AxA_ArtIV_Div2,AxA Art. IV Div. 2,Division 2. Plumbing,AxA,Appendix A: Compilation of Charter Ordinances,,https://topeka.municipal.codes/TMC/AxA_ArtIV_Div2
Section,A4-16,A4-16,Sec. A4-16. Public policy.,AxA,Appendix A: Compilation of Charter Ordinances,,https://topeka.municipal.codes/TMC/A4-16
Section,A4-17,A4-17,Sec. A4-17. Powers.,AxA,Appendix A: Compilation of Charter Ordinances,,https://topeka.municipal.codes/TMC/A4-17
Section,A4-18,A4-18,"Sec. A4-18. Ratification of prior regulatory measures, fees and penalties.",AxA,Appendix A: Compilation of Charter Ordinances,,https://topeka.municipal.codes/TMC/A4-18
Section,A4-19,A4-19,Sec. A4-19. Plumbing ordinances continued in effect.,AxA,Appendix A: Compilation of Charter Ordinances,,https://topeka.municipal.codes/TMC/A4-19
Article,AxA_ArtV,AxA Art. V,V Cemeteries,AxA,Appendix A: Compilation of Charter Ordinances,,https://topeka.municipal.codes/TMC/AxA_ArtV
Division,AxA_ArtV_Div1,AxA Art. V Div. 1,Division 1. Generally,AxA,Appendix A: Compilation of Charter Ordinances,,https://topeka.municipal.codes/TMC/AxA_ArtV_Div1
Section,A5-1,A5-1,Sec. A5-1 – A5-15. Reserved.,AxA,Appendix A: Compilation of Charter Ordinances,,https://topeka.municipal.codes/TMC/A5-1
Division,AxA_ArtV_Div2,AxA Art. V Div. 2,Division 2. Abandonment,AxA,Appendix A: Compilation of Charter Ordinances,,https://topeka.municipal.codes/TMC/AxA_ArtV_Div2
Section,A5-16,A5-16,Sec. A5-16 – A5-19. Repealed.,AxA,Appendix A: Compilation of Charter Ordinances,,https://topeka.municipal.codes/TMC/A5-16
Article,AxA_ArtVI,AxA Art. VI,VI Fire Prevention and Protection,AxA,Appendix A: Compilation of Charter Ordinances,,https://topeka.municipal.codes/TMC/AxA_ArtVI
Division,AxA_ArtVI_Div1,AxA Art. VI Div. 1,Division 1. Generally,AxA,Appendix A: Compilation of Charter Ordinances,,https://topeka.municipal.codes/TMC/AxA_ArtVI_Div1
Section,A6-1,A6-1,Sec. A6-1 – A6-15. Reserved.,AxA,Appendix A: Compilation of Charter Ordinances,,https://topeka.municipal.codes/TMC/A6-1
Division,AxA_ArtVI_Div2,AxA Art. VI Div. 2,Division 2. Fire Department,AxA,Appendix A: Compilation of Charter Ordinances,,https://topeka.municipal.codes/TMC/AxA_ArtVI_Div2
Section,A6-16,A6-16,Sec. A6-16. Civil service examination required.,AxA,Appendix A: Compilation of Charter Ordinances,,https://topeka.municipal.codes/TMC/A6-16
Section,A6-17,A6-17,Sec. A6-17. Promotion board.,AxA,Appendix A: Compilation of Charter Ordinances,,https://topeka.municipal.codes/TMC/A6-17
Section,A6-18,A6-18,Sec. A6-18. Reserved.,AxA,Appendix A: Compilation of Charter Ordinances,,https://topeka.municipal.codes/TMC/A6-18
Section,A6-19,A6-19,Sec. A6-19. Eligibility for promotion.,AxA,Appendix A: Compilation of Charter Ordinances,,https://topeka.municipal.codes/TMC/A6-19
Section,A6-20,A6-20,Sec. A6-20. Reserved.,AxA,Appendix A: Compilation of Charter Ordinances,,https://topeka.municipal.codes/TMC/A6-20
Section,A6-21,A6-21,Sec. A6-21. Probation.,AxA,Appendix A: Compilation of Charter Ordinances,,https://topeka.municipal.codes/TMC/A6-21
Section,A6-22,A6-22,Sec. A6-22. Permanent appointment not received.,AxA,Appendix A: Compilation of Charter Ordinances,,https://topeka.municipal.codes/TMC/A6-22
Article,AxA_ArtVII,AxA Art. VII,VII Flood Prevention and Protection,AxA,Appendix A: Compilation of Charter Ordinances,,https://topeka.municipal.codes/TMC/AxA_ArtVII
Section,A7-1,A7-1,Sec. A7-1. Construction of flood control works.,AxA,Appendix A: Compilation of Charter Ordinances,,https://topeka.municipal.codes/TMC/A7-1
Article,AxA_ArtVIII,AxA Art. VIII,VIII Hospitals,AxA,Appendix A: Compilation of Charter Ordinances,,https://topeka.municipal.codes/TMC/AxA_ArtVIII
Section,A8-1,A8-1,Sec. A8-1. Exemption claimed for plans for hospital buildings.,AxA,Appendix A: Compilation of Charter Ordinances,,https://topeka.municipal.codes/TMC/A8-1
Article,AxA_ArtIX,AxA Art. IX,IX Metropolitan Transit,AxA,Appendix A: Compilation of Charter Ordinances,,https://topeka.municipal.codes/TMC/AxA_ArtIX
Division,AxA_ArtIX_Div1,AxA Art. IX Div. 1,Division 1. Generally,AxA,Appendix A: Compilation of Charter Ordinances,,https://topeka.municipal.codes/TMC/AxA_ArtIX_Div1
Section,A9-1,A9-1,Sec. A9-1. Adoption of metropolitan transit authority act.,AxA,Appendix A: Compilation of Charter Ordinances,,https://topeka.municipal.codes/TMC/A9-1
Section,A9-2,A9-2,Sec. A9-2. Levy of tax.,AxA,Appendix A: Compilation of Charter Ordinances,,https://topeka.municipal.codes/TMC/A9-2
Section,A9-3,A9-3,Sec. A9-3 – A9-15. Reserved.,AxA,Appendix A: Compilation of Charter Ordinances,,https://topeka.municipal.codes/TMC/A9-3
Division,AxA_ArtIX_Div2,AxA Art. IX Div. 2,Division 2. Metropolitan Transit Authority,AxA,Appendix A: Compilation of Charter Ordinances,,https://topeka.municipal.codes/TMC/AxA_ArtIX_Div2
Section,A9-16,A9-16,Sec. A9-16. Borrowing authority.,AxA,Appendix A: Compilation of Charter Ordinances,,https://topeka.municipal.codes/TMC/A9-16
Section,A9-17,A9-17,Sec. A9-17. Power to purchase equipment – Agreements.,AxA,Appendix A: Compilation of Charter Ordinances,,https://topeka.municipal.codes/TMC/A9-17
Section,A9-17.5,A9-17.5,Sec. A9-17.5. Letting of certain contract bids.,AxA,Appendix A: Compilation of Charter Ordinances,,https://topeka.municipal.codes/TMC/A9-17.5
Section,A9-18,A9-18,Sec. A9-18. Transit board – Creation – Compensation.,AxA,Appendix A: Compilation of Charter Ordinances,,https://topeka.municipal.codes/TMC/A9-18
Section,A9-18.5,A9-18.5,Sec. A9-18.5. Transit board – Appointment of board – Terms.,AxA,Appendix A: Compilation of Charter Ordinances,,https://topeka.municipal.codes/TMC/A9-18.5
Section,A9-19,A9-19,Sec. A9-19. Same – Organization.,AxA,Appendix A: Compilation of Charter Ordinances,,https://topeka.municipal.codes/TMC/A9-19
Section,A9-20,A9-20,Sec. A9-20. Same – Meetings.,AxA,Appendix A: Compilation of Charter Ordinances,,https://topeka.municipal.codes/TMC/A9-20
Section,A9-21,A9-21,Sec. A9-21. Same – Secretary and treasurer – Bond.,AxA,Appendix A: Compilation of Charter Ordinances,,https://topeka.municipal.codes/TMC/A9-21
Section,A9-22,A9-22,Sec. A9-22. Same – Adoption of rules and regulations – Rates and fares.,AxA,Appendix A: Compilation of Charter Ordinances,,https://topeka.municipal.codes/TMC/A9-22
Section,A9-23,A9-23,Sec. A9-23. Same – Employment of manager.,AxA,Appendix A: Compilation of Charter Ordinances,,https://topeka.municipal.codes/TMC/A9-23
Section,A9-24,A9-24,"Sec. A9-24. Same – Duty to rehabilitate, etc., system – Concomitant fiscal powers.",AxA,Appendix A: Compilation of Charter Ordinances,,https://topeka.municipal.codes/TMC/A9-24
Section,A9-25,A9-25,"Sec. A9-25. Same – Authority to obtain insurance, liability coverage.",AxA,Appendix A: Compilation of Charter Ordinances,,https://topeka.municipal.codes/TMC/A9-25
Section,A9-26,A9-26,Sec. A9-26. Signatures on checks or drafts.,AxA,Appendix A: Compilation of Charter Ordinances,,https://topeka.municipal.codes/TMC/A9-26
Article,AxA_ArtX,AxA Art. X,X Municipal Court,AxA,Appendix A: Compilation of Charter Ordinances,,https://topeka.municipal.codes/TMC/AxA_ArtX
Division,AxA_ArtX_Div1,AxA Art. X Div. 1,Division 1. Generally,AxA,Appendix A: Compilation of Charter Ordinances,,https://topeka.municipal.codes/TMC/AxA_ArtX_Div1
Section,A10-1,A10-1,Sec. A10-1. Jurisdiction of municipal court.,AxA,Appendix A: Compilation of Charter Ordinances,,https://topeka.municipal.codes/TMC/A10-1
Section,A10-2,A10-2,Sec. A10-2. Injunction.,AxA,Appendix A: Compilation of Charter Ordinances,,https://topeka.municipal.codes/TMC/A10-2
Section,A10-3,A10-3,"Sec. A10-3. Injunction, complaint, notice and hearing.",AxA,Appendix A: Compilation of Charter Ordinances,,https://topeka.municipal.codes/TMC/A10-3
Section,A10-4,A10-4,Sec. A10-4. Form and scope of order.,AxA,Appendix A: Compilation of Charter Ordinances,,https://topeka.municipal.codes/TMC/A10-4
Section,A10-5,A10-5,Sec. A10-5. Court costs.,AxA,Appendix A: Compilation of Charter Ordinances,,https://topeka.municipal.codes/TMC/A10-5
Section,A10-6,A10-6,Sec. A10-6. Penalty for disobedience.,AxA,Appendix A: Compilation of Charter Ordinances,,https://topeka.municipal.codes/TMC/A10-6
Section,A10-7,A10-7,Sec. A10-7. Vacating or modifying.,AxA,Appendix A: Compilation of Charter Ordinances,,https://topeka.municipal.codes/TMC/A10-7
Section,A10-8,A10-8,Sec. A10-8. Subpoena – Power to issue.,AxA,Appendix A: Compilation of Charter Ordinances,,https://topeka.municipal.codes/TMC/A10-8
Section,A10-9,A10-9,Sec. A10-9. Subpoena – Form and issuance.,AxA,Appendix A: Compilation of Charter Ordinances,,https://topeka.municipal.codes/TMC/A10-9
Section,A10-10,A10-10,Sec. A10-10. Municipal judge – Absence – Vacancy – Pro tem.,AxA,Appendix A: Compilation of Charter Ordinances,,https://topeka.municipal.codes/TMC/A10-10
Section,A10-11,A10-11,Sec. A10-11 – A10-20. Reserved.,AxA,Appendix A: Compilation of Charter Ordinances,,https://topeka.municipal.codes/TMC/A10-11
Division,AxA_ArtX_Div2,AxA Art. X Div. 2,Division 2. Reserved,AxA,Appendix A: Compilation of Charter Ordinances,,https://topeka.municipal.codes/TMC/AxA_ArtX_Div2
Section,A10-21,A10-21,Sec. A10-21 – A10-28. Reserved.,AxA,Appendix A: Compilation of Charter Ordinances,,https://topeka.municipal.codes/TMC/A10-21
Article,AxA_ArtXI,AxA Art. XI,XI Police,AxA,Appendix A: Compilation of Charter Ordinances,,https://topeka.municipal.codes/TMC/AxA_ArtXI
Article,AxA_ArtXII,AxA Art. XII,XII Public Buildings and Improvements,AxA,Appendix A: Compilation of Charter Ordinances,,https://topeka.municipal.codes/TMC/AxA_ArtXII
Division,AxA_ArtXII_Div1,AxA Art. XII Div. 1,Division 1. Generally,AxA,Appendix A: Compilation of Charter Ordinances,,https://topeka.municipal.codes/TMC/AxA_ArtXII_Div1
Section,A12-1,A12-1,Sec. A12-1. General improvements and land therefor.,AxA,Appendix A: Compilation of Charter Ordinances,,https://topeka.municipal.codes/TMC/A12-1
Section,A12-2,A12-2,Sec. A12-2 – A12-15. Reserved.,AxA,Appendix A: Compilation of Charter Ordinances,,https://topeka.municipal.codes/TMC/A12-2
Division,AxA_ArtXII_Div2,AxA Art. XII Div. 2,Division 2. Sidewalks and Other Improvements,AxA,Appendix A: Compilation of Charter Ordinances,,https://topeka.municipal.codes/TMC/AxA_ArtXII_Div2
Section,A12-16,A12-16,Sec. A12-16. Resolution.,AxA,Appendix A: Compilation of Charter Ordinances,,https://topeka.municipal.codes/TMC/A12-16
Section,A12-17,A12-17,Sec. A12-17. Project budget.,AxA,Appendix A: Compilation of Charter Ordinances,,https://topeka.municipal.codes/TMC/A12-17
Section,A12-18,A12-18,Sec. A12-18. Budget.,AxA,Appendix A: Compilation of Charter Ordinances,,https://topeka.municipal.codes/TMC/A12-18
Section,A12-19,A12-19,Sec. A12-19. Preliminary studies.,AxA,Appendix A: Compilation of Charter Ordinances,,https://topeka.municipal.codes/TMC/A12-19
Section,A12-20,A12-20,Sec. A12-20. Reimbursement of consulting engineers upon abandonment of project.,AxA,Appendix A: Compilation of Charter Ordinances,,https://topeka.municipal.codes/TMC/A12-20
Section,A12-21,A12-21,Sec. A12-21. Cost estimate.,AxA,Appendix A: Compilation of Charter Ordinances,,https://topeka.municipal.codes/TMC/A12-21
Section,A12-22,A12-22,Sec. A12-22. Plans and specifications – Cost.,AxA,Appendix A: Compilation of Charter Ordinances,,https://topeka.municipal.codes/TMC/A12-22
Section,A12-23,A12-23,Sec. A12-23. Levy of special assessments.,AxA,Appendix A: Compilation of Charter Ordinances,,https://topeka.municipal.codes/TMC/A12-23
Section,A12-24,A12-24,Sec. A12-24. Issuance of scrip.,AxA,Appendix A: Compilation of Charter Ordinances,,https://topeka.municipal.codes/TMC/A12-24
Section,A12-25,A12-25,Sec. A12-25. Project budget – Amendment.,AxA,Appendix A: Compilation of Charter Ordinances,,https://topeka.municipal.codes/TMC/A12-25
Section,A12-26,A12-26,Sec. A12-26. Sealed proposals.,AxA,Appendix A: Compilation of Charter Ordinances,,https://topeka.municipal.codes/TMC/A12-26
Section,A12-27,A12-27,Sec. A12-27. Detailed engineer’s estimate of construction cost to be compared with bids.,AxA,Appendix A: Compilation of Charter Ordinances,,https://topeka.municipal.codes/TMC/A12-27
Section,A12-28,A12-28,Sec. A12-28. Reexamination of estimate – Negotiation without bids.,AxA,Appendix A: Compilation of Charter Ordinances,,https://topeka.municipal.codes/TMC/A12-28
Section,A12-29,A12-29,Sec. A12-29. Money to be available prior to commencement of work.,AxA,Appendix A: Compilation of Charter Ordinances,,https://topeka.municipal.codes/TMC/A12-29
Section,A12-30,A12-30,Sec. A12-30. Detailed estimate of cost – Bidding – Money to be available before work commences – Exception for industrial revenue bonds.,AxA,Appendix A: Compilation of Charter Ordinances,,https://topeka.municipal.codes/TMC/A12-30
Section,A12-31,A12-31,Sec. A12-31 – A12-40. Reserved.,AxA,Appendix A: Compilation of Charter Ordinances,,https://topeka.municipal.codes/TMC/A12-31
Division,AxA_ArtXII_Div3,AxA Art. XII Div. 3,Division 3. Public Building Commission,AxA,Appendix A: Compilation of Charter Ordinances,,https://topeka.municipal.codes/TMC/AxA_ArtXII_Div3
Section,A12-41,A12-41,"Sec. A12-41. Public building commission authorized – Revenue bond issues, laws applicable – Resolution, protest petition, election.",AxA,Appendix A: Compilation of Charter Ordinances,,https://topeka.municipal.codes/TMC/A12-41
Article,AxA_ArtXIII,AxA Art. XIII,XIII Retirement,AxA,Appendix A: Compilation of Charter Ordinances,,https://topeka.municipal.codes/TMC/AxA_ArtXIII
Division,AxA_ArtXIII_Div1,AxA Art. XIII Div. 1,Division 1. Generally,AxA,Appendix A: Compilation of Charter Ordinances,,https://topeka.municipal.codes/TMC/AxA_ArtXIII_Div1
Section,A13-1,A13-1,Sec. A13-1 – A13-15. Reserved.,AxA,Appendix A: Compilation of Charter Ordinances,,https://topeka.municipal.codes/TMC/A13-1
Division,AxA_ArtXIII_Div2,AxA Art. XIII Div. 2,Division 2. Police and Fire,AxA,Appendix A: Compilation of Charter Ordinances,,https://topeka.municipal.codes/TMC/AxA_ArtXIII_Div2
Section,A13-16,A13-16,Sec. A13-16. Payments upon retirement or discharge from police or fire department.,AxA,Appendix A: Compilation of Charter Ordinances,,https://topeka.municipal.codes/TMC/A13-16
Article,AxA_ArtXIV,AxA Art. XIV,"XIV Streets, Sidewalks and Other Public Places",AxA,Appendix A: Compilation of Charter Ordinances,,https://topeka.municipal.codes/TMC/AxA_ArtXIV
Section,A14-1,A14-1,Sec. A14-1. Cost estimate for street repairs.,AxA,Appendix A: Compilation of Charter Ordinances,,https://topeka.municipal.codes/TMC/A14-1
Section,A14-2,A14-2,Sec. A14-2. Major traffic streets in the City of Topeka – Resolution – Protests – Election – Temporary notes and bonds – Special assessments and payments by city.,AxA,Appendix A: Compilation of Charter Ordinances,,https://topeka.municipal.codes/TMC/A14-2
Article,AxA_ArtXV,AxA Art. XV,XV Taxation and Finance,AxA,Appendix A: Compilation of Charter Ordinances,,https://topeka.municipal.codes/TMC/AxA_ArtXV
Division,AxA_ArtXV_Div1,AxA Art. XV Div. 1,Division 1. Generally,AxA,Appendix A: Compilation of Charter Ordinances,,https://topeka.municipal.codes/TMC/AxA_ArtXV_Div1
Section,A15-1,A15-1,Sec. A15-1. Limitation on certain tax levies.,AxA,Appendix A: Compilation of Charter Ordinances,,https://topeka.municipal.codes/TMC/A15-1
Section,A15-2,A15-2,Sec. A15-2. General and special improvement levies in lieu of bond issues.,AxA,Appendix A: Compilation of Charter Ordinances,,https://topeka.municipal.codes/TMC/A15-2
Section,A15-3,A15-3,Sec. A15-3. Tax levies exempt from aggregate limitations.,AxA,Appendix A: Compilation of Charter Ordinances,,https://topeka.municipal.codes/TMC/A15-3
Section,A15-4,A15-4,Sec. A15-4 – A15-15. Reserved.,AxA,Appendix A: Compilation of Charter Ordinances,,https://topeka.municipal.codes/TMC/A15-4
Division,AxA_ArtXV_Div2,AxA Art. XV Div. 2,Division 2. Transient Guest Tax,AxA,Appendix A: Compilation of Charter Ordinances,,https://topeka.municipal.codes/TMC/AxA_ArtXV_Div2
Section,A15-16,A15-16,Sec. A15-16. Definitions.,AxA,Appendix A: Compilation of Charter Ordinances,,https://topeka.municipal.codes/TMC/A15-16
Section,A15-17,A15-17,Sec. A15-17. Levied – Amount.,AxA,Appendix A: Compilation of Charter Ordinances,,https://topeka.municipal.codes/TMC/A15-17
Section,A15-18,A15-18,Sec. A15-18. Basis of tax.,AxA,Appendix A: Compilation of Charter Ordinances,,https://topeka.municipal.codes/TMC/A15-18
Section,A15-19,A15-19,Sec. A15-19. Collection and payment.,AxA,Appendix A: Compilation of Charter Ordinances,,https://topeka.municipal.codes/TMC/A15-19
Section,A15-20,A15-20,Sec. A15-20. When tax due and payable – Reporting and recordkeeping requirements.,AxA,Appendix A: Compilation of Charter Ordinances,,https://topeka.municipal.codes/TMC/A15-20
Section,A15-21,A15-21,Sec. A15-21. Examination and inspection of books and records.,AxA,Appendix A: Compilation of Charter Ordinances,,https://topeka.municipal.codes/TMC/A15-21
Section,A15-22,A15-22,"Sec. A15-22. Failure to pay tax, file return – Penalties.",AxA,Appendix A: Compilation of Charter Ordinances,,https://topeka.municipal.codes/TMC/A15-22
Section,A15-23,A15-23,Sec. A15-23. Administration and collection of tax.,AxA,Appendix A: Compilation of Charter Ordinances,,https://topeka.municipal.codes/TMC/A15-23
Section,A15-24,A15-24,Sec. A15-24. Transient guest tax fund established.,AxA,Appendix A: Compilation of Charter Ordinances,,https://topeka.municipal.codes/TMC/A15-24
Section,A15-25,A15-25,Sec. A15-25. Purposes for which moneys in fund may be used.,AxA,Appendix A: Compilation of Charter Ordinances,,https://topeka.municipal.codes/TMC/A15-25
Article,AxA_ArtXVI,AxA Art. XVI,XVI Urban Renewal,AxA,Appendix A: Compilation of Charter Ordinances,,https://topeka.municipal.codes/TMC/AxA_ArtXVI
Section,A16-1,A16-1,"Sec. A16-1. Urban renewal plans – Preparation and approval – Acquisition of real property for urban renewal project, limitation.",AxA,Appendix A: Compilation of Charter Ordinances,,https://topeka.municipal.codes/TMC/A16-1
Article,AxA_ArtXVII,AxA Art. XVII,XVII (Reserved),AxA,Appendix A: Compilation of Charter Ordinances,,https://topeka.municipal.codes/TMC/AxA_ArtXVII
Article,AxA_ArtXVIII,AxA Art. XVIII,XVIII Sewer System,AxA,Appendix A: Compilation of Charter Ordinances,,https://topeka.municipal.codes/TMC/AxA_ArtXVIII
Section,A18-1,A18-1,Sec. A18-1. State law.,AxA,Appendix A: Compilation of Charter Ordinances,,https://topeka.municipal.codes/TMC/A18-1
Section,A18-2,A18-2,Sec. A18-2. Definitions.,AxA,Appendix A: Compilation of Charter Ordinances,,https://topeka.municipal.codes/TMC/A18-2
Section,A18-3,A18-3,Sec. A18-3. Sewer systems – Powers of municipality.,AxA,Appendix A: Compilation of Charter Ordinances,,https://topeka.municipal.codes/TMC/A18-3
Section,A18-4,A18-4,Sec. A18-4. Same – Rules and regulations authorized – Billing and collection of sewer service charges – Discontinuance of water service when.,AxA,Appendix A: Compilation of Charter Ordinances,,https://topeka.municipal.codes/TMC/A18-4
Section,A18-5,A18-5,Sec. A18-5. Issuance of sewer system revenue bonds – Requirements.,AxA,Appendix A: Compilation of Charter Ordinances,,https://topeka.municipal.codes/TMC/A18-5
Section,A18-6,A18-6,Sec. A18-6. Same – Powers supplemental and additional.,AxA,Appendix A: Compilation of Charter Ordinances,,https://topeka.municipal.codes/TMC/A18-6
Appendix,AxOT,AxOT,Charter Comparative Table,AxOT,Charter Comparative Table,,https://topeka.municipal.codes/TMC/AxOT
Appendix,AxB,AxB,Appendix B: Franchises,AxB,Appendix B: Franchises,,https://topeka.municipal.codes/TMC/AxB
Article,AxB_ArtI,AxB Art. I,I Reserved,AxB,Appendix B: Franchises,,https://topeka.municipal.codes/TMC/AxB_ArtI
Article,AxB_ArtII,AxB Art. II,II Reserved,AxB,Appendix B: Franchises,,https://topeka.municipal.codes/TMC/AxB_ArtII
Article,AxB_ArtIII,AxB Art. III,III Southwestern Bell Telephone Company,AxB,Appendix B: Franchises,,https://topeka.municipal.codes/TMC/AxB_ArtIII
Section,AxB_ArtIII_1,AxB Art. III § 1,SECTION 1. DEFINITIONS.,AxB,Appendix B: Franchises,,https://topeka.municipal.codes/TMC/AxB_ArtIII_1
Section,AxB_ArtIII_2,AxB Art. III § 2,SECTION 2. GRANT OF Contract Franchise.,AxB,Appendix B: Franchises,,https://topeka.municipal.codes/TMC/AxB_ArtIII_2
Section,AxB_ArtIII_3,AxB Art. III § 3,SECTION 3. USE OF PUBLIC RIGHT-OF-WAY.,AxB,Appendix B: Franchises,,https://topeka.municipal.codes/TMC/AxB_ArtIII_3
Section,AxB_ArtIII_4,AxB Art. III § 4,SECTION 4. COMPENSATION TO THE CITY.,AxB,Appendix B: Franchises,,https://topeka.municipal.codes/TMC/AxB_ArtIII_4
Section,AxB_ArtIII_5,AxB Art. III § 5,SECTION 5. INDEMNITY AND HOLD HARMLESS.,AxB,Appendix B: Franchises,,https://topeka.municipal.codes/TMC/AxB_ArtIII_5
Section,AxB_ArtIII_6,AxB Art. III § 6,SECTION 6. INSURANCE REQUIREMENT AND PERFORMANCE BOND.,AxB,Appendix B: Franchises,,https://topeka.municipal.codes/TMC/AxB_ArtIII_6
Section,AxB_ArtIII_7,AxB Art. III § 7,SECTION 7. REVOCATION AND TERMINATION.,AxB,Appendix B: Franchises,,https://topeka.municipal.codes/TMC/AxB_ArtIII_7
Section,AxB_ArtIII_8,AxB Art. III § 8,SECTION 8. RESERVATION OF RIGHTS.,AxB,Appendix B: Franchises,,https://topeka.municipal.codes/TMC/AxB_ArtIII_8
Section,AxB_ArtIII_9,AxB Art. III § 9,SECTION 9. FAILURE TO ENFORCE.,AxB,Appendix B: Franchises,,https://topeka.municipal.codes/TMC/AxB_ArtIII_9
Section,AxB_ArtIII_10,AxB Art. III § 10,SECTION 10. TERM AND TERMINATION DATE.,AxB,Appendix B: Franchises,,https://topeka.municipal.codes/TMC/AxB_ArtIII_10
Section,AxB_ArtIII_11,AxB Art. III § 11,SECTION 11. COMPETIVE NEUTRALITY.,AxB,Appendix B: Franchises,,https://topeka.municipal.codes/TMC/AxB_ArtIII_11
Section,AxB_ArtIII_12,AxB Art. III § 12,SECTION 12. POINT OF CONTACT AND NOTICES.,AxB,Appendix B: Franchises,,https://topeka.municipal.codes/TMC/AxB_ArtIII_12
Section,AxB_ArtIII_13,AxB Art. III § 13,SECTION 13. TRANSFER AND ASSIGNMENT.,AxB,Appendix B: Franchises,,https://topeka.municipal.codes/TMC/AxB_ArtIII_13
Section,AxB_ArtIII_14,AxB Art. III § 14,SECTION 14. CONFIDENTIALITY.,AxB,Appendix B: Franchises,,https://topeka.municipal.codes/TMC/AxB_ArtIII_14
Section,AxB_ArtIII_15,AxB Art. III § 15,SECTION 15. ACCEPTANCE OF TERMS.,AxB,Appendix B: Franchises,,https://topeka.municipal.codes/TMC/AxB_ArtIII_15
Section,AxB_ArtIII_16,AxB Art. III § 16,SECTION 16. EFFECTIVE DATE.,AxB,Appendix B: Franchises,,https://topeka.municipal.codes/TMC/AxB_ArtIII_16
Section,AxB_ArtIII_17,AxB Art. III § 17,SECTION 17. PAYMENT OF PUBLICATION COSTS.,AxB,Appendix B: Franchises,,https://topeka.municipal.codes/TMC/AxB_ArtIII_17
Section,AxB_ArtIII_18,AxB Art. III § 18,SECTION 18. SEVERABILITY.,AxB,Appendix B: Franchises,,https://topeka.municipal.codes/TMC/AxB_ArtIII_18
Section,AxB_ArtIII_19,AxB Art. III § 19,SECTION 19. FORCE MAJEURE.,AxB,Appendix B: Franchises,,https://topeka.municipal.codes/TMC/AxB_ArtIII_19
Section,AxB_ArtIII_20,AxB Art. III § 20,SECTION 20. REPEAL.,AxB,Appendix B: Franchises,,https://topeka.municipal.codes/TMC/AxB_ArtIII_20
Article,AxB_ArtIV,AxB Art. IV,IV Reserved,AxB,Appendix B: Franchises,,https://topeka.municipal.codes/TMC/AxB_ArtIV
Article,AxB_ArtV,AxB Art. V,"V Kaw Valley Electric Cooperative Company, Inc.",AxB,Appendix B: Franchises,,https://topeka.municipal.codes/TMC/AxB_ArtV
Section,AxB_ArtV_1,AxB Art. V § 1,Section 1. Definitions.,AxB,Appendix B: Franchises,,https://topeka.municipal.codes/TMC/AxB_ArtV_1
Section,AxB_ArtV_2,AxB Art. V § 2,Section 2. Grant.,AxB,Appendix B: Franchises,,https://topeka.municipal.codes/TMC/AxB_ArtV_2
Section,AxB_ArtV_3,AxB Art. V § 3,Section 3. Term.,AxB,Appendix B: Franchises,,https://topeka.municipal.codes/TMC/AxB_ArtV_3
Section,AxB_ArtV_4,AxB Art. V § 4,Section 4. Compensation to the City.,AxB,Appendix B: Franchises,,https://topeka.municipal.codes/TMC/AxB_ArtV_4
Section,AxB_ArtV_5,AxB Art. V § 5,Section 5. Payment and charges.,AxB,Appendix B: Franchises,,https://topeka.municipal.codes/TMC/AxB_ArtV_5
Section,AxB_ArtV_6,AxB Art. V § 6,Section 6. Use of Right-of-Way.,AxB,Appendix B: Franchises,,https://topeka.municipal.codes/TMC/AxB_ArtV_6
Section,AxB_ArtV_7,AxB Art. V § 7,Section 7. Indemnity and hold harmless.,AxB,Appendix B: Franchises,,https://topeka.municipal.codes/TMC/AxB_ArtV_7
Section,AxB_ArtV_8,AxB Art. V § 8,Section 8. Right of assignment.,AxB,Appendix B: Franchises,,https://topeka.municipal.codes/TMC/AxB_ArtV_8
Section,AxB_ArtV_9,AxB Art. V § 9,Section 9. Termination of Franchise for breach.,AxB,Appendix B: Franchises,,https://topeka.municipal.codes/TMC/AxB_ArtV_9
Section,AxB_ArtV_10,AxB Art. V § 10,Section 10. Rights and duties of Company upon termination of Franchise.,AxB,Appendix B: Franchises,,https://topeka.municipal.codes/TMC/AxB_ArtV_10
Section,AxB_ArtV_11,AxB Art. V § 11,Section 11. Acceptance of Franchise.,AxB,Appendix B: Franchises,,https://topeka.municipal.codes/TMC/AxB_ArtV_11
Section,AxB_ArtV_12,AxB Art. V § 12,Section 12. Conditions of Franchise.,AxB,Appendix B: Franchises,,https://topeka.municipal.codes/TMC/AxB_ArtV_12
Article,AxB_ArtVI,AxB Art. VI,VI Metropolitan Transit Authority,AxB,Appendix B: Franchises,,https://topeka.municipal.codes/TMC/AxB_ArtVI
Section,AxB_ArtVI_1,AxB Art. VI § 1,Section 1. Franchise grant.,AxB,Appendix B: Franchises,,https://topeka.municipal.codes/TMC/AxB_ArtVI_1
Section,AxB_ArtVI_2,AxB Art. VI § 2,Section 2. Bus routes – Filed with City Clerk.,AxB,Appendix B: Franchises,,https://topeka.municipal.codes/TMC/AxB_ArtVI_2
Section,AxB_ArtVI_3,AxB Art. VI § 3,Section 3. Rates – File with City Clerk.,AxB,Appendix B: Franchises,,https://topeka.municipal.codes/TMC/AxB_ArtVI_3
Section,AxB_ArtVI_4,AxB Art. VI § 4,Section 4. Hold harmless.,AxB,Appendix B: Franchises,,https://topeka.municipal.codes/TMC/AxB_ArtVI_4
Section,AxB_ArtVI_5,AxB Art. VI § 5,Section 5. Acceptance.,AxB,Appendix B: Franchises,,https://topeka.municipal.codes/TMC/AxB_ArtVI_5
Section,AxB_ArtVI_6,AxB Art. VI § 6,Section 6. Termination.,AxB,Appendix B: Franchises,,https://topeka.municipal.codes/TMC/AxB_ArtVI_6
Section,AxB_ArtVI_7,AxB Art. VI § 7,Section 7. Repeal.,AxB,Appendix B: Franchises,,https://topeka.municipal.codes/TMC/AxB_ArtVI_7
Section,AxB_ArtVI_8,AxB Art. VI § 8,Section 8. Effective date.,AxB,Appendix B: Franchises,,https://topeka.municipal.codes/TMC/AxB_ArtVI_8
Article,AxB_ArtVII,AxB Art. VII,VII Reserved,AxB,Appendix B: Franchises,,https://topeka.municipal.codes/TMC/AxB_ArtVII
Article,AxB_ArtVIII,AxB Art. VIII,VIII Reserved,AxB,Appendix B: Franchises,,https://topeka.municipal.codes/TMC/AxB_ArtVIII
Article,AxB_ArtIX,AxB Art. IX,IX Reserved,AxB,Appendix B: Franchises,,https://topeka.municipal.codes/TMC/AxB_ArtIX
Article,AxB_ArtX,AxB Art. X,"X TECHS, Inc.",AxB,Appendix B: Franchises,,https://topeka.municipal.codes/TMC/AxB_ArtX
Section,AxB_ArtX_1,AxB Art. X § 1,Section 1. Authority.,AxB,Appendix B: Franchises,,https://topeka.municipal.codes/TMC/AxB_ArtX_1
Section,AxB_ArtX_2,AxB Art. X § 2,Section 2. Satisfactory qualifications.,AxB,Appendix B: Franchises,,https://topeka.municipal.codes/TMC/AxB_ArtX_2
Section,AxB_ArtX_3,AxB Art. X § 3,Section 3. Service.,AxB,Appendix B: Franchises,,https://topeka.municipal.codes/TMC/AxB_ArtX_3
Section,AxB_ArtX_4,AxB Art. X § 4,Section 4. Franchise grant.,AxB,Appendix B: Franchises,,https://topeka.municipal.codes/TMC/AxB_ArtX_4
Section,AxB_ArtX_5,AxB Art. X § 5,Section 5. Payments to the City.,AxB,Appendix B: Franchises,,https://topeka.municipal.codes/TMC/AxB_ArtX_5
Section,AxB_ArtX_6,AxB Art. X § 6,Section 6. Reporting.,AxB,Appendix B: Franchises,,https://topeka.municipal.codes/TMC/AxB_ArtX_6
Section,AxB_ArtX_7,AxB Art. X § 7,Section 7. Insurance.,AxB,Appendix B: Franchises,,https://topeka.municipal.codes/TMC/AxB_ArtX_7
Section,AxB_ArtX_8,AxB Art. X § 8,Section 8. Acceptance by TECHS.,AxB,Appendix B: Franchises,,https://topeka.municipal.codes/TMC/AxB_ArtX_8
Section,AxB_ArtX_9,AxB Art. X § 9,Section 9. Remedies of City.,AxB,Appendix B: Franchises,,https://topeka.municipal.codes/TMC/AxB_ArtX_9
Section,AxB_ArtX_10,AxB Art. X § 10,Section 10. Forfeiture.,AxB,Appendix B: Franchises,,https://topeka.municipal.codes/TMC/AxB_ArtX_10
Section,AxB_ArtX_11,AxB Art. X § 11,Section 11. Surrender.,AxB,Appendix B: Franchises,,https://topeka.municipal.codes/TMC/AxB_ArtX_11
Section,AxB_ArtX_12,AxB Art. X § 12,Section 12. Transfer.,AxB,Appendix B: Franchises,,https://topeka.municipal.codes/TMC/AxB_ArtX_12
Section,AxB_ArtX_13,AxB Art. X § 13,Section 13. Hold harmless.,AxB,Appendix B: Franchises,,https://topeka.municipal.codes/TMC/AxB_ArtX_13
Section,AxB_ArtX_14,AxB Art. X § 14,Section 14. Severability.,AxB,Appendix B: Franchises,,https://topeka.municipal.codes/TMC/AxB_ArtX_14
Section,AxB_ArtX_15,AxB Art. X § 15,Section 15. Effective date.,AxB,Appendix B: Franchises,,https://topeka.municipal.codes/TMC/AxB_ArtX_15
Article,AxB_ArtXI,AxB Art. XI,"XI Medevac MidAmerica, Inc., Doing Business as American Medical Response",AxB,Appendix B: Franchises,,https://topeka.municipal.codes/TMC/AxB_ArtXI
Section,AxB_ArtXI_1,AxB Art. XI § 1,Section 1. Authority.,AxB,Appendix B: Franchises,,https://topeka.municipal.codes/TMC/AxB_ArtXI_1
Section,AxB_ArtXI_2,AxB Art. XI § 2,Section 2. Satisfactory qualifications.,AxB,Appendix B: Franchises,,https://topeka.municipal.codes/TMC/AxB_ArtXI_2
Section,AxB_ArtXI_3,AxB Art. XI § 3,Section 3. Service.,AxB,Appendix B: Franchises,,https://topeka.municipal.codes/TMC/AxB_ArtXI_3
Section,AxB_ArtXI_4,AxB Art. XI § 4,Section 4. Franchise grant.,AxB,Appendix B: Franchises,,https://topeka.municipal.codes/TMC/AxB_ArtXI_4
Section,AxB_ArtXI_5,AxB Art. XI § 5,Section 5. Payments to the City.,AxB,Appendix B: Franchises,,https://topeka.municipal.codes/TMC/AxB_ArtXI_5
Section,AxB_ArtXI_6,AxB Art. XI § 6,Section 6. Other AMR responsibilities.,AxB,Appendix B: Franchises,,https://topeka.municipal.codes/TMC/AxB_ArtXI_6
Section,AxB_ArtXI_7,AxB Art. XI § 7,Section 7. Insurance.,AxB,Appendix B: Franchises,,https://topeka.municipal.codes/TMC/AxB_ArtXI_7
Section,AxB_ArtXI_8,AxB Art. XI § 8,Section 8. Acceptance by AMR.,AxB,Appendix B: Franchises,,https://topeka.municipal.codes/TMC/AxB_ArtXI_8
Section,AxB_ArtXI_9,AxB Art. XI § 9,Section 9. Remedies of City.,AxB,Appendix B: Franchises,,https://topeka.municipal.codes/TMC/AxB_ArtXI_9
Section,AxB_ArtXI_10,AxB Art. XI § 10,Section 10. Forfeiture.,AxB,Appendix B: Franchises,,https://topeka.municipal.codes/TMC/AxB_ArtXI_10
Section,AxB_ArtXI_11,AxB Art. XI § 11,Section 11. Surrender.,AxB,Appendix B: Franchises,,https://topeka.municipal.codes/TMC/AxB_ArtXI_11
Section,AxB_ArtXI_12,AxB Art. XI § 12,Section 12. Transfer.,AxB,Appendix B: Franchises,,https://topeka.municipal.codes/TMC/AxB_ArtXI_12
Section,AxB_ArtXI_13,AxB Art. XI § 13,Section 13. Hold harmless.,AxB,Appendix B: Franchises,,https://topeka.municipal.codes/TMC/AxB_ArtXI_13
Section,AxB_ArtXI_14,AxB Art. XI § 14,Section 14. Re-openers.,AxB,Appendix B: Franchises,,https://topeka.municipal.codes/TMC/AxB_ArtXI_14
Section,AxB_ArtXI_15,AxB Art. XI § 15,Section 15. Effective date.,AxB,Appendix B: Franchises,,https://topeka.municipal.codes/TMC/AxB_ArtXI_15
Article,AxB_ArtXII,AxB Art. XII,"XII Event Medical Solutions Unlimited, LLC",AxB,Appendix B: Franchises,,https://topeka.municipal.codes/TMC/AxB_ArtXII
Section,AxB_ArtXII_1,AxB Art. XII § 1,Section 1. Authority.,AxB,Appendix B: Franchises,,https://topeka.municipal.codes/TMC/AxB_ArtXII_1
Section,AxB_ArtXII_2,AxB Art. XII § 2,Section 2. Satisfactory qualifications.,AxB,Appendix B: Franchises,,https://topeka.municipal.codes/TMC/AxB_ArtXII_2
Section,AxB_ArtXII_3,AxB Art. XII § 3,Section 3. Service.,AxB,Appendix B: Franchises,,https://topeka.municipal.codes/TMC/AxB_ArtXII_3
Section,AxB_ArtXII_4,AxB Art. XII § 4,Section 4. Franchise grant.,AxB,Appendix B: Franchises,,https://topeka.municipal.codes/TMC/AxB_ArtXII_4
Section,AxB_ArtXII_5,AxB Art. XII § 5,Section 5. Payments to the City.,AxB,Appendix B: Franchises,,https://topeka.municipal.codes/TMC/AxB_ArtXII_5
Section,AxB_ArtXII_6,AxB Art. XII § 6,Section 6. Reporting.,AxB,Appendix B: Franchises,,https://topeka.municipal.codes/TMC/AxB_ArtXII_6
Section,AxB_ArtXII_7,AxB Art. XII § 7,Section 7. Insurance.,AxB,Appendix B: Franchises,,https://topeka.municipal.codes/TMC/AxB_ArtXII_7
Section,AxB_ArtXII_8,AxB Art. XII § 8,Section 8. Acceptance by EMS.,AxB,Appendix B: Franchises,,https://topeka.municipal.codes/TMC/AxB_ArtXII_8
Section,AxB_ArtXII_9,AxB Art. XII § 9,Section 9. Remedies of City.,AxB,Appendix B: Franchises,,https://topeka.municipal.codes/TMC/AxB_ArtXII_9
Section,AxB_ArtXII_10,AxB Art. XII § 10,Section 10. Forfeiture.,AxB,Appendix B: Franchises,,https://topeka.municipal.codes/TMC/AxB_ArtXII_10
Section,AxB_ArtXII_11,AxB Art. XII § 11,Section 11. Surrender.,AxB,Appendix B: Franchises,,https://topeka.municipal.codes/TMC/AxB_ArtXII_11
Section,AxB_ArtXII_12,AxB Art. XII § 12,Section 12. Transfer.,AxB,Appendix B: Franchises,,https://topeka.municipal.codes/TMC/AxB_ArtXII_12
Section,AxB_ArtXII_13,AxB Art. XII § 13,Section 13. Hold harmless.,AxB,Appendix B: Franchises,,https://topeka.municipal.codes/TMC/AxB_ArtXII_13
Section,AxB_ArtXII_14,AxB Art. XII § 14,Section 14. Severability.,AxB,Appendix B: Franchises,,https://topeka.municipal.codes/TMC/AxB_ArtXII_14
Section,AxB_ArtXII_15,AxB Art. XII § 15,Section 15. Effective date.,AxB,Appendix B: Franchises,,https://topeka.municipal.codes/TMC/AxB_ArtXII_15
Article,AxB_ArtXIII,AxB Art. XIII,XIII Kansas Gas Service,AxB,Appendix B: Franchises,,https://topeka.municipal.codes/TMC/AxB_ArtXIII
Section,AxB_ArtXIII_1,AxB Art. XIII § 1,Division 1. In General,AxB,Appendix B: Franchises,,https://topeka.municipal.codes/TMC/AxB_ArtXIII_1
Subsection,AxB_ArtXIII_1_1,AxB Art. XIII § 1 § 1,Section 1. Definitions,AxB,Appendix B: Franchises,,https://topeka.municipal.codes/TMC/AxB_ArtXIII_1_1
Subsection,AxB_ArtXIII_1_2,AxB Art. XIII § 1 § 2,Section 2. Grant of non-exclusive franchise,AxB,Appendix B: Franchises,,https://topeka.municipal.codes/TMC/AxB_ArtXIII_1_2
Subsection,AxB_ArtXIII_1_3,AxB Art. XIII § 1 § 3,Section 3. Franchise fee,AxB,Appendix B: Franchises,,https://topeka.municipal.codes/TMC/AxB_ArtXIII_1_3
Subsection,AxB_ArtXIII_1_4,AxB Art. XIII § 1 § 4,Section 4. Use of public right-of-way,AxB,Appendix B: Franchises,,https://topeka.municipal.codes/TMC/AxB_ArtXIII_1_4
Subsection,AxB_ArtXIII_1_5,AxB Art. XIII § 1 § 5,Section 5. Notice of work and duty to repair,AxB,Appendix B: Franchises,,https://topeka.municipal.codes/TMC/AxB_ArtXIII_1_5
Subsection,AxB_ArtXIII_1_6,AxB Art. XIII § 1 § 6,Section 6. Indemnity and hold harmless,AxB,Appendix B: Franchises,,https://topeka.municipal.codes/TMC/AxB_ArtXIII_1_6
Subsection,AxB_ArtXIII_1_7,AxB Art. XIII § 1 § 7,Section 7. Rules and regulations,AxB,Appendix B: Franchises,,https://topeka.municipal.codes/TMC/AxB_ArtXIII_1_7
Subsection,AxB_ArtXIII_1_8,AxB Art. XIII § 1 § 8,Section 8. Revocation and termination,AxB,Appendix B: Franchises,,https://topeka.municipal.codes/TMC/AxB_ArtXIII_1_8
Subsection,AxB_ArtXIII_1_9,AxB Art. XIII § 1 § 9,Section 9. Reservation of rights,AxB,Appendix B: Franchises,,https://topeka.municipal.codes/TMC/AxB_ArtXIII_1_9
Subsection,AxB_ArtXIII_1_10,AxB Art. XIII § 1 § 10,Section 10. Acceptance of terms,AxB,Appendix B: Franchises,,https://topeka.municipal.codes/TMC/AxB_ArtXIII_1_10
Subsection,AxB_ArtXIII_1_11,AxB Art. XIII § 1 § 11,Section 11. Reopener provision,AxB,Appendix B: Franchises,,https://topeka.municipal.codes/TMC/AxB_ArtXIII_1_11
Subsection,AxB_ArtXIII_1_12,AxB Art. XIII § 1 § 12,Section 12. Notice of annexation,AxB,Appendix B: Franchises,,https://topeka.municipal.codes/TMC/AxB_ArtXIII_1_12
Subsection,AxB_ArtXIII_1_13,AxB Art. XIII § 1 § 13,Section 13. Relevant law,AxB,Appendix B: Franchises,,https://topeka.municipal.codes/TMC/AxB_ArtXIII_1_13
Subsection,AxB_ArtXIII_1_14,AxB Art. XIII § 1 § 14,Section 14. Transfer and assignment,AxB,Appendix B: Franchises,,https://topeka.municipal.codes/TMC/AxB_ArtXIII_1_14
Subsection,AxB_ArtXIII_1_15,AxB Art. XIII § 1 § 15,Section 15. Point of contact and notices,AxB,Appendix B: Franchises,,https://topeka.municipal.codes/TMC/AxB_ArtXIII_1_15
Subsection,AxB_ArtXIII_1_16,AxB Art. XIII § 1 § 16,Section 16. Agreement to renegotiate,AxB,Appendix B: Franchises,,https://topeka.municipal.codes/TMC/AxB_ArtXIII_1_16
Section,AxB_ArtXIII_2,AxB Art. XIII § 2,"Division 2. Transportation, Distribution and Sale of Natural Gas or Other Energy Through Pipelines or Distribution Systems",AxB,Appendix B: Franchises,,https://topeka.municipal.codes/TMC/AxB_ArtXIII_2
Subsection,AxB_ArtXIII_2_1,AxB Art. XIII § 2 § 1,Section 1. Definitions.,AxB,Appendix B: Franchises,,https://topeka.municipal.codes/TMC/AxB_ArtXIII_2_1
Subsection,AxB_ArtXIII_2_2,AxB Art. XIII § 2 § 2,Section 2. Application of ordinance.,AxB,Appendix B: Franchises,,https://topeka.municipal.codes/TMC/AxB_ArtXIII_2_2
Subsection,AxB_ArtXIII_2_3,AxB Art. XIII § 2 § 3,Section 3. Franchise required.,AxB,Appendix B: Franchises,,https://topeka.municipal.codes/TMC/AxB_ArtXIII_2_3
Subsection,AxB_ArtXIII_2_4,AxB Art. XIII § 2 § 4,Section 4. Calculation of fees.,AxB,Appendix B: Franchises,,https://topeka.municipal.codes/TMC/AxB_ArtXIII_2_4
Subsection,AxB_ArtXIII_2_5,AxB Art. XIII § 2 § 5,Section 5. Adjustment of volumetric rate.,AxB,Appendix B: Franchises,,https://topeka.municipal.codes/TMC/AxB_ArtXIII_2_5
Subsection,AxB_ArtXIII_2_6,AxB Art. XIII § 2 § 6,Section 6. Reporting and collection provisions.,AxB,Appendix B: Franchises,,https://topeka.municipal.codes/TMC/AxB_ArtXIII_2_6
Subsection,AxB_ArtXIII_2_7,AxB Art. XIII § 2 § 7,Section 7. Times.,AxB,Appendix B: Franchises,,https://topeka.municipal.codes/TMC/AxB_ArtXIII_2_7
Subsection,AxB_ArtXIII_2_8,AxB Art. XIII § 2 § 8,Section 8. Violations.,AxB,Appendix B: Franchises,,https://topeka.municipal.codes/TMC/AxB_ArtXIII_2_8
Subsection,AxB_ArtXIII_2_9,AxB Art. XIII § 2 § 9,Section 9. Penalties.,AxB,Appendix B: Franchises,,https://topeka.municipal.codes/TMC/AxB_ArtXIII_2_9
Subsection,AxB_ArtXIII_2_10,AxB Art. XIII § 2 § 10,Section 10. Savings clause.,AxB,Appendix B: Franchises,,https://topeka.municipal.codes/TMC/AxB_ArtXIII_2_10
Subsection,AxB_ArtXIII_2_11,AxB Art. XIII § 2 § 11,Section 11. Effective date of ordinance.,AxB,Appendix B: Franchises,,https://topeka.municipal.codes/TMC/AxB_ArtXIII_2_11
Article,AxB_ArtXIV,AxB Art. XIV,"XIV Westar Energy, Inc.",AxB,Appendix B: Franchises,,https://topeka.municipal.codes/TMC/AxB_ArtXIV
Section,AxB_ArtXIV_1,AxB Art. XIV § 1,Section 1. Definitions.,AxB,Appendix B: Franchises,,https://topeka.municipal.codes/TMC/AxB_ArtXIV_1
Section,AxB_ArtXIV_2,AxB Art. XIV § 2,Section 2. Grant.,AxB,Appendix B: Franchises,,https://topeka.municipal.codes/TMC/AxB_ArtXIV_2
Section,AxB_ArtXIV_3,AxB Art. XIV § 3,Section 3. Term.,AxB,Appendix B: Franchises,,https://topeka.municipal.codes/TMC/AxB_ArtXIV_3
Section,AxB_ArtXIV_4,AxB Art. XIV § 4,Section 4. Compensation to the City.,AxB,Appendix B: Franchises,,https://topeka.municipal.codes/TMC/AxB_ArtXIV_4
Section,AxB_ArtXIV_5,AxB Art. XIV § 5,"Section 5. Payment, charges, and permits.",AxB,Appendix B: Franchises,,https://topeka.municipal.codes/TMC/AxB_ArtXIV_5
Section,AxB_ArtXIV_6,AxB Art. XIV § 6,Section 6. Use of Right-of-Way.,AxB,Appendix B: Franchises,,https://topeka.municipal.codes/TMC/AxB_ArtXIV_6
Section,AxB_ArtXIV_7,AxB Art. XIV § 7,Section 7. Indemnity and hold harmless.,AxB,Appendix B: Franchises,,https://topeka.municipal.codes/TMC/AxB_ArtXIV_7
Section,AxB_ArtXIV_8,AxB Art. XIV § 8,Section 8. Right of assignment.,AxB,Appendix B: Franchises,,https://topeka.municipal.codes/TMC/AxB_ArtXIV_8
Section,AxB_ArtXIV_9,AxB Art. XIV § 9,Section 9. Termination and forfeiture of Franchise.,AxB,Appendix B: Franchises,,https://topeka.municipal.codes/TMC/AxB_ArtXIV_9
Section,AxB_ArtXIV_10,AxB Art. XIV § 10,Section 10. Rights and duties of Company upon termination of Franchise.,AxB,Appendix B: Franchises,,https://topeka.municipal.codes/TMC/AxB_ArtXIV_10
Section,AxB_ArtXIV_11,AxB Art. XIV § 11,Section 11. Acceptance of terms by Company.,AxB,Appendix B: Franchises,,https://topeka.municipal.codes/TMC/AxB_ArtXIV_11
Section,AxB_ArtXIV_12,AxB Art. XIV § 12,Section 12. Conditions of Franchise.,AxB,Appendix B: Franchises,,https://topeka.municipal.codes/TMC/AxB_ArtXIV_12
Section,AxB_ArtXIV_13,AxB Art. XIV § 13,Section 13. Invalidity of Ordinance.,AxB,Appendix B: Franchises,,https://topeka.municipal.codes/TMC/AxB_ArtXIV_13
Section,AxB_ArtXIV_14,AxB Art. XIV § 14,Section 14. Effective date of Ordinance.,AxB,Appendix B: Franchises,,https://topeka.municipal.codes/TMC/AxB_ArtXIV_14
Section,AxB_ArtXIV_15,AxB Art. XIV § 15,Section 15. Repeal of conflicting ordinances.,AxB,Appendix B: Franchises,,https://topeka.municipal.codes/TMC/AxB_ArtXIV_15
Article,AxB_ArtXV,AxB Art. XV,"XV CenturyTel Acquisition, LLC",AxB,Appendix B: Franchises,,https://topeka.municipal.codes/TMC/AxB_ArtXV
Section,AxB_ArtXV_1,AxB Art. XV § 1,Section 1. [Generally.],AxB,Appendix B: Franchises,,https://topeka.municipal.codes/TMC/AxB_ArtXV_1
Section,AxB_ArtXV_2,AxB Art. XV § 2,Section 2. [Definitions.],AxB,Appendix B: Franchises,,https://topeka.municipal.codes/TMC/AxB_ArtXV_2
Section,AxB_ArtXV_3,AxB Art. XV § 3,Section 3. [Compensation.],AxB,Appendix B: Franchises,,https://topeka.municipal.codes/TMC/AxB_ArtXV_3
Section,AxB_ArtXV_4,AxB Art. XV § 4,Section 4. [Records.],AxB,Appendix B: Franchises,,https://topeka.municipal.codes/TMC/AxB_ArtXV_4
Section,AxB_ArtXV_5,AxB Art. XV § 5,Section 5. [City’s Right-of-Way.],AxB,Appendix B: Franchises,,https://topeka.municipal.codes/TMC/AxB_ArtXV_5
Section,AxB_ArtXV_6,AxB Art. XV § 6,Section 6. [Indemnity and hold harmless.],AxB,Appendix B: Franchises,,https://topeka.municipal.codes/TMC/AxB_ArtXV_6
Section,AxB_ArtXV_7,AxB Art. XV § 7,Section 7. [Requirements.],AxB,Appendix B: Franchises,,https://topeka.municipal.codes/TMC/AxB_ArtXV_7
Section,AxB_ArtXV_8,AxB Art. XV § 8,Section 8. [Exclusive privileges.],AxB,Appendix B: Franchises,,https://topeka.municipal.codes/TMC/AxB_ArtXV_8
Section,AxB_ArtXV_9,AxB Art. XV § 9,Section 9. [Franchise fee.],AxB,Appendix B: Franchises,,https://topeka.municipal.codes/TMC/AxB_ArtXV_9
Section,AxB_ArtXV_10,AxB Art. XV § 10,Section 10. [Conditions of Franchise.],AxB,Appendix B: Franchises,,https://topeka.municipal.codes/TMC/AxB_ArtXV_10
Section,AxB_ArtXV_11,AxB Art. XV § 11,Section 11. [Required or permitted notice.],AxB,Appendix B: Franchises,,https://topeka.municipal.codes/TMC/AxB_ArtXV_11
Section,AxB_ArtXV_12,AxB Art. XV § 12,Section 12. [Noncompliance.],AxB,Appendix B: Franchises,,https://topeka.municipal.codes/TMC/AxB_ArtXV_12
Section,AxB_ArtXV_13,AxB Art. XV § 13,Section 13. [Disasters beyond control.],AxB,Appendix B: Franchises,,https://topeka.municipal.codes/TMC/AxB_ArtXV_13
Section,AxB_ArtXV_14,AxB Art. XV § 14,Section 14. [Invalidity of Ordinance.],AxB,Appendix B: Franchises,,https://topeka.municipal.codes/TMC/AxB_ArtXV_14
Section,AxB_ArtXV_15,AxB Art. XV § 15,Section 15. [Legal rights.],AxB,Appendix B: Franchises,,https://topeka.municipal.codes/TMC/AxB_ArtXV_15
Section,AxB_ArtXV_16,AxB Art. XV § 16,Section 16. [Penalties.],AxB,Appendix B: Franchises,,https://topeka.municipal.codes/TMC/AxB_ArtXV_16
Section,AxB_ArtXV_17,AxB Art. XV § 17,Section 17. [Effective.],AxB,Appendix B: Franchises,,https://topeka.municipal.codes/TMC/AxB_ArtXV_17
Section,AxB_ArtXV_18,AxB Art. XV § 18,"Section 18. [Passage, approval and publication.]",AxB,Appendix B: Franchises,,https://topeka.municipal.codes/TMC/AxB_ArtXV_18
Article,AxB_ArtXVI,AxB Art. XVI,"XVI YourTel America, Inc.",AxB,Appendix B: Franchises,,https://topeka.municipal.codes/TMC/AxB_ArtXVI
Section,AxB_ArtXVI_1,AxB Art. XVI § 1,Section 1. [Generally.],AxB,Appendix B: Franchises,,https://topeka.municipal.codes/TMC/AxB_ArtXVI_1
Section,AxB_ArtXVI_2,AxB Art. XVI § 2,Section 2. [Definitions.],AxB,Appendix B: Franchises,,https://topeka.municipal.codes/TMC/AxB_ArtXVI_2
Section,AxB_ArtXVI_3,AxB Art. XVI § 3,Section 3. Compensation.,AxB,Appendix B: Franchises,,https://topeka.municipal.codes/TMC/AxB_ArtXVI_3
Section,AxB_ArtXVI_4,AxB Art. XVI § 4,Section 4. Records.,AxB,Appendix B: Franchises,,https://topeka.municipal.codes/TMC/AxB_ArtXVI_4
Section,AxB_ArtXVI_5,AxB Art. XVI § 5,Section 5. City’s Right-of-Way.,AxB,Appendix B: Franchises,,https://topeka.municipal.codes/TMC/AxB_ArtXVI_5
Section,AxB_ArtXVI_6,AxB Art. XVI § 6,Section 6. Indemnity and hold harmless.,AxB,Appendix B: Franchises,,https://topeka.municipal.codes/TMC/AxB_ArtXVI_6
Section,AxB_ArtXVI_7,AxB Art. XVI § 7,Section 7. [Requirements.],AxB,Appendix B: Franchises,,https://topeka.municipal.codes/TMC/AxB_ArtXVI_7
Section,AxB_ArtXVI_8,AxB Art. XVI § 8,Section 8. Exclusive privileges.,AxB,Appendix B: Franchises,,https://topeka.municipal.codes/TMC/AxB_ArtXVI_8
Section,AxB_ArtXVI_9,AxB Art. XVI § 9,Section 9. Franchise fee.,AxB,Appendix B: Franchises,,https://topeka.municipal.codes/TMC/AxB_ArtXVI_9
Section,AxB_ArtXVI_10,AxB Art. XVI § 10,Section 10. Conditions of franchise.,AxB,Appendix B: Franchises,,https://topeka.municipal.codes/TMC/AxB_ArtXVI_10
Section,AxB_ArtXVI_11,AxB Art. XVI § 11,Section 11. Required or permitted notice.,AxB,Appendix B: Franchises,,https://topeka.municipal.codes/TMC/AxB_ArtXVI_11
Section,AxB_ArtXVI_12,AxB Art. XVI § 12,Section 12. Noncompliance.,AxB,Appendix B: Franchises,,https://topeka.municipal.codes/TMC/AxB_ArtXVI_12
Section,AxB_ArtXVI_13,AxB Art. XVI § 13,Section 13. Disasters beyond control.,AxB,Appendix B: Franchises,,https://topeka.municipal.codes/TMC/AxB_ArtXVI_13
Section,AxB_ArtXVI_14,AxB Art. XVI § 14,Section 14. Invalidity of ordinance.,AxB,Appendix B: Franchises,,https://topeka.municipal.codes/TMC/AxB_ArtXVI_14
Section,AxB_ArtXVI_15,AxB Art. XVI § 15,Section 15. [Legal rights.],AxB,Appendix B: Franchises,,https://topeka.municipal.codes/TMC/AxB_ArtXVI_15
Section,AxB_ArtXVI_16,AxB Art. XVI § 16,Section 16. [Penalties.],AxB,Appendix B: Franchises,,https://topeka.municipal.codes/TMC/AxB_ArtXVI_16
Section,AxB_ArtXVI_17,AxB Art. XVI § 17,Section 17. [Savings clause.],AxB,Appendix B: Franchises,,https://topeka.municipal.codes/TMC/AxB_ArtXVI_17
Section,AxB_ArtXVI_18,AxB Art. XVI § 18,Section 18. [Effective date of ordinance.],AxB,Appendix B: Franchises,,https://topeka.municipal.codes/TMC/AxB_ArtXVI_18
Article,AxB_ArtXVII,AxB Art. XVII,"XVII Ideatek Telcom, LLC",AxB,Appendix B: Franchises,,https://topeka.municipal.codes/TMC/AxB_ArtXVII
Section,AxB_ArtXVII_1,AxB Art. XVII § 1,Section 1. [DEFINITIONS.],AxB,Appendix B: Franchises,,https://topeka.municipal.codes/TMC/AxB_ArtXVII_1
Section,AxB_ArtXVII_2,AxB Art. XVII § 2,Section 2. [GRANT OF CONTRACT FRANCHISE.],AxB,Appendix B: Franchises,,https://topeka.municipal.codes/TMC/AxB_ArtXVII_2
Section,AxB_ArtXVII_3,AxB Art. XVII § 3,Section 3. [USE OF PUBLIC RIGHT-OF-WAY.],AxB,Appendix B: Franchises,,https://topeka.municipal.codes/TMC/AxB_ArtXVII_3
Section,AxB_ArtXVII_4,AxB Art. XVII § 4,Section 4. [COMPENSATION TO THE CITY.],AxB,Appendix B: Franchises,,https://topeka.municipal.codes/TMC/AxB_ArtXVII_4
Section,AxB_ArtXVII_5,AxB Art. XVII § 5,Section 5. [RECORD REVIEW.],AxB,Appendix B: Franchises,,https://topeka.municipal.codes/TMC/AxB_ArtXVII_5
Section,AxB_ArtXVII_6,AxB Art. XVII § 6,Section 6. [RESOLD SERVICES.],AxB,Appendix B: Franchises,,https://topeka.municipal.codes/TMC/AxB_ArtXVII_6
Section,AxB_ArtXVII_7,AxB Art. XVII § 7,Section 7. [INDEMNITY AND HOLD HARMLESS.],AxB,Appendix B: Franchises,,https://topeka.municipal.codes/TMC/AxB_ArtXVII_7
Section,AxB_ArtXVII_8,AxB Art. XVII § 8,Section 8. [INSURANCE REQUIREMENT.],AxB,Appendix B: Franchises,,https://topeka.municipal.codes/TMC/AxB_ArtXVII_8
Section,AxB_ArtXVII_9,AxB Art. XVII § 9,Section 9. [REVOCATION AND TERMINATION.],AxB,Appendix B: Franchises,,https://topeka.municipal.codes/TMC/AxB_ArtXVII_9
Section,AxB_ArtXVII_10,AxB Art. XVII § 10,Section 10. [RESERVATION OF RIGHTS.],AxB,Appendix B: Franchises,,https://topeka.municipal.codes/TMC/AxB_ArtXVII_10
Section,AxB_ArtXVII_11,AxB Art. XVII § 11,Section 11. [FAILURE TO ENFORCE.],AxB,Appendix B: Franchises,,https://topeka.municipal.codes/TMC/AxB_ArtXVII_11
Section,AxB_ArtXVII_12,AxB Art. XVII § 12,Section 12. [TERM AND TERMINATION DATE.],AxB,Appendix B: Franchises,,https://topeka.municipal.codes/TMC/AxB_ArtXVII_12
Section,AxB_ArtXVII_13,AxB Art. XVII § 13,Section 13. [POINT OF CONTACT AND NOTICES.],AxB,Appendix B: Franchises,,https://topeka.municipal.codes/TMC/AxB_ArtXVII_13
Section,AxB_ArtXVII_14,AxB Art. XVII § 14,Section 14. [CONFIDENTIALITY.],AxB,Appendix B: Franchises,,https://topeka.municipal.codes/TMC/AxB_ArtXVII_14
Section,AxB_ArtXVII_15,AxB Art. XVII § 15,Section 15. [COMPETITIVE NEUTRALITY.],AxB,Appendix B: Franchises,,https://topeka.municipal.codes/TMC/AxB_ArtXVII_15
Section,AxB_ArtXVII_16,AxB Art. XVII § 16,Section 16. [MOST-FAVORED MUNICIPALITY.],AxB,Appendix B: Franchises,,https://topeka.municipal.codes/TMC/AxB_ArtXVII_16
Section,AxB_ArtXVII_17,AxB Art. XVII § 17,Section 17. [MOST FAVORED PROVIDER.],AxB,Appendix B: Franchises,,https://topeka.municipal.codes/TMC/AxB_ArtXVII_17
Section,AxB_ArtXVII_18,AxB Art. XVII § 18,Section 18. [SEVERABILITY.],AxB,Appendix B: Franchises,,https://topeka.municipal.codes/TMC/AxB_ArtXVII_18
Section,AxB_ArtXVII_19,AxB Art. XVII § 19,Section 19. [FORCE MAJEURE.],AxB,Appendix B: Franchises,,https://topeka.municipal.codes/TMC/AxB_ArtXVII_19
Section,AxB_ArtXVII_20,AxB Art. XVII § 20,Section 20. [SUMMARY PUBLICATION.],AxB,Appendix B: Franchises,,https://topeka.municipal.codes/TMC/AxB_ArtXVII_20
Section,AxB_ArtXVII_21,AxB Art. XVII § 21,Section 21. [GENERAL PROVISIONS.],AxB,Appendix B: Franchises,,https://topeka.municipal.codes/TMC/AxB_ArtXVII_21
Article,AxB_ArtXVIII,AxB Art. XVIII,XVIII Reserved,AxB,Appendix B: Franchises,,https://topeka.municipal.codes/TMC/AxB_ArtXVIII
Article,AxB_ArtXIX,AxB Art. XIX,"XIX Birch Telecom of Kansas, Inc.",AxB,Appendix B: Franchises,,https://topeka.municipal.codes/TMC/AxB_ArtXIX
Section,AxB_ArtXIX_1,AxB Art. XIX § 1,Section 1. [Generally.],AxB,Appendix B: Franchises,,https://topeka.municipal.codes/TMC/AxB_ArtXIX_1
Section,AxB_ArtXIX_2,AxB Art. XIX § 2,Section 2. [Definitions.],AxB,Appendix B: Franchises,,https://topeka.municipal.codes/TMC/AxB_ArtXIX_2
Section,AxB_ArtXIX_3,AxB Art. XIX § 3,Section 3. [Compensation.],AxB,Appendix B: Franchises,,https://topeka.municipal.codes/TMC/AxB_ArtXIX_3
Section,AxB_ArtXIX_4,AxB Art. XIX § 4,Section 4. [Records.],AxB,Appendix B: Franchises,,https://topeka.municipal.codes/TMC/AxB_ArtXIX_4
Section,AxB_ArtXIX_5,AxB Art. XIX § 5,Section 5. [City’s Right-of-Way.],AxB,Appendix B: Franchises,,https://topeka.municipal.codes/TMC/AxB_ArtXIX_5
Section,AxB_ArtXIX_6,AxB Art. XIX § 6,Section 6. [Indemnity and hold harmless.],AxB,Appendix B: Franchises,,https://topeka.municipal.codes/TMC/AxB_ArtXIX_6
Section,AxB_ArtXIX_7,AxB Art. XIX § 7,Section 7. [Requirements.],AxB,Appendix B: Franchises,,https://topeka.municipal.codes/TMC/AxB_ArtXIX_7
Section,AxB_ArtXIX_8,AxB Art. XIX § 8,Section 8. [Exclusive privileges.],AxB,Appendix B: Franchises,,https://topeka.municipal.codes/TMC/AxB_ArtXIX_8
Section,AxB_ArtXIX_9,AxB Art. XIX § 9,Section 9. [Franchise fee.],AxB,Appendix B: Franchises,,https://topeka.municipal.codes/TMC/AxB_ArtXIX_9
Section,AxB_ArtXIX_10,AxB Art. XIX § 10,Section 10. [Conditions of franchise.],AxB,Appendix B: Franchises,,https://topeka.municipal.codes/TMC/AxB_ArtXIX_10
Section,AxB_ArtXIX_11,AxB Art. XIX § 11,Section 11. [Required or permitted notice.],AxB,Appendix B: Franchises,,https://topeka.municipal.codes/TMC/AxB_ArtXIX_11
Section,AxB_ArtXIX_12,AxB Art. XIX § 12,Section 12. Noncompliance.,AxB,Appendix B: Franchises,,https://topeka.municipal.codes/TMC/AxB_ArtXIX_12
Section,AxB_ArtXIX_13,AxB Art. XIX § 13,Section 13. [Disasters beyond control.],AxB,Appendix B: Franchises,,https://topeka.municipal.codes/TMC/AxB_ArtXIX_13
Section,AxB_ArtXIX_14,AxB Art. XIX § 14,Section 14. [Invalidity of ordinance.],AxB,Appendix B: Franchises,,https://topeka.municipal.codes/TMC/AxB_ArtXIX_14
Section,AxB_ArtXIX_15,AxB Art. XIX § 15,Section 15. [Legal rights.],AxB,Appendix B: Franchises,,https://topeka.municipal.codes/TMC/AxB_ArtXIX_15
Section,AxB_ArtXIX_16,AxB Art. XIX § 16,Section 16. [Penalties.],AxB,Appendix B: Franchises,,https://topeka.municipal.codes/TMC/AxB_ArtXIX_16
Section,AxB_ArtXIX_17,AxB Art. XIX § 17,Section 17. [Effective date of ordinance.],AxB,Appendix B: Franchises,,https://topeka.municipal.codes/TMC/AxB_ArtXIX_17
Article,AxB_ArtXX,AxB Art. XX,"XX Ionex Communications, Inc.",AxB,Appendix B: Franchises,,https://topeka.municipal.codes/TMC/AxB_ArtXX
Section,AxB_ArtXX_1,AxB Art. XX § 1,Section 1. [Generally.],AxB,Appendix B: Franchises,,https://topeka.municipal.codes/TMC/AxB_ArtXX_1
Section,AxB_ArtXX_2,AxB Art. XX § 2,Section 2. [Definitions.],AxB,Appendix B: Franchises,,https://topeka.municipal.codes/TMC/AxB_ArtXX_2
Section,AxB_ArtXX_3,AxB Art. XX § 3,Section 3. [Compensation.],AxB,Appendix B: Franchises,,https://topeka.municipal.codes/TMC/AxB_ArtXX_3
Section,AxB_ArtXX_4,AxB Art. XX § 4,Section 4. [Records.],AxB,Appendix B: Franchises,,https://topeka.municipal.codes/TMC/AxB_ArtXX_4
Section,AxB_ArtXX_5,AxB Art. XX § 5,Section 5. [City’s Rights-of-Way.],AxB,Appendix B: Franchises,,https://topeka.municipal.codes/TMC/AxB_ArtXX_5
Section,AxB_ArtXX_6,AxB Art. XX § 6,Section 6. [Indemnity and hold harmless.],AxB,Appendix B: Franchises,,https://topeka.municipal.codes/TMC/AxB_ArtXX_6
Section,AxB_ArtXX_7,AxB Art. XX § 7,Section 7. [Requirements.],AxB,Appendix B: Franchises,,https://topeka.municipal.codes/TMC/AxB_ArtXX_7
Section,AxB_ArtXX_8,AxB Art. XX § 8,Section 8. [Exclusive privileges.],AxB,Appendix B: Franchises,,https://topeka.municipal.codes/TMC/AxB_ArtXX_8
Section,AxB_ArtXX_9,AxB Art. XX § 9,Section 9. [Franchise fee.],AxB,Appendix B: Franchises,,https://topeka.municipal.codes/TMC/AxB_ArtXX_9
Section,AxB_ArtXX_10,AxB Art. XX § 10,Section 10. [Conditions of franchise.],AxB,Appendix B: Franchises,,https://topeka.municipal.codes/TMC/AxB_ArtXX_10
Section,AxB_ArtXX_11,AxB Art. XX § 11,Section 11. [Required or permitted notice.],AxB,Appendix B: Franchises,,https://topeka.municipal.codes/TMC/AxB_ArtXX_11
Section,AxB_ArtXX_12,AxB Art. XX § 12,Section 12. [Noncompliance.],AxB,Appendix B: Franchises,,https://topeka.municipal.codes/TMC/AxB_ArtXX_12
Section,AxB_ArtXX_13,AxB Art. XX § 13,Section 13. [Disasters beyond control.],AxB,Appendix B: Franchises,,https://topeka.municipal.codes/TMC/AxB_ArtXX_13
Section,AxB_ArtXX_14,AxB Art. XX § 14,Section 14. [Invalidity of ordinance.],AxB,Appendix B: Franchises,,https://topeka.municipal.codes/TMC/AxB_ArtXX_14
Section,AxB_ArtXX_15,AxB Art. XX § 15,Section 15. [Legal rights.],AxB,Appendix B: Franchises,,https://topeka.municipal.codes/TMC/AxB_ArtXX_15
Section,AxB_ArtXX_16,AxB Art. XX § 16,Section 16. [Penalties.],AxB,Appendix B: Franchises,,https://topeka.municipal.codes/TMC/AxB_ArtXX_16
Section,AxB_ArtXX_17,AxB Art. XX § 17,Section 17. [Effective date of ordinance.],AxB,Appendix B: Franchises,,https://topeka.municipal.codes/TMC/AxB_ArtXX_17
Article,AxB_ArtXXI,AxB Art. XXI,XXI Reserved,AxB,Appendix B: Franchises,,https://topeka.municipal.codes/TMC/AxB_ArtXXI
Article,AxB_ArtXXII,AxB Art. XXII,XXII Reserved,AxB,Appendix B: Franchises,,https://topeka.municipal.codes/TMC/AxB_ArtXXII
Article,AxB_ArtXXIII,AxB Art. XXIII,XXIII Reserved,AxB,Appendix B: Franchises,,https://topeka.municipal.codes/TMC/AxB_ArtXXIII
Article,AxB_ArtXXIV,AxB Art. XXIV,XXIV Reserved,AxB,Appendix B: Franchises,,https://topeka.municipal.codes/TMC/AxB_ArtXXIV
Article,AxB_ArtXXV,AxB Art. XXV,XXV Reserved,AxB,Appendix B: Franchises,,https://topeka.municipal.codes/TMC/AxB_ArtXXV
Article,AxB_ArtXXVI,AxB Art. XXVI,"XXVI Sage Telecom, Inc.",AxB,Appendix B: Franchises,,https://topeka.municipal.codes/TMC/AxB_ArtXXVI
Section,AxB_ArtXXVI_1,AxB Art. XXVI § 1,Section 1. [Generally.],AxB,Appendix B: Franchises,,https://topeka.municipal.codes/TMC/AxB_ArtXXVI_1
Section,AxB_ArtXXVI_2,AxB Art. XXVI § 2,Section 2. [Definitions.],AxB,Appendix B: Franchises,,https://topeka.municipal.codes/TMC/AxB_ArtXXVI_2
Section,AxB_ArtXXVI_3,AxB Art. XXVI § 3,Section 3. [Compensation.],AxB,Appendix B: Franchises,,https://topeka.municipal.codes/TMC/AxB_ArtXXVI_3
Section,AxB_ArtXXVI_4,AxB Art. XXVI § 4,Section 4. [Records.],AxB,Appendix B: Franchises,,https://topeka.municipal.codes/TMC/AxB_ArtXXVI_4
Section,AxB_ArtXXVI_5,AxB Art. XXVI § 5,Section 5. [City’s Right-of-Way.],AxB,Appendix B: Franchises,,https://topeka.municipal.codes/TMC/AxB_ArtXXVI_5
Section,AxB_ArtXXVI_6,AxB Art. XXVI § 6,Section 6. [Indemnity and hold harmless.],AxB,Appendix B: Franchises,,https://topeka.municipal.codes/TMC/AxB_ArtXXVI_6
Section,AxB_ArtXXVI_7,AxB Art. XXVI § 7,Section 7. [Requirements.],AxB,Appendix B: Franchises,,https://topeka.municipal.codes/TMC/AxB_ArtXXVI_7
Section,AxB_ArtXXVI_8,AxB Art. XXVI § 8,Section 8. [Exclusive privileges.],AxB,Appendix B: Franchises,,https://topeka.municipal.codes/TMC/AxB_ArtXXVI_8
Section,AxB_ArtXXVI_9,AxB Art. XXVI § 9,Section 9. [Franchise fee.],AxB,Appendix B: Franchises,,https://topeka.municipal.codes/TMC/AxB_ArtXXVI_9
Section,AxB_ArtXXVI_10,AxB Art. XXVI § 10,Section 10. [Conditions of franchise.],AxB,Appendix B: Franchises,,https://topeka.municipal.codes/TMC/AxB_ArtXXVI_10
Section,AxB_ArtXXVI_11,AxB Art. XXVI § 11,Section 11. [Required or permitted notice.],AxB,Appendix B: Franchises,,https://topeka.municipal.codes/TMC/AxB_ArtXXVI_11
Section,AxB_ArtXXVI_12,AxB Art. XXVI § 12,Section 12. [Noncompliance.],AxB,Appendix B: Franchises,,https://topeka.municipal.codes/TMC/AxB_ArtXXVI_12
Section,AxB_ArtXXVI_13,AxB Art. XXVI § 13,Section 13. [Disasters beyond control.],AxB,Appendix B: Franchises,,https://topeka.municipal.codes/TMC/AxB_ArtXXVI_13
Section,AxB_ArtXXVI_14,AxB Art. XXVI § 14,Section 14. [Invalidity of ordinance.],AxB,Appendix B: Franchises,,https://topeka.municipal.codes/TMC/AxB_ArtXXVI_14
Section,AxB_ArtXXVI_15,AxB Art. XXVI § 15,Section 15. [Legal rights.],AxB,Appendix B: Franchises,,https://topeka.municipal.codes/TMC/AxB_ArtXXVI_15
Section,AxB_ArtXXVI_16,AxB Art. XXVI § 16,Section 16. [Penalties.],AxB,Appendix B: Franchises,,https://topeka.municipal.codes/TMC/AxB_ArtXXVI_16
Section,AxB_ArtXXVI_17,AxB Art. XXVI § 17,Section 17. [Effective date of ordinance.],AxB,Appendix B: Franchises,,https://topeka.municipal.codes/TMC/AxB_ArtXXVI_17
Article,AxB_ArtXXVII,AxB Art. XXVII,XXVII Reserved,AxB,Appendix B: Franchises,,https://topeka.municipal.codes/TMC/AxB_ArtXXVII
Article,AxB_ArtXXVIII,AxB Art. XXVIII,XXVIII Reserved,AxB,Appendix B: Franchises,,https://topeka.municipal.codes/TMC/AxB_ArtXXVIII
Article,AxB_ArtXXIX,AxB Art. XXIX,XXIX Broadband Dynamics,AxB,Appendix B: Franchises,,https://topeka.municipal.codes/TMC/AxB_ArtXXIX
Section,AxB_ArtXXIX_1,AxB Art. XXIX § 1,Section 1. [Generally.],AxB,Appendix B: Franchises,,https://topeka.municipal.codes/TMC/AxB_ArtXXIX_1
Section,AxB_ArtXXIX_2,AxB Art. XXIX § 2,Section 2. [Definitions.],AxB,Appendix B: Franchises,,https://topeka.municipal.codes/TMC/AxB_ArtXXIX_2
Section,AxB_ArtXXIX_3,AxB Art. XXIX § 3,Section 3. [Compensation.],AxB,Appendix B: Franchises,,https://topeka.municipal.codes/TMC/AxB_ArtXXIX_3
Section,AxB_ArtXXIX_4,AxB Art. XXIX § 4,Section 4. [Records.],AxB,Appendix B: Franchises,,https://topeka.municipal.codes/TMC/AxB_ArtXXIX_4
Section,AxB_ArtXXIX_5,AxB Art. XXIX § 5,Section 5. [City’s right-of-way.],AxB,Appendix B: Franchises,,https://topeka.municipal.codes/TMC/AxB_ArtXXIX_5
Section,AxB_ArtXXIX_6,AxB Art. XXIX § 6,Section 6. [Indemnity and hold harmless.],AxB,Appendix B: Franchises,,https://topeka.municipal.codes/TMC/AxB_ArtXXIX_6
Section,AxB_ArtXXIX_7,AxB Art. XXIX § 7,Section 7. [Requirements.],AxB,Appendix B: Franchises,,https://topeka.municipal.codes/TMC/AxB_ArtXXIX_7
Section,AxB_ArtXXIX_8,AxB Art. XXIX § 8,Section 8. [Exclusive privileges.],AxB,Appendix B: Franchises,,https://topeka.municipal.codes/TMC/AxB_ArtXXIX_8
Section,AxB_ArtXXIX_9,AxB Art. XXIX § 9,Section 9. [Franchise fee.],AxB,Appendix B: Franchises,,https://topeka.municipal.codes/TMC/AxB_ArtXXIX_9
Section,AxB_ArtXXIX_10,AxB Art. XXIX § 10,Section 10. [Conditions of franchise.],AxB,Appendix B: Franchises,,https://topeka.municipal.codes/TMC/AxB_ArtXXIX_10
Section,AxB_ArtXXIX_11,AxB Art. XXIX § 11,Section 11. [Required or permitted notice.],AxB,Appendix B: Franchises,,https://topeka.municipal.codes/TMC/AxB_ArtXXIX_11
Section,AxB_ArtXXIX_12,AxB Art. XXIX § 12,Section 12. [Noncompliance.],AxB,Appendix B: Franchises,,https://topeka.municipal.codes/TMC/AxB_ArtXXIX_12
Section,AxB_ArtXXIX_13,AxB Art. XXIX § 13,Section 13. [Disasters beyond control.],AxB,Appendix B: Franchises,,https://topeka.municipal.codes/TMC/AxB_ArtXXIX_13
Section,AxB_ArtXXIX_14,AxB Art. XXIX § 14,Section 14. [Invalidity of ordinance.],AxB,Appendix B: Franchises,,https://topeka.municipal.codes/TMC/AxB_ArtXXIX_14
Section,AxB_ArtXXIX_15,AxB Art. XXIX § 15,Section 15. [Legal rights.],AxB,Appendix B: Franchises,,https://topeka.municipal.codes/TMC/AxB_ArtXXIX_15
Section,AxB_ArtXXIX_16,AxB Art. XXIX § 16,Section 16. [Penalties.],AxB,Appendix B: Franchises,,https://topeka.municipal.codes/TMC/AxB_ArtXXIX_16
Section,AxB_ArtXXIX_17,AxB Art. XXIX § 17,Section 17. [Effective date of ordinance.],AxB,Appendix B: Franchises,,https://topeka.municipal.codes/TMC/AxB_ArtXXIX_17
Article,AxB_ArtXXX,AxB Art. XXX,XXX Mobilitie LLC,AxB,Appendix B: Franchises,,https://topeka.municipal.codes/TMC/AxB_ArtXXX
Section,AxB_ArtXXX_1,AxB Art. XXX § 1,Section 1. Definitions.,AxB,Appendix B: Franchises,,https://topeka.municipal.codes/TMC/AxB_ArtXXX_1
Section,AxB_ArtXXX_2,AxB Art. XXX § 2,Section 2. Grant of Franchise.,AxB,Appendix B: Franchises,,https://topeka.municipal.codes/TMC/AxB_ArtXXX_2
Section,AxB_ArtXXX_3,AxB Art. XXX § 3,Section 3. Use of Public Right-of-Way.,AxB,Appendix B: Franchises,,https://topeka.municipal.codes/TMC/AxB_ArtXXX_3
Section,AxB_ArtXXX_4,AxB Art. XXX § 4,Section 4. Removal Due to Public Project.,AxB,Appendix B: Franchises,,https://topeka.municipal.codes/TMC/AxB_ArtXXX_4
Section,AxB_ArtXXX_5,AxB Art. XXX § 5,Section 5. Grantee’s Facilities.,AxB,Appendix B: Franchises,,https://topeka.municipal.codes/TMC/AxB_ArtXXX_5
Section,AxB_ArtXXX_6,AxB Art. XXX § 6,Section 6. Interference.,AxB,Appendix B: Franchises,,https://topeka.municipal.codes/TMC/AxB_ArtXXX_6
Section,AxB_ArtXXX_7,AxB Art. XXX § 7,Section 7. Compensation to the City.,AxB,Appendix B: Franchises,,https://topeka.municipal.codes/TMC/AxB_ArtXXX_7
Section,AxB_ArtXXX_8,AxB Art. XXX § 8,Section 8. Indemnity and Hold Harmless.,AxB,Appendix B: Franchises,,https://topeka.municipal.codes/TMC/AxB_ArtXXX_8
Section,AxB_ArtXXX_9,AxB Art. XXX § 9,Section 9. Insurance Requirement and Performance Bond.,AxB,Appendix B: Franchises,,https://topeka.municipal.codes/TMC/AxB_ArtXXX_9
Section,AxB_ArtXXX_10,AxB Art. XXX § 10,Section 10. Revocation and Termination.,AxB,Appendix B: Franchises,,https://topeka.municipal.codes/TMC/AxB_ArtXXX_10
Section,AxB_ArtXXX_11,AxB Art. XXX § 11,Section 11. Reservation of Rights.,AxB,Appendix B: Franchises,,https://topeka.municipal.codes/TMC/AxB_ArtXXX_11
Section,AxB_ArtXXX_12,AxB Art. XXX § 12,Section 12. Failure to Enforce.,AxB,Appendix B: Franchises,,https://topeka.municipal.codes/TMC/AxB_ArtXXX_12
Section,AxB_ArtXXX_13,AxB Art. XXX § 13,Section 13. Term and Termination Provisions.,AxB,Appendix B: Franchises,,https://topeka.municipal.codes/TMC/AxB_ArtXXX_13
Section,AxB_ArtXXX_14,AxB Art. XXX § 14,Section 14. Removal Due to Termination.,AxB,Appendix B: Franchises,,https://topeka.municipal.codes/TMC/AxB_ArtXXX_14
Section,AxB_ArtXXX_15,AxB Art. XXX § 15,Section 15. Abandonment.,AxB,Appendix B: Franchises,,https://topeka.municipal.codes/TMC/AxB_ArtXXX_15
Section,AxB_ArtXXX_16,AxB Art. XXX § 16,Section 16. Point of Contact and Notices.,AxB,Appendix B: Franchises,,https://topeka.municipal.codes/TMC/AxB_ArtXXX_16
Section,AxB_ArtXXX_17,AxB Art. XXX § 17,Section 17. Transfer and Assignment.,AxB,Appendix B: Franchises,,https://topeka.municipal.codes/TMC/AxB_ArtXXX_17
Section,AxB_ArtXXX_18,AxB Art. XXX § 18,Section 18. Severability.,AxB,Appendix B: Franchises,,https://topeka.municipal.codes/TMC/AxB_ArtXXX_18
Section,AxB_ArtXXX_19,AxB Art. XXX § 19,Section 19. Acceptance of Terms by Grantee.,AxB,Appendix B: Franchises,,https://topeka.municipal.codes/TMC/AxB_ArtXXX_19
Section,AxB_ArtXXX_20,AxB Art. XXX § 20,Section 20. Effective Date of Contract and Ordinance.,AxB,Appendix B: Franchises,,https://topeka.municipal.codes/TMC/AxB_ArtXXX_20
Article,AxB_ArtXXXI,AxB Art. XXXI,XXXI MCImetro Access Transmission Services,AxB,Appendix B: Franchises,,https://topeka.municipal.codes/TMC/AxB_ArtXXXI
Section,AxB_ArtXXXI_1,AxB Art. XXXI § 1,SECTION 1. DEFINITIONS,AxB,Appendix B: Franchises,,https://topeka.municipal.codes/TMC/AxB_ArtXXXI_1
Section,AxB_ArtXXXI_2,AxB Art. XXXI § 2,SECTION 2. GRANT OF CONTRACT FRANCHISE,AxB,Appendix B: Franchises,,https://topeka.municipal.codes/TMC/AxB_ArtXXXI_2
Section,AxB_ArtXXXI_3,AxB Art. XXXI § 3,SECTION 3. USE OF PUBLIC RIGHT-OF-WAY,AxB,Appendix B: Franchises,,https://topeka.municipal.codes/TMC/AxB_ArtXXXI_3
Section,AxB_ArtXXXI_4,AxB Art. XXXI § 4,SECTION 4. COMPENSATION TO THE CITY,AxB,Appendix B: Franchises,,https://topeka.municipal.codes/TMC/AxB_ArtXXXI_4
Section,AxB_ArtXXXI_5,AxB Art. XXXI § 5,SECTION 5. RECORD REVIEW,AxB,Appendix B: Franchises,,https://topeka.municipal.codes/TMC/AxB_ArtXXXI_5
Section,AxB_ArtXXXI_6,AxB Art. XXXI § 6,SECTION 6. RESOLD SERVICES,AxB,Appendix B: Franchises,,https://topeka.municipal.codes/TMC/AxB_ArtXXXI_6
Section,AxB_ArtXXXI_7,AxB Art. XXXI § 7,SECTION 7. INDEMNITY AND HOLD HARMLESS,AxB,Appendix B: Franchises,,https://topeka.municipal.codes/TMC/AxB_ArtXXXI_7
Section,AxB_ArtXXXI_8,AxB Art. XXXI § 8,SECTION 8. INSURANCE REQUIREMENT,AxB,Appendix B: Franchises,,https://topeka.municipal.codes/TMC/AxB_ArtXXXI_8
Section,AxB_ArtXXXI_9,AxB Art. XXXI § 9,SECTION 9. REVOCATION AND TERMINATION,AxB,Appendix B: Franchises,,https://topeka.municipal.codes/TMC/AxB_ArtXXXI_9
Section,AxB_ArtXXXI_10,AxB Art. XXXI § 10,SECTION 10. RESERVATION OF RIGHTS,AxB,Appendix B: Franchises,,https://topeka.municipal.codes/TMC/AxB_ArtXXXI_10
Section,AxB_ArtXXXI_11,AxB Art. XXXI § 11,SECTION 11. FAILURE TO ENFORCE,AxB,Appendix B: Franchises,,https://topeka.municipal.codes/TMC/AxB_ArtXXXI_11
Section,AxB_ArtXXXI_12,AxB Art. XXXI § 12,SECTION 12. TERM AND TERMINATION DATE,AxB,Appendix B: Franchises,,https://topeka.municipal.codes/TMC/AxB_ArtXXXI_12
Section,AxB_ArtXXXI_13,AxB Art. XXXI § 13,SECTION 13. POINT OF CONTACT AND NOTICES,AxB,Appendix B: Franchises,,https://topeka.municipal.codes/TMC/AxB_ArtXXXI_13
Section,AxB_ArtXXXI_14,AxB Art. XXXI § 14,SECTION 14. CONFIDENTIALITY,AxB,Appendix B: Franchises,,https://topeka.municipal.codes/TMC/AxB_ArtXXXI_14
Section,AxB_ArtXXXI_15,AxB Art. XXXI § 15,SECTION 15. COMPETITIVE NEUTRALITY,AxB,Appendix B: Franchises,,https://topeka.municipal.codes/TMC/AxB_ArtXXXI_15
Section,AxB_ArtXXXI_16,AxB Art. XXXI § 16,SECTION 16. MOST-FAVORED MUNICIPALITY,AxB,Appendix B: Franchises,,https://topeka.municipal.codes/TMC/AxB_ArtXXXI_16
Section,AxB_ArtXXXI_17,AxB Art. XXXI § 17,SECTION 17. MOST FAVORED PROVIDER,AxB,Appendix B: Franchises,,https://topeka.municipal.codes/TMC/AxB_ArtXXXI_17
Section,AxB_ArtXXXI_18,AxB Art. XXXI § 18,SECTION 18. SEVERABILITY,AxB,Appendix B: Franchises,,https://topeka.municipal.codes/TMC/AxB_ArtXXXI_18
Section,AxB_ArtXXXI_19,AxB Art. XXXI § 19,SECTION 19. FORCE MAJEURE,AxB,Appendix B: Franchises,,https://topeka.municipal.codes/TMC/AxB_ArtXXXI_19
Section,AxB_ArtXXXI_20,AxB Art. XXXI § 20,SECTION 20. SUMMARY PUBLICATION,AxB,Appendix B: Franchises,,https://topeka.municipal.codes/TMC/AxB_ArtXXXI_20
Section,AxB_ArtXXXI_21,AxB Art. XXXI § 21,SECTION 21. GENERAL PROVISIONS,AxB,Appendix B: Franchises,,https://topeka.municipal.codes/TMC/AxB_ArtXXXI_21
Table,Tables,Tables,Tables,,,,https://topeka.municipal.codes/TMC/Tables
Table,SR,SR,Statutory References,,,,https://topeka.municipal.codes/TMC/SR
Table,SC,SC,State Code Citation Table,,,,https://topeka.municipal.codes/TMC/SC
Table,CRT,CRT,Cross-Reference Table,,,,https://topeka.municipal.codes/TMC/CRT
Table,OT,OT,Enactment Table,,,,https://topeka.municipal.codes/TMC/OT
